--- NOTICE Add BEGIN WORK and COMMIT as well as the CFS2GK tables

BEGIN WORK;

--
-- PostgreSQL database dump
--

SET search_path = public, pg_catalog;

--
-- TOC entry 2 (OID 476839)
-- Name: sites; Type: TABLE; Schema: public; Owner: postgres
--

CREATE TABLE sites (
    site_id serial NOT NULL,
    sitecode character varying(255) NOT NULL,
    vhost character varying(255) DEFAULT '' NOT NULL,
    dbhost character varying(255) DEFAULT '' NOT NULL,
    dbname character varying(255) DEFAULT '' NOT NULL,
    dbport integer DEFAULT 5432 NOT NULL,
    dbuser character varying(255) DEFAULT '' NOT NULL,
    dbpw character varying(255) DEFAULT '' NOT NULL,
    driver character varying(255) DEFAULT '' NOT NULL,
    code character varying(255),
    enabled boolean DEFAULT false NOT NULL
);

--
-- TOC entry 4 (OID 476857)
-- Name: events; Type: TABLE; Schema: public; Owner: postgres
--

CREATE TABLE events (
    event_id serial NOT NULL,
    "second" character varying(64) DEFAULT '0',
    "minute" character varying(64) DEFAULT '*',
    "hour" character varying(64) DEFAULT '*',
    dayofmonth character varying(64) DEFAULT '*',
    "month" character varying(64) DEFAULT '*',
    dayofweek character varying(64) DEFAULT '*',
    "year" character varying(64) DEFAULT '*',
    task character varying(255),
    extrainfo character varying(255),
    businessdays character varying(6) DEFAULT 'true',
    enabled boolean DEFAULT false,
    entered timestamp(3) without time zone DEFAULT ('now'::text)::timestamp(6) with time zone NOT NULL
);

--
-- TOC entry 6 (OID 476877)
-- Name: events_log; Type: TABLE; Schema: public; Owner: postgres
--

CREATE TABLE events_log (
    log_id serial NOT NULL,
    event_id integer NOT NULL,
    entered timestamp(3) without time zone DEFAULT ('now'::text)::timestamp(6) with time zone NOT NULL,
    status integer,
    message text
);

--
-- Data for TOC entry 15 (OID 476857)
-- Name: events; Type: TABLE DATA; Schema: public; Owner: postgres
--

INSERT INTO events VALUES (1, '0', '*/5', '*', '*', '*', '*', '*', 'org.aspcfs.apps.notifier.Notifier#doTask', '${FILEPATH}', 'true', true, '2003-11-13 08:11:37.411');
INSERT INTO events VALUES (2, '0', '*/1', '*', '*', '*', '*', '*', 'org.aspcfs.apps.reportRunner.ReportRunner#doTask', '${FILEPATH}', 'true', true, '2003-11-13 08:11:37.411');
INSERT INTO events VALUES (3, '0', '0', '*/12', '*', '*', '*', '*', 'org.aspcfs.apps.reportRunner.ReportCleanup#doTask', '${FILEPATH}', 'true', true, '2003-11-13 08:11:37.411');
INSERT INTO events VALUES (4, '0', '0', '0', '*', '*', '*', '*', 'org.aspcfs.modules.service.tasks.GetURL#doTask', 'http://${WEBSERVER.URL}/ProcessSystem.do?command=ClearGraphData', 'true', true, '2003-11-13 08:11:37.411');

--
-- TOC entry 11 (OID 476853)
-- Name: sites_pkey; Type: CONSTRAINT; Schema: public; Owner: postgres
--

ALTER TABLE ONLY sites
    ADD CONSTRAINT sites_pkey PRIMARY KEY (site_id);


--
-- TOC entry 12 (OID 476873)
-- Name: events_pkey; Type: CONSTRAINT; Schema: public; Owner: postgres
--

ALTER TABLE ONLY events
    ADD CONSTRAINT events_pkey PRIMARY KEY (event_id);


--
-- TOC entry 13 (OID 476884)
-- Name: events_log_pkey; Type: CONSTRAINT; Schema: public; Owner: postgres
--

ALTER TABLE ONLY events_log
    ADD CONSTRAINT events_log_pkey PRIMARY KEY (log_id);


--
-- TOC entry 17 (OID 476886)
-- Name: $1; Type: CONSTRAINT; Schema: public; Owner: postgres
--

ALTER TABLE ONLY events_log
    ADD CONSTRAINT "$1" FOREIGN KEY (event_id) REFERENCES events(event_id) ON UPDATE NO ACTION ON DELETE NO ACTION;


--
-- TOC entry 8 (OID 476837)
-- Name: sites_site_id_seq; Type: SEQUENCE SET; Schema: public; Owner: postgres
--

SELECT pg_catalog.setval ('sites_site_id_seq', 1, false);


--
-- TOC entry 9 (OID 476855)
-- Name: events_event_id_seq; Type: SEQUENCE SET; Schema: public; Owner: postgres
--

SELECT pg_catalog.setval ('events_event_id_seq', 4, true);


--
-- TOC entry 10 (OID 476875)
-- Name: events_log_log_id_seq; Type: SEQUENCE SET; Schema: public; Owner: postgres
--

SELECT pg_catalog.setval ('events_log_log_id_seq', 1, false);

--
-- PostgreSQL database dump
--

SET search_path = public, pg_catalog;

--
-- TOC entry 2 (OID 130494)
-- Name: access_user_id_seq; Type: SEQUENCE; Schema: public; Owner: matt
--

CREATE SEQUENCE access_user_id_seq
    START 0
    INCREMENT 1
    MAXVALUE 9223372036854775807
    MINVALUE 0
    CACHE 1;


--
-- TOC entry 110 (OID 130496)
-- Name: access; Type: TABLE; Schema: public; Owner: matt
--

CREATE TABLE "access" (
    user_id integer DEFAULT nextval('access_user_id_seq'::text) NOT NULL,
    username character varying(80) NOT NULL,
    "password" character varying(80),
    contact_id integer DEFAULT -1,
    role_id integer DEFAULT -1,
    manager_id integer DEFAULT -1,
    startofday integer DEFAULT 8,
    endofday integer DEFAULT 18,
    locale character varying(255),
    timezone character varying(255) DEFAULT 'America/New_York',
    last_ip character varying(15),
    last_login timestamp(3) without time zone DEFAULT ('now'::text)::timestamp(6) with time zone NOT NULL,
    enteredby integer NOT NULL,
    entered timestamp(3) without time zone DEFAULT ('now'::text)::timestamp(6) with time zone NOT NULL,
    modifiedby integer NOT NULL,
    modified timestamp(3) without time zone DEFAULT ('now'::text)::timestamp(6) with time zone NOT NULL,
    expires date,
    alias integer DEFAULT -1,
    assistant integer DEFAULT -1,
    enabled boolean DEFAULT true NOT NULL
);


--
-- TOC entry 111 (OID 130518)
-- Name: lookup_industry; Type: TABLE; Schema: public; Owner: matt
--

CREATE TABLE lookup_industry (
    code serial NOT NULL,
    order_id integer,
    description character varying(50) NOT NULL,
    default_item boolean DEFAULT false,
    "level" integer DEFAULT 0,
    enabled boolean DEFAULT true
);


--
-- TOC entry 112 (OID 130528)
-- Name: access_log; Type: TABLE; Schema: public; Owner: matt
--

CREATE TABLE access_log (
    id serial NOT NULL,
    user_id integer NOT NULL,
    username character varying(80) NOT NULL,
    ip character varying(15),
    entered timestamp(3) without time zone DEFAULT ('now'::text)::timestamp(6) with time zone NOT NULL,
    browser character varying(255)
);


--
-- TOC entry 113 (OID 130540)
-- Name: usage_log; Type: TABLE; Schema: public; Owner: matt
--

CREATE TABLE usage_log (
    usage_id serial NOT NULL,
    entered timestamp(6) without time zone DEFAULT ('now'::text)::timestamp(6) with time zone NOT NULL,
    enteredby integer,
    "action" integer NOT NULL,
    record_id integer,
    record_size integer
);


--
-- TOC entry 114 (OID 130548)
-- Name: lookup_contact_types; Type: TABLE; Schema: public; Owner: matt
--

CREATE TABLE lookup_contact_types (
    code serial NOT NULL,
    description character varying(50) NOT NULL,
    default_item boolean DEFAULT false,
    "level" integer DEFAULT 0,
    enabled boolean DEFAULT true,
    user_id integer,
    category integer DEFAULT 0 NOT NULL
);


--
-- TOC entry 115 (OID 130563)
-- Name: lookup_account_types; Type: TABLE; Schema: public; Owner: matt
--

CREATE TABLE lookup_account_types (
    code serial NOT NULL,
    description character varying(50) NOT NULL,
    default_item boolean DEFAULT false,
    "level" integer DEFAULT 0,
    enabled boolean DEFAULT true
);


--
-- TOC entry 116 (OID 130571)
-- Name: state; Type: TABLE; Schema: public; Owner: matt
--

CREATE TABLE state (
    state_code character(2) NOT NULL,
    state character varying(80) NOT NULL
);


--
-- TOC entry 117 (OID 130577)
-- Name: lookup_department; Type: TABLE; Schema: public; Owner: matt
--

CREATE TABLE lookup_department (
    code serial NOT NULL,
    description character varying(50) NOT NULL,
    default_item boolean DEFAULT false,
    "level" integer DEFAULT 0,
    enabled boolean DEFAULT true
);


--
-- TOC entry 4 (OID 130585)
-- Name: lookup_orgaddress_type_code_seq; Type: SEQUENCE; Schema: public; Owner: matt
--

CREATE SEQUENCE lookup_orgaddress_type_code_seq
    START 1
    INCREMENT 1
    MAXVALUE 9223372036854775807
    MINVALUE 1
    CACHE 1;


--
-- TOC entry 118 (OID 130587)
-- Name: lookup_orgaddress_types; Type: TABLE; Schema: public; Owner: matt
--

CREATE TABLE lookup_orgaddress_types (
    code integer DEFAULT nextval('lookup_orgaddress_type_code_seq'::text) NOT NULL,
    description character varying(50) NOT NULL,
    default_item boolean DEFAULT false,
    "level" integer DEFAULT 0,
    enabled boolean DEFAULT true
);


--
-- TOC entry 119 (OID 130597)
-- Name: lookup_orgemail_types; Type: TABLE; Schema: public; Owner: matt
--

CREATE TABLE lookup_orgemail_types (
    code serial NOT NULL,
    description character varying(50) NOT NULL,
    default_item boolean DEFAULT false,
    "level" integer DEFAULT 0,
    enabled boolean DEFAULT true
);


--
-- TOC entry 120 (OID 130607)
-- Name: lookup_orgphone_types; Type: TABLE; Schema: public; Owner: matt
--

CREATE TABLE lookup_orgphone_types (
    code serial NOT NULL,
    description character varying(50) NOT NULL,
    default_item boolean DEFAULT false,
    "level" integer DEFAULT 0,
    enabled boolean DEFAULT true
);


--
-- TOC entry 6 (OID 130615)
-- Name: lookup_instantmessenge_code_seq; Type: SEQUENCE; Schema: public; Owner: matt
--

CREATE SEQUENCE lookup_instantmessenge_code_seq
    START 1
    INCREMENT 1
    MAXVALUE 9223372036854775807
    MINVALUE 1
    CACHE 1;


--
-- TOC entry 121 (OID 130617)
-- Name: lookup_instantmessenger_types; Type: TABLE; Schema: public; Owner: matt
--

CREATE TABLE lookup_instantmessenger_types (
    code integer DEFAULT nextval('lookup_instantmessenge_code_seq'::text) NOT NULL,
    description character varying(50) NOT NULL,
    default_item boolean DEFAULT false,
    "level" integer DEFAULT 0,
    enabled boolean DEFAULT true
);


--
-- TOC entry 8 (OID 130625)
-- Name: lookup_employment_type_code_seq; Type: SEQUENCE; Schema: public; Owner: matt
--

CREATE SEQUENCE lookup_employment_type_code_seq
    START 1
    INCREMENT 1
    MAXVALUE 9223372036854775807
    MINVALUE 1
    CACHE 1;


--
-- TOC entry 122 (OID 130627)
-- Name: lookup_employment_types; Type: TABLE; Schema: public; Owner: matt
--

CREATE TABLE lookup_employment_types (
    code integer DEFAULT nextval('lookup_employment_type_code_seq'::text) NOT NULL,
    description character varying(50) NOT NULL,
    default_item boolean DEFAULT false,
    "level" integer DEFAULT 0,
    enabled boolean DEFAULT true
);


--
-- TOC entry 123 (OID 130637)
-- Name: lookup_locale; Type: TABLE; Schema: public; Owner: matt
--

CREATE TABLE lookup_locale (
    code serial NOT NULL,
    description character varying(50) NOT NULL,
    default_item boolean DEFAULT false,
    "level" integer DEFAULT 0,
    enabled boolean DEFAULT true
);


--
-- TOC entry 10 (OID 130645)
-- Name: lookup_contactaddress__code_seq; Type: SEQUENCE; Schema: public; Owner: matt
--

CREATE SEQUENCE lookup_contactaddress__code_seq
    START 1
    INCREMENT 1
    MAXVALUE 9223372036854775807
    MINVALUE 1
    CACHE 1;


--
-- TOC entry 124 (OID 130647)
-- Name: lookup_contactaddress_types; Type: TABLE; Schema: public; Owner: matt
--

CREATE TABLE lookup_contactaddress_types (
    code integer DEFAULT nextval('lookup_contactaddress__code_seq'::text) NOT NULL,
    description character varying(50) NOT NULL,
    default_item boolean DEFAULT false,
    "level" integer DEFAULT 0,
    enabled boolean DEFAULT true
);


--
-- TOC entry 12 (OID 130655)
-- Name: lookup_contactemail_ty_code_seq; Type: SEQUENCE; Schema: public; Owner: matt
--

CREATE SEQUENCE lookup_contactemail_ty_code_seq
    START 1
    INCREMENT 1
    MAXVALUE 9223372036854775807
    MINVALUE 1
    CACHE 1;


--
-- TOC entry 125 (OID 130657)
-- Name: lookup_contactemail_types; Type: TABLE; Schema: public; Owner: matt
--

CREATE TABLE lookup_contactemail_types (
    code integer DEFAULT nextval('lookup_contactemail_ty_code_seq'::text) NOT NULL,
    description character varying(50) NOT NULL,
    default_item boolean DEFAULT false,
    "level" integer DEFAULT 0,
    enabled boolean DEFAULT true
);


--
-- TOC entry 14 (OID 130665)
-- Name: lookup_contactphone_ty_code_seq; Type: SEQUENCE; Schema: public; Owner: matt
--

CREATE SEQUENCE lookup_contactphone_ty_code_seq
    START 1
    INCREMENT 1
    MAXVALUE 9223372036854775807
    MINVALUE 1
    CACHE 1;


--
-- TOC entry 126 (OID 130667)
-- Name: lookup_contactphone_types; Type: TABLE; Schema: public; Owner: matt
--

CREATE TABLE lookup_contactphone_types (
    code integer DEFAULT nextval('lookup_contactphone_ty_code_seq'::text) NOT NULL,
    description character varying(50) NOT NULL,
    default_item boolean DEFAULT false,
    "level" integer DEFAULT 0,
    enabled boolean DEFAULT true
);


--
-- TOC entry 127 (OID 130677)
-- Name: lookup_access_types; Type: TABLE; Schema: public; Owner: matt
--

CREATE TABLE lookup_access_types (
    code serial NOT NULL,
    link_module_id integer NOT NULL,
    description character varying(50) NOT NULL,
    default_item boolean DEFAULT false,
    "level" integer,
    enabled boolean DEFAULT true,
    rule_id integer NOT NULL
);


--
-- TOC entry 16 (OID 130684)
-- Name: organization_org_id_seq; Type: SEQUENCE; Schema: public; Owner: matt
--

CREATE SEQUENCE organization_org_id_seq
    START 0
    INCREMENT 1
    MAXVALUE 9223372036854775807
    MINVALUE 0
    CACHE 1;


--
-- TOC entry 128 (OID 130686)
-- Name: organization; Type: TABLE; Schema: public; Owner: matt
--

CREATE TABLE organization (
    org_id integer DEFAULT nextval('organization_org_id_seq'::text) NOT NULL,
    name character varying(80) NOT NULL,
    account_number character varying(50),
    account_group integer,
    url text,
    revenue double precision,
    employees integer,
    notes text,
    sic_code character varying(40),
    ticker_symbol character varying(10),
    taxid character(80),
    lead character varying(40),
    sales_rep integer DEFAULT 0 NOT NULL,
    miner_only boolean DEFAULT 'f' NOT NULL,
    defaultlocale integer,
    fiscalmonth integer,
    entered timestamp(3) without time zone DEFAULT ('now'::text)::timestamp(6) with time zone NOT NULL,
    enteredby integer NOT NULL,
    modified timestamp(3) without time zone DEFAULT ('now'::text)::timestamp(6) with time zone NOT NULL,
    modifiedby integer NOT NULL,
    enabled boolean DEFAULT true,
    industry_temp_code smallint,
    "owner" integer,
    duplicate_id integer DEFAULT -1,
    custom1 integer DEFAULT -1,
    custom2 integer DEFAULT -1,
    contract_end date,
    alertdate date,
    alert character varying(100),
    custom_data text,
    namesalutation character varying(80),
    namelast character varying(80),
    namefirst character varying(80),
    namemiddle character varying(80),
    namesuffix character varying(80)
);


--
-- TOC entry 129 (OID 130717)
-- Name: contact; Type: TABLE; Schema: public; Owner: matt
--

CREATE TABLE contact (
    contact_id serial NOT NULL,
    user_id integer,
    org_id integer,
    company character varying(255),
    title character varying(80),
    department integer,
    super integer,
    namesalutation character varying(80),
    namelast character varying(80) NOT NULL,
    namefirst character varying(80) NOT NULL,
    namemiddle character varying(80),
    namesuffix character varying(80),
    assistant integer,
    birthdate date,
    notes text,
    site integer,
    imname character varying(30),
    imservice integer,
    locale integer,
    employee_id character varying(80),
    employmenttype integer,
    startofday character varying(10),
    endofday character varying(10),
    entered timestamp(3) without time zone DEFAULT ('now'::text)::timestamp(6) with time zone NOT NULL,
    enteredby integer NOT NULL,
    modified timestamp(3) without time zone DEFAULT ('now'::text)::timestamp(6) with time zone NOT NULL,
    modifiedby integer NOT NULL,
    enabled boolean DEFAULT true,
    "owner" integer,
    custom1 integer DEFAULT -1,
    url character varying(100),
    primary_contact boolean DEFAULT false,
    employee boolean DEFAULT false NOT NULL,
    org_name character varying(255),
    access_type integer
);


--
-- TOC entry 130 (OID 130774)
-- Name: role; Type: TABLE; Schema: public; Owner: matt
--

CREATE TABLE role (
    role_id serial NOT NULL,
    role character varying(80) NOT NULL,
    description character varying(255) DEFAULT '' NOT NULL,
    enteredby integer NOT NULL,
    entered timestamp(3) without time zone DEFAULT ('now'::text)::timestamp(6) with time zone NOT NULL,
    modifiedby integer NOT NULL,
    modified timestamp(3) without time zone DEFAULT ('now'::text)::timestamp(6) with time zone NOT NULL,
    enabled boolean DEFAULT true NOT NULL
);


--
-- TOC entry 18 (OID 130791)
-- Name: permission_cate_category_id_seq; Type: SEQUENCE; Schema: public; Owner: matt
--

CREATE SEQUENCE permission_cate_category_id_seq
    START 1
    INCREMENT 1
    MAXVALUE 9223372036854775807
    MINVALUE 1
    CACHE 1;


--
-- TOC entry 131 (OID 130793)
-- Name: permission_category; Type: TABLE; Schema: public; Owner: matt
--

CREATE TABLE permission_category (
    category_id integer DEFAULT nextval('permission_cate_category_id_seq'::text) NOT NULL,
    category character varying(80),
    description character varying(255),
    "level" integer DEFAULT 0 NOT NULL,
    enabled boolean DEFAULT true NOT NULL,
    active boolean DEFAULT true NOT NULL,
    folders boolean DEFAULT false NOT NULL,
    lookups boolean DEFAULT false NOT NULL,
    viewpoints boolean DEFAULT false,
    categories boolean DEFAULT false,
    scheduled_events boolean DEFAULT false,
    object_events boolean DEFAULT false,
    reports boolean DEFAULT false
);


--
-- TOC entry 132 (OID 130810)
-- Name: permission; Type: TABLE; Schema: public; Owner: matt
--

CREATE TABLE permission (
    permission_id serial NOT NULL,
    category_id integer NOT NULL,
    permission character varying(80) NOT NULL,
    permission_view boolean DEFAULT false NOT NULL,
    permission_add boolean DEFAULT false NOT NULL,
    permission_edit boolean DEFAULT false NOT NULL,
    permission_delete boolean DEFAULT false NOT NULL,
    description character varying(255) DEFAULT '' NOT NULL,
    "level" integer DEFAULT 0 NOT NULL,
    enabled boolean DEFAULT true NOT NULL,
    active boolean DEFAULT true NOT NULL,
    viewpoints boolean DEFAULT false
);


--
-- TOC entry 133 (OID 130830)
-- Name: role_permission; Type: TABLE; Schema: public; Owner: matt
--

CREATE TABLE role_permission (
    id serial NOT NULL,
    role_id integer NOT NULL,
    permission_id integer NOT NULL,
    role_view boolean DEFAULT false NOT NULL,
    role_add boolean DEFAULT false NOT NULL,
    role_edit boolean DEFAULT false NOT NULL,
    role_delete boolean DEFAULT false NOT NULL
);


--
-- TOC entry 134 (OID 130849)
-- Name: lookup_stage; Type: TABLE; Schema: public; Owner: matt
--

CREATE TABLE lookup_stage (
    code serial NOT NULL,
    order_id integer,
    description character varying(50) NOT NULL,
    default_item boolean DEFAULT false,
    "level" integer DEFAULT 0,
    enabled boolean DEFAULT true
);


--
-- TOC entry 20 (OID 130857)
-- Name: lookup_delivery_option_code_seq; Type: SEQUENCE; Schema: public; Owner: matt
--

CREATE SEQUENCE lookup_delivery_option_code_seq
    START 1
    INCREMENT 1
    MAXVALUE 9223372036854775807
    MINVALUE 1
    CACHE 1;


--
-- TOC entry 135 (OID 130859)
-- Name: lookup_delivery_options; Type: TABLE; Schema: public; Owner: matt
--

CREATE TABLE lookup_delivery_options (
    code integer DEFAULT nextval('lookup_delivery_option_code_seq'::text) NOT NULL,
    description character varying(50) NOT NULL,
    default_item boolean DEFAULT false,
    "level" integer DEFAULT 0,
    enabled boolean DEFAULT true
);


--
-- TOC entry 136 (OID 130869)
-- Name: news; Type: TABLE; Schema: public; Owner: matt
--

CREATE TABLE news (
    rec_id serial NOT NULL,
    org_id integer,
    url text,
    base text,
    headline text,
    body text,
    dateentered date,
    "type" character(1),
    created timestamp(3) without time zone DEFAULT ('now'::text)::timestamp(6) with time zone NOT NULL
);


--
-- TOC entry 22 (OID 130882)
-- Name: organization_add_address_id_seq; Type: SEQUENCE; Schema: public; Owner: matt
--

CREATE SEQUENCE organization_add_address_id_seq
    START 1
    INCREMENT 1
    MAXVALUE 9223372036854775807
    MINVALUE 1
    CACHE 1;


--
-- TOC entry 137 (OID 130884)
-- Name: organization_address; Type: TABLE; Schema: public; Owner: matt
--

CREATE TABLE organization_address (
    address_id integer DEFAULT nextval('organization_add_address_id_seq'::text) NOT NULL,
    org_id integer,
    address_type integer,
    addrline1 character varying(80),
    addrline2 character varying(80),
    addrline3 character varying(80),
    city character varying(80),
    state character varying(80),
    country character varying(80),
    postalcode character varying(12),
    entered timestamp(3) without time zone DEFAULT ('now'::text)::timestamp(6) with time zone NOT NULL,
    enteredby integer NOT NULL,
    modified timestamp(3) without time zone DEFAULT ('now'::text)::timestamp(6) with time zone NOT NULL,
    modifiedby integer NOT NULL
);


--
-- TOC entry 24 (OID 130907)
-- Name: organization__emailaddress__seq; Type: SEQUENCE; Schema: public; Owner: matt
--

CREATE SEQUENCE organization__emailaddress__seq
    START 1
    INCREMENT 1
    MAXVALUE 9223372036854775807
    MINVALUE 1
    CACHE 1;


--
-- TOC entry 138 (OID 130909)
-- Name: organization_emailaddress; Type: TABLE; Schema: public; Owner: matt
--

CREATE TABLE organization_emailaddress (
    emailaddress_id integer DEFAULT nextval('organization__emailaddress__seq'::text) NOT NULL,
    org_id integer,
    emailaddress_type integer,
    email character varying(256),
    entered timestamp(3) without time zone DEFAULT ('now'::text)::timestamp(6) with time zone NOT NULL,
    enteredby integer NOT NULL,
    modified timestamp(3) without time zone DEFAULT ('now'::text)::timestamp(6) with time zone NOT NULL,
    modifiedby integer NOT NULL
);


--
-- TOC entry 26 (OID 130932)
-- Name: organization_phone_phone_id_seq; Type: SEQUENCE; Schema: public; Owner: matt
--

CREATE SEQUENCE organization_phone_phone_id_seq
    START 1
    INCREMENT 1
    MAXVALUE 9223372036854775807
    MINVALUE 1
    CACHE 1;


--
-- TOC entry 139 (OID 130934)
-- Name: organization_phone; Type: TABLE; Schema: public; Owner: matt
--

CREATE TABLE organization_phone (
    phone_id integer DEFAULT nextval('organization_phone_phone_id_seq'::text) NOT NULL,
    org_id integer,
    phone_type integer,
    number character varying(30),
    extension character varying(10),
    entered timestamp(3) without time zone DEFAULT ('now'::text)::timestamp(6) with time zone NOT NULL,
    enteredby integer NOT NULL,
    modified timestamp(3) without time zone DEFAULT ('now'::text)::timestamp(6) with time zone NOT NULL,
    modifiedby integer NOT NULL
);


--
-- TOC entry 140 (OID 130959)
-- Name: contact_address; Type: TABLE; Schema: public; Owner: matt
--

CREATE TABLE contact_address (
    address_id serial NOT NULL,
    contact_id integer,
    address_type integer,
    addrline1 character varying(80),
    addrline2 character varying(80),
    addrline3 character varying(80),
    city character varying(80),
    state character varying(80),
    country character varying(80),
    postalcode character varying(12),
    entered timestamp(3) without time zone DEFAULT ('now'::text)::timestamp(6) with time zone NOT NULL,
    enteredby integer NOT NULL,
    modified timestamp(3) without time zone DEFAULT ('now'::text)::timestamp(6) with time zone NOT NULL,
    modifiedby integer NOT NULL
);


--
-- TOC entry 28 (OID 130982)
-- Name: contact_email_emailaddress__seq; Type: SEQUENCE; Schema: public; Owner: matt
--

CREATE SEQUENCE contact_email_emailaddress__seq
    START 1
    INCREMENT 1
    MAXVALUE 9223372036854775807
    MINVALUE 1
    CACHE 1;


--
-- TOC entry 141 (OID 130984)
-- Name: contact_emailaddress; Type: TABLE; Schema: public; Owner: matt
--

CREATE TABLE contact_emailaddress (
    emailaddress_id integer DEFAULT nextval('contact_email_emailaddress__seq'::text) NOT NULL,
    contact_id integer,
    emailaddress_type integer,
    email character varying(256),
    entered timestamp(3) without time zone DEFAULT ('now'::text)::timestamp(6) with time zone NOT NULL,
    enteredby integer NOT NULL,
    modified timestamp(3) without time zone DEFAULT ('now'::text)::timestamp(6) with time zone NOT NULL,
    modifiedby integer NOT NULL
);


--
-- TOC entry 142 (OID 131009)
-- Name: contact_phone; Type: TABLE; Schema: public; Owner: matt
--

CREATE TABLE contact_phone (
    phone_id serial NOT NULL,
    contact_id integer,
    phone_type integer,
    number character varying(30),
    extension character varying(10),
    entered timestamp(3) without time zone DEFAULT ('now'::text)::timestamp(6) with time zone NOT NULL,
    enteredby integer NOT NULL,
    modified timestamp(3) without time zone DEFAULT ('now'::text)::timestamp(6) with time zone NOT NULL,
    modifiedby integer NOT NULL
);


--
-- TOC entry 30 (OID 131032)
-- Name: notification_notification_i_seq; Type: SEQUENCE; Schema: public; Owner: matt
--

CREATE SEQUENCE notification_notification_i_seq
    START 1
    INCREMENT 1
    MAXVALUE 9223372036854775807
    MINVALUE 1
    CACHE 1;


--
-- TOC entry 143 (OID 131034)
-- Name: notification; Type: TABLE; Schema: public; Owner: matt
--

CREATE TABLE notification (
    notification_id integer DEFAULT nextval('notification_notification_i_seq'::text) NOT NULL,
    notify_user integer NOT NULL,
    module character varying(255) NOT NULL,
    item_id integer NOT NULL,
    item_modified timestamp(3) without time zone DEFAULT ('now'::text)::timestamp(6) with time zone NOT NULL,
    attempt timestamp(3) without time zone DEFAULT ('now'::text)::timestamp(6) with time zone NOT NULL,
    notify_type character varying(30),
    subject text,
    message text,
    result integer NOT NULL,
    errormessage text
);


--
-- TOC entry 144 (OID 131046)
-- Name: cfsinbox_message; Type: TABLE; Schema: public; Owner: matt
--

CREATE TABLE cfsinbox_message (
    id serial NOT NULL,
    subject character varying(255),
    body text NOT NULL,
    reply_id integer NOT NULL,
    enteredby integer NOT NULL,
    sent timestamp(3) without time zone DEFAULT ('now'::text)::timestamp(6) with time zone NOT NULL,
    entered timestamp(3) without time zone DEFAULT ('now'::text)::timestamp(6) with time zone NOT NULL,
    modified timestamp(3) without time zone DEFAULT ('now'::text)::timestamp(6) with time zone NOT NULL,
    "type" integer DEFAULT -1 NOT NULL,
    modifiedby integer NOT NULL,
    delete_flag boolean DEFAULT 'f'
);


--
-- TOC entry 145 (OID 131067)
-- Name: cfsinbox_messagelink; Type: TABLE; Schema: public; Owner: matt
--

CREATE TABLE cfsinbox_messagelink (
    id integer NOT NULL,
    sent_to integer NOT NULL,
    status integer DEFAULT 0 NOT NULL,
    viewed timestamp(3) without time zone,
    enabled boolean DEFAULT 't' NOT NULL,
    sent_from integer NOT NULL
);


--
-- TOC entry 146 (OID 131083)
-- Name: account_type_levels; Type: TABLE; Schema: public; Owner: matt
--

CREATE TABLE account_type_levels (
    org_id integer NOT NULL,
    type_id integer NOT NULL,
    "level" integer NOT NULL,
    entered timestamp(3) without time zone DEFAULT ('now'::text)::timestamp(6) with time zone NOT NULL,
    modified timestamp(3) without time zone DEFAULT ('now'::text)::timestamp(6) with time zone NOT NULL
);


--
-- TOC entry 147 (OID 131095)
-- Name: contact_type_levels; Type: TABLE; Schema: public; Owner: matt
--

CREATE TABLE contact_type_levels (
    contact_id integer NOT NULL,
    type_id integer NOT NULL,
    "level" integer NOT NULL,
    entered timestamp(3) without time zone DEFAULT ('now'::text)::timestamp(6) with time zone NOT NULL,
    modified timestamp(3) without time zone DEFAULT ('now'::text)::timestamp(6) with time zone NOT NULL
);


--
-- TOC entry 148 (OID 131109)
-- Name: lookup_lists_lookup; Type: TABLE; Schema: public; Owner: matt
--

CREATE TABLE lookup_lists_lookup (
    id serial NOT NULL,
    module_id integer NOT NULL,
    lookup_id integer NOT NULL,
    class_name character varying(20),
    table_name character varying(60),
    "level" integer DEFAULT 0,
    description text,
    entered timestamp(3) without time zone DEFAULT ('now'::text)::timestamp(6) with time zone,
    category_id integer NOT NULL
);


--
-- TOC entry 149 (OID 131125)
-- Name: viewpoint; Type: TABLE; Schema: public; Owner: matt
--

CREATE TABLE viewpoint (
    viewpoint_id serial NOT NULL,
    user_id integer NOT NULL,
    vp_user_id integer NOT NULL,
    entered timestamp(3) without time zone DEFAULT ('now'::text)::timestamp(6) with time zone NOT NULL,
    enteredby integer NOT NULL,
    modified timestamp(3) without time zone DEFAULT ('now'::text)::timestamp(6) with time zone NOT NULL,
    modifiedby integer NOT NULL,
    enabled boolean DEFAULT true
);


--
-- TOC entry 32 (OID 131149)
-- Name: viewpoint_per_vp_permission_seq; Type: SEQUENCE; Schema: public; Owner: matt
--

CREATE SEQUENCE viewpoint_per_vp_permission_seq
    START 1
    INCREMENT 1
    MAXVALUE 9223372036854775807
    MINVALUE 1
    CACHE 1;


--
-- TOC entry 150 (OID 131151)
-- Name: viewpoint_permission; Type: TABLE; Schema: public; Owner: matt
--

CREATE TABLE viewpoint_permission (
    vp_permission_id integer DEFAULT nextval('viewpoint_per_vp_permission_seq'::text) NOT NULL,
    viewpoint_id integer NOT NULL,
    permission_id integer NOT NULL,
    viewpoint_view boolean DEFAULT false NOT NULL,
    viewpoint_add boolean DEFAULT false NOT NULL,
    viewpoint_edit boolean DEFAULT false NOT NULL,
    viewpoint_delete boolean DEFAULT false NOT NULL
);


--
-- TOC entry 151 (OID 131170)
-- Name: report; Type: TABLE; Schema: public; Owner: matt
--

CREATE TABLE report (
    report_id serial NOT NULL,
    category_id integer NOT NULL,
    permission_id integer,
    filename character varying(300) NOT NULL,
    "type" integer DEFAULT 1 NOT NULL,
    title character varying(300) NOT NULL,
    description character varying(1024) NOT NULL,
    entered timestamp(3) without time zone DEFAULT ('now'::text)::timestamp(6) with time zone NOT NULL,
    enteredby integer NOT NULL,
    modified timestamp(3) without time zone DEFAULT ('now'::text)::timestamp(6) with time zone NOT NULL,
    modifiedby integer NOT NULL,
    enabled boolean DEFAULT true,
    custom boolean DEFAULT false
);


--
-- TOC entry 152 (OID 131201)
-- Name: report_criteria; Type: TABLE; Schema: public; Owner: matt
--

CREATE TABLE report_criteria (
    criteria_id serial NOT NULL,
    report_id integer NOT NULL,
    "owner" integer NOT NULL,
    subject character varying(512) NOT NULL,
    entered timestamp(3) without time zone DEFAULT ('now'::text)::timestamp(6) with time zone NOT NULL,
    enteredby integer NOT NULL,
    modified timestamp(3) without time zone DEFAULT ('now'::text)::timestamp(6) with time zone NOT NULL,
    modifiedby integer NOT NULL,
    enabled boolean DEFAULT true
);


--
-- TOC entry 153 (OID 131227)
-- Name: report_criteria_parameter; Type: TABLE; Schema: public; Owner: matt
--

CREATE TABLE report_criteria_parameter (
    parameter_id serial NOT NULL,
    criteria_id integer NOT NULL,
    parameter character varying(255) NOT NULL,
    value text
);


--
-- TOC entry 154 (OID 131241)
-- Name: report_queue; Type: TABLE; Schema: public; Owner: matt
--

CREATE TABLE report_queue (
    queue_id serial NOT NULL,
    report_id integer NOT NULL,
    entered timestamp(3) without time zone DEFAULT ('now'::text)::timestamp(6) with time zone NOT NULL,
    enteredby integer NOT NULL,
    processed timestamp(3) without time zone,
    status integer DEFAULT 0 NOT NULL,
    filename character varying(256),
    filesize integer DEFAULT -1,
    enabled boolean DEFAULT true
);


--
-- TOC entry 155 (OID 131260)
-- Name: report_queue_criteria; Type: TABLE; Schema: public; Owner: matt
--

CREATE TABLE report_queue_criteria (
    criteria_id serial NOT NULL,
    queue_id integer NOT NULL,
    parameter character varying(255) NOT NULL,
    value text
);


--
-- TOC entry 34 (OID 131272)
-- Name: action_list_code_seq; Type: SEQUENCE; Schema: public; Owner: matt
--

CREATE SEQUENCE action_list_code_seq
    START 1
    INCREMENT 1
    MAXVALUE 9223372036854775807
    MINVALUE 1
    CACHE 1;


--
-- TOC entry 156 (OID 131274)
-- Name: action_list; Type: TABLE; Schema: public; Owner: matt
--

CREATE TABLE action_list (
    action_id integer DEFAULT nextval('action_list_code_seq'::text) NOT NULL,
    description character varying(255) NOT NULL,
    "owner" integer NOT NULL,
    completedate timestamp(3) without time zone,
    link_module_id integer NOT NULL,
    enteredby integer NOT NULL,
    entered timestamp(3) without time zone DEFAULT ('now'::text)::timestamp(6) with time zone NOT NULL,
    modifiedby integer NOT NULL,
    modified timestamp(3) without time zone DEFAULT ('now'::text)::timestamp(6) with time zone NOT NULL,
    enabled boolean DEFAULT true NOT NULL
);


--
-- TOC entry 36 (OID 131294)
-- Name: action_item_code_seq; Type: SEQUENCE; Schema: public; Owner: matt
--

CREATE SEQUENCE action_item_code_seq
    START 1
    INCREMENT 1
    MAXVALUE 9223372036854775807
    MINVALUE 1
    CACHE 1;


--
-- TOC entry 157 (OID 131296)
-- Name: action_item; Type: TABLE; Schema: public; Owner: matt
--

CREATE TABLE action_item (
    item_id integer DEFAULT nextval('action_item_code_seq'::text) NOT NULL,
    action_id integer NOT NULL,
    link_item_id integer NOT NULL,
    completedate timestamp(3) without time zone,
    enteredby integer NOT NULL,
    entered timestamp(3) without time zone DEFAULT ('now'::text)::timestamp(6) with time zone NOT NULL,
    modifiedby integer NOT NULL,
    modified timestamp(3) without time zone DEFAULT ('now'::text)::timestamp(6) with time zone NOT NULL,
    enabled boolean DEFAULT true NOT NULL
);


--
-- TOC entry 38 (OID 131316)
-- Name: action_item_log_code_seq; Type: SEQUENCE; Schema: public; Owner: matt
--

CREATE SEQUENCE action_item_log_code_seq
    START 1
    INCREMENT 1
    MAXVALUE 9223372036854775807
    MINVALUE 1
    CACHE 1;


--
-- TOC entry 158 (OID 131318)
-- Name: action_item_log; Type: TABLE; Schema: public; Owner: matt
--

CREATE TABLE action_item_log (
    log_id integer DEFAULT nextval('action_item_log_code_seq'::text) NOT NULL,
    item_id integer NOT NULL,
    link_item_id integer DEFAULT -1,
    "type" integer NOT NULL,
    enteredby integer NOT NULL,
    entered timestamp(3) without time zone DEFAULT ('now'::text)::timestamp(6) with time zone NOT NULL,
    modifiedby integer NOT NULL,
    modified timestamp(3) without time zone DEFAULT ('now'::text)::timestamp(6) with time zone NOT NULL
);


--
-- TOC entry 159 (OID 131340)
-- Name: database_version; Type: TABLE; Schema: public; Owner: matt
--

CREATE TABLE database_version (
    version_id serial NOT NULL,
    script_filename character varying(255) NOT NULL,
    script_version character varying(255) NOT NULL,
    entered timestamp(3) without time zone DEFAULT ('now'::text)::timestamp(6) with time zone NOT NULL
);


--
-- TOC entry 160 (OID 131465)
-- Name: lookup_call_types; Type: TABLE; Schema: public; Owner: matt
--

CREATE TABLE lookup_call_types (
    code serial NOT NULL,
    description character varying(50) NOT NULL,
    default_item boolean DEFAULT false,
    "level" integer DEFAULT 0,
    enabled boolean DEFAULT true
);


--
-- TOC entry 40 (OID 131473)
-- Name: lookup_opportunity_typ_code_seq; Type: SEQUENCE; Schema: public; Owner: matt
--

CREATE SEQUENCE lookup_opportunity_typ_code_seq
    START 1
    INCREMENT 1
    MAXVALUE 9223372036854775807
    MINVALUE 1
    CACHE 1;


--
-- TOC entry 161 (OID 131475)
-- Name: lookup_opportunity_types; Type: TABLE; Schema: public; Owner: matt
--

CREATE TABLE lookup_opportunity_types (
    code integer DEFAULT nextval('lookup_opportunity_typ_code_seq'::text) NOT NULL,
    order_id integer,
    description character varying(50) NOT NULL,
    default_item boolean DEFAULT false,
    "level" integer DEFAULT 0,
    enabled boolean DEFAULT true
);


--
-- TOC entry 162 (OID 131485)
-- Name: opportunity_header; Type: TABLE; Schema: public; Owner: matt
--

CREATE TABLE opportunity_header (
    opp_id serial NOT NULL,
    description character varying(80),
    acctlink integer DEFAULT -1,
    contactlink integer DEFAULT -1,
    entered timestamp(3) without time zone DEFAULT ('now'::text)::timestamp(6) with time zone NOT NULL,
    enteredby integer NOT NULL,
    modified timestamp(3) without time zone DEFAULT ('now'::text)::timestamp(6) with time zone NOT NULL,
    modifiedby integer NOT NULL
);


--
-- TOC entry 163 (OID 131504)
-- Name: opportunity_component; Type: TABLE; Schema: public; Owner: matt
--

CREATE TABLE opportunity_component (
    id serial NOT NULL,
    opp_id integer,
    "owner" integer NOT NULL,
    description character varying(80),
    closedate date NOT NULL,
    closeprob double precision,
    terms double precision,
    units character(1),
    lowvalue double precision,
    guessvalue double precision,
    highvalue double precision,
    stage integer,
    stagedate date DEFAULT ('now'::text)::timestamp(6) with time zone NOT NULL,
    commission double precision,
    "type" character(1),
    alertdate date,
    entered timestamp(3) without time zone DEFAULT ('now'::text)::timestamp(6) with time zone NOT NULL,
    enteredby integer NOT NULL,
    modified timestamp(3) without time zone DEFAULT ('now'::text)::timestamp(6) with time zone NOT NULL,
    modifiedby integer NOT NULL,
    closed timestamp without time zone,
    alert character varying(100),
    enabled boolean DEFAULT true NOT NULL,
    notes text
);


--
-- TOC entry 164 (OID 131538)
-- Name: opportunity_component_levels; Type: TABLE; Schema: public; Owner: matt
--

CREATE TABLE opportunity_component_levels (
    opp_id integer NOT NULL,
    type_id integer NOT NULL,
    "level" integer NOT NULL,
    entered timestamp(3) without time zone DEFAULT ('now'::text)::timestamp(6) with time zone NOT NULL,
    modified timestamp(3) without time zone DEFAULT ('now'::text)::timestamp(6) with time zone NOT NULL
);


--
-- TOC entry 165 (OID 131552)
-- Name: call_log; Type: TABLE; Schema: public; Owner: matt
--

CREATE TABLE call_log (
    call_id serial NOT NULL,
    org_id integer,
    contact_id integer,
    opp_id integer,
    call_type_id integer,
    length integer,
    subject character varying(255),
    notes text,
    followup_date date,
    alertdate date,
    followup_notes text,
    entered timestamp(3) without time zone DEFAULT ('now'::text)::timestamp(6) with time zone NOT NULL,
    enteredby integer NOT NULL,
    modified timestamp(3) without time zone DEFAULT ('now'::text)::timestamp(6) with time zone NOT NULL,
    modifiedby integer NOT NULL,
    alert character varying(100)
);


--
-- TOC entry 166 (OID 131605)
-- Name: ticket_level; Type: TABLE; Schema: public; Owner: matt
--

CREATE TABLE ticket_level (
    code serial NOT NULL,
    description character varying(300) NOT NULL,
    default_item boolean DEFAULT false,
    "level" integer DEFAULT 0,
    enabled boolean DEFAULT true
);


--
-- TOC entry 167 (OID 131617)
-- Name: ticket_severity; Type: TABLE; Schema: public; Owner: matt
--

CREATE TABLE ticket_severity (
    code serial NOT NULL,
    description character varying(300) NOT NULL,
    style text DEFAULT '' NOT NULL,
    default_item boolean DEFAULT false,
    "level" integer DEFAULT 0,
    enabled boolean DEFAULT true
);


--
-- TOC entry 168 (OID 131633)
-- Name: lookup_ticketsource; Type: TABLE; Schema: public; Owner: matt
--

CREATE TABLE lookup_ticketsource (
    code serial NOT NULL,
    description character varying(300) NOT NULL,
    default_item boolean DEFAULT false,
    "level" integer DEFAULT 0,
    enabled boolean DEFAULT true
);


--
-- TOC entry 169 (OID 131645)
-- Name: ticket_priority; Type: TABLE; Schema: public; Owner: matt
--

CREATE TABLE ticket_priority (
    code serial NOT NULL,
    description character varying(300) NOT NULL,
    style text DEFAULT '' NOT NULL,
    default_item boolean DEFAULT false,
    "level" integer DEFAULT 0,
    enabled boolean DEFAULT true
);


--
-- TOC entry 170 (OID 131661)
-- Name: ticket_category; Type: TABLE; Schema: public; Owner: matt
--

CREATE TABLE ticket_category (
    id serial NOT NULL,
    cat_level integer DEFAULT 0 NOT NULL,
    parent_cat_code integer NOT NULL,
    description character varying(300) NOT NULL,
    full_description text DEFAULT '' NOT NULL,
    default_item boolean DEFAULT false,
    "level" integer DEFAULT 0,
    enabled boolean DEFAULT true
);


--
-- TOC entry 171 (OID 131676)
-- Name: ticket_category_draft; Type: TABLE; Schema: public; Owner: matt
--

CREATE TABLE ticket_category_draft (
    id serial NOT NULL,
    link_id integer DEFAULT -1,
    cat_level integer DEFAULT 0 NOT NULL,
    parent_cat_code integer NOT NULL,
    description character varying(300) NOT NULL,
    full_description text DEFAULT '' NOT NULL,
    default_item boolean DEFAULT false,
    "level" integer DEFAULT 0,
    enabled boolean DEFAULT true
);


--
-- TOC entry 172 (OID 131692)
-- Name: ticket; Type: TABLE; Schema: public; Owner: matt
--

CREATE TABLE ticket (
    ticketid serial NOT NULL,
    org_id integer,
    contact_id integer,
    problem text NOT NULL,
    entered timestamp(3) without time zone DEFAULT ('now'::text)::timestamp(6) with time zone NOT NULL,
    enteredby integer NOT NULL,
    modified timestamp(3) without time zone DEFAULT ('now'::text)::timestamp(6) with time zone NOT NULL,
    modifiedby integer NOT NULL,
    closed timestamp without time zone,
    pri_code integer,
    level_code integer,
    department_code integer,
    source_code integer,
    cat_code integer,
    subcat_code1 integer,
    subcat_code2 integer,
    subcat_code3 integer,
    assigned_to integer,
    "comment" text,
    solution text,
    scode integer,
    critical timestamp without time zone,
    notified timestamp without time zone,
    custom_data text
);


--
-- TOC entry 173 (OID 131746)
-- Name: ticketlog; Type: TABLE; Schema: public; Owner: matt
--

CREATE TABLE ticketlog (
    id serial NOT NULL,
    ticketid integer,
    assigned_to integer,
    "comment" text,
    closed boolean,
    pri_code integer,
    level_code integer,
    department_code integer,
    cat_code integer,
    scode integer,
    entered timestamp(3) without time zone DEFAULT ('now'::text)::timestamp(6) with time zone NOT NULL,
    enteredby integer NOT NULL,
    modified timestamp(3) without time zone DEFAULT ('now'::text)::timestamp(6) with time zone NOT NULL,
    modifiedby integer NOT NULL
);


--
-- TOC entry 42 (OID 131804)
-- Name: module_field_categorylin_id_seq; Type: SEQUENCE; Schema: public; Owner: matt
--

CREATE SEQUENCE module_field_categorylin_id_seq
    START 1
    INCREMENT 1
    MAXVALUE 9223372036854775807
    MINVALUE 1
    CACHE 1;


--
-- TOC entry 174 (OID 131806)
-- Name: module_field_categorylink; Type: TABLE; Schema: public; Owner: matt
--

CREATE TABLE module_field_categorylink (
    id integer DEFAULT nextval('module_field_categorylin_id_seq'::text) NOT NULL,
    module_id integer NOT NULL,
    category_id integer NOT NULL,
    "level" integer DEFAULT 0,
    description text,
    entered timestamp(3) without time zone DEFAULT ('now'::text)::timestamp(6) with time zone
);


--
-- TOC entry 44 (OID 131822)
-- Name: custom_field_ca_category_id_seq; Type: SEQUENCE; Schema: public; Owner: matt
--

CREATE SEQUENCE custom_field_ca_category_id_seq
    START 1
    INCREMENT 1
    MAXVALUE 9223372036854775807
    MINVALUE 1
    CACHE 1;


--
-- TOC entry 175 (OID 131824)
-- Name: custom_field_category; Type: TABLE; Schema: public; Owner: matt
--

CREATE TABLE custom_field_category (
    module_id integer NOT NULL,
    category_id integer DEFAULT nextval('custom_field_ca_category_id_seq'::text) NOT NULL,
    category_name character varying(255) NOT NULL,
    "level" integer DEFAULT 0,
    description text,
    start_date timestamp(3) without time zone DEFAULT ('now'::text)::timestamp(6) with time zone,
    end_date timestamp without time zone,
    default_item boolean DEFAULT false,
    entered timestamp(3) without time zone DEFAULT ('now'::text)::timestamp(6) with time zone,
    enabled boolean DEFAULT true,
    multiple_records boolean DEFAULT false,
    read_only boolean DEFAULT false
);


--
-- TOC entry 46 (OID 131844)
-- Name: custom_field_group_group_id_seq; Type: SEQUENCE; Schema: public; Owner: matt
--

CREATE SEQUENCE custom_field_group_group_id_seq
    START 1
    INCREMENT 1
    MAXVALUE 9223372036854775807
    MINVALUE 1
    CACHE 1;


--
-- TOC entry 176 (OID 131846)
-- Name: custom_field_group; Type: TABLE; Schema: public; Owner: matt
--

CREATE TABLE custom_field_group (
    category_id integer NOT NULL,
    group_id integer DEFAULT nextval('custom_field_group_group_id_seq'::text) NOT NULL,
    group_name character varying(255) NOT NULL,
    "level" integer DEFAULT 0,
    description text,
    start_date timestamp(3) without time zone DEFAULT ('now'::text)::timestamp(6) with time zone,
    end_date timestamp without time zone,
    entered timestamp(3) without time zone DEFAULT ('now'::text)::timestamp(6) with time zone,
    enabled boolean DEFAULT true
);


--
-- TOC entry 177 (OID 131865)
-- Name: custom_field_info; Type: TABLE; Schema: public; Owner: matt
--

CREATE TABLE custom_field_info (
    group_id integer NOT NULL,
    field_id serial NOT NULL,
    field_name character varying(255) NOT NULL,
    "level" integer DEFAULT 0,
    field_type integer NOT NULL,
    validation_type integer DEFAULT 0,
    required boolean DEFAULT false,
    parameters text,
    start_date timestamp(3) without time zone DEFAULT ('now'::text)::timestamp(6) with time zone,
    end_date timestamp(3) without time zone,
    entered timestamp(3) without time zone DEFAULT ('now'::text)::timestamp(6) with time zone,
    enabled boolean DEFAULT true,
    additional_text character varying(255)
);


--
-- TOC entry 178 (OID 131886)
-- Name: custom_field_lookup; Type: TABLE; Schema: public; Owner: matt
--

CREATE TABLE custom_field_lookup (
    field_id integer NOT NULL,
    code serial NOT NULL,
    description character varying(255) NOT NULL,
    default_item boolean DEFAULT false,
    "level" integer DEFAULT 0,
    start_date timestamp(3) without time zone DEFAULT ('now'::text)::timestamp(6) with time zone,
    end_date timestamp without time zone,
    entered timestamp(3) without time zone DEFAULT ('now'::text)::timestamp(6) with time zone,
    enabled boolean DEFAULT true
);


--
-- TOC entry 48 (OID 131900)
-- Name: custom_field_reco_record_id_seq; Type: SEQUENCE; Schema: public; Owner: matt
--

CREATE SEQUENCE custom_field_reco_record_id_seq
    START 1
    INCREMENT 1
    MAXVALUE 9223372036854775807
    MINVALUE 1
    CACHE 1;


--
-- TOC entry 179 (OID 131902)
-- Name: custom_field_record; Type: TABLE; Schema: public; Owner: matt
--

CREATE TABLE custom_field_record (
    link_module_id integer NOT NULL,
    link_item_id integer NOT NULL,
    category_id integer NOT NULL,
    record_id integer DEFAULT nextval('custom_field_reco_record_id_seq'::text) NOT NULL,
    entered timestamp(3) without time zone DEFAULT ('now'::text)::timestamp(6) with time zone NOT NULL,
    enteredby integer NOT NULL,
    modified timestamp(3) without time zone DEFAULT ('now'::text)::timestamp(6) with time zone NOT NULL,
    modifiedby integer NOT NULL,
    enabled boolean DEFAULT true
);


--
-- TOC entry 180 (OID 131923)
-- Name: custom_field_data; Type: TABLE; Schema: public; Owner: matt
--

CREATE TABLE custom_field_data (
    record_id integer NOT NULL,
    field_id integer NOT NULL,
    selected_item_id integer DEFAULT 0,
    entered_value text,
    entered_number integer,
    entered_float double precision
);


--
-- TOC entry 50 (OID 131938)
-- Name: lookup_project_activit_code_seq; Type: SEQUENCE; Schema: public; Owner: matt
--

CREATE SEQUENCE lookup_project_activit_code_seq
    START 1
    INCREMENT 1
    MAXVALUE 9223372036854775807
    MINVALUE 1
    CACHE 1;


--
-- TOC entry 181 (OID 131940)
-- Name: lookup_project_activity; Type: TABLE; Schema: public; Owner: matt
--

CREATE TABLE lookup_project_activity (
    code integer DEFAULT nextval('lookup_project_activit_code_seq'::text) NOT NULL,
    description character varying(50) NOT NULL,
    default_item boolean DEFAULT false,
    "level" integer DEFAULT 0,
    enabled boolean DEFAULT true,
    group_id integer DEFAULT 0 NOT NULL,
    template_id integer DEFAULT 0
);


--
-- TOC entry 52 (OID 131950)
-- Name: lookup_project_priorit_code_seq; Type: SEQUENCE; Schema: public; Owner: matt
--

CREATE SEQUENCE lookup_project_priorit_code_seq
    START 1
    INCREMENT 1
    MAXVALUE 9223372036854775807
    MINVALUE 1
    CACHE 1;


--
-- TOC entry 182 (OID 131952)
-- Name: lookup_project_priority; Type: TABLE; Schema: public; Owner: matt
--

CREATE TABLE lookup_project_priority (
    code integer DEFAULT nextval('lookup_project_priorit_code_seq'::text) NOT NULL,
    description character varying(50) NOT NULL,
    default_item boolean DEFAULT false,
    "level" integer DEFAULT 0,
    enabled boolean DEFAULT true,
    group_id integer DEFAULT 0 NOT NULL,
    graphic character varying(75),
    "type" integer NOT NULL
);


--
-- TOC entry 183 (OID 131963)
-- Name: lookup_project_issues; Type: TABLE; Schema: public; Owner: matt
--

CREATE TABLE lookup_project_issues (
    code serial NOT NULL,
    description character varying(50) NOT NULL,
    default_item boolean DEFAULT false,
    "level" integer DEFAULT 0,
    enabled boolean DEFAULT true,
    group_id integer DEFAULT 0 NOT NULL
);


--
-- TOC entry 184 (OID 131974)
-- Name: lookup_project_status; Type: TABLE; Schema: public; Owner: matt
--

CREATE TABLE lookup_project_status (
    code serial NOT NULL,
    description character varying(50) NOT NULL,
    default_item boolean DEFAULT false,
    "level" integer DEFAULT 0,
    enabled boolean DEFAULT true,
    group_id integer DEFAULT 0 NOT NULL,
    graphic character varying(75),
    "type" integer NOT NULL
);


--
-- TOC entry 185 (OID 131985)
-- Name: lookup_project_loe; Type: TABLE; Schema: public; Owner: matt
--

CREATE TABLE lookup_project_loe (
    code serial NOT NULL,
    description character varying(50) NOT NULL,
    base_value integer DEFAULT 0 NOT NULL,
    default_item boolean DEFAULT false,
    "level" integer DEFAULT 0,
    enabled boolean DEFAULT true,
    group_id integer DEFAULT 0 NOT NULL
);


--
-- TOC entry 186 (OID 131997)
-- Name: projects; Type: TABLE; Schema: public; Owner: matt
--

CREATE TABLE projects (
    project_id serial NOT NULL,
    group_id integer,
    department_id integer,
    template_id integer,
    title character varying(100) NOT NULL,
    shortdescription character varying(200) NOT NULL,
    requestedby character varying(50),
    requesteddept character varying(50),
    requestdate timestamp(3) without time zone DEFAULT ('now'::text)::timestamp(6) with time zone,
    approvaldate timestamp(3) without time zone,
    closedate timestamp(3) without time zone,
    "owner" integer,
    entered timestamp(3) without time zone DEFAULT ('now'::text)::timestamp(6) with time zone,
    enteredby integer NOT NULL,
    modified timestamp(3) without time zone DEFAULT ('now'::text)::timestamp(6) with time zone,
    modifiedby integer NOT NULL
);


--
-- TOC entry 54 (OID 132018)
-- Name: project_requi_requirement_i_seq; Type: SEQUENCE; Schema: public; Owner: matt
--

CREATE SEQUENCE project_requi_requirement_i_seq
    START 1
    INCREMENT 1
    MAXVALUE 9223372036854775807
    MINVALUE 1
    CACHE 1;


--
-- TOC entry 187 (OID 132020)
-- Name: project_requirements; Type: TABLE; Schema: public; Owner: matt
--

CREATE TABLE project_requirements (
    requirement_id integer DEFAULT nextval('project_requi_requirement_i_seq'::text) NOT NULL,
    project_id integer NOT NULL,
    submittedby character varying(50),
    departmentby character varying(30),
    shortdescription character varying(255) NOT NULL,
    description text NOT NULL,
    datereceived timestamp(3) without time zone,
    estimated_loevalue integer,
    estimated_loetype integer,
    actual_loevalue integer,
    actual_loetype integer,
    deadline timestamp(3) without time zone,
    approvedby integer,
    approvaldate timestamp(3) without time zone,
    closedby integer,
    closedate timestamp(3) without time zone,
    entered timestamp(3) without time zone DEFAULT ('now'::text)::timestamp(6) with time zone NOT NULL,
    enteredby integer NOT NULL,
    modified timestamp(3) without time zone DEFAULT ('now'::text)::timestamp(6) with time zone NOT NULL,
    modifiedby integer NOT NULL
);


--
-- TOC entry 56 (OID 132058)
-- Name: project_assig_assignment_id_seq; Type: SEQUENCE; Schema: public; Owner: matt
--

CREATE SEQUENCE project_assig_assignment_id_seq
    START 1
    INCREMENT 1
    MAXVALUE 9223372036854775807
    MINVALUE 1
    CACHE 1;


--
-- TOC entry 188 (OID 132060)
-- Name: project_assignments; Type: TABLE; Schema: public; Owner: matt
--

CREATE TABLE project_assignments (
    assignment_id integer DEFAULT nextval('project_assig_assignment_id_seq'::text) NOT NULL,
    project_id integer NOT NULL,
    requirement_id integer,
    assignedby integer,
    user_assign_id integer,
    activity_id integer,
    technology character varying(50),
    role character varying(255),
    estimated_loevalue integer,
    estimated_loetype integer,
    actual_loevalue integer,
    actual_loetype integer,
    priority_id integer,
    assign_date timestamp(3) without time zone DEFAULT ('now'::text)::timestamp(6) with time zone,
    est_start_date timestamp(3) without time zone,
    start_date timestamp(3) without time zone,
    due_date timestamp(3) without time zone,
    status_id integer,
    status_date timestamp(3) without time zone DEFAULT ('now'::text)::timestamp(6) with time zone NOT NULL,
    complete_date timestamp(3) without time zone,
    entered timestamp(3) without time zone DEFAULT ('now'::text)::timestamp(6) with time zone NOT NULL,
    enteredby integer NOT NULL,
    modified timestamp(3) without time zone DEFAULT ('now'::text)::timestamp(6) with time zone NOT NULL,
    modifiedby integer NOT NULL
);


--
-- TOC entry 58 (OID 132115)
-- Name: project_assignmen_status_id_seq; Type: SEQUENCE; Schema: public; Owner: matt
--

CREATE SEQUENCE project_assignmen_status_id_seq
    START 1
    INCREMENT 1
    MAXVALUE 9223372036854775807
    MINVALUE 1
    CACHE 1;


--
-- TOC entry 189 (OID 132117)
-- Name: project_assignments_status; Type: TABLE; Schema: public; Owner: matt
--

CREATE TABLE project_assignments_status (
    status_id integer DEFAULT nextval('project_assignmen_status_id_seq'::text) NOT NULL,
    assignment_id integer NOT NULL,
    user_id integer NOT NULL,
    description text NOT NULL,
    status_date timestamp(3) without time zone DEFAULT ('now'::text)::timestamp(6) with time zone
);


--
-- TOC entry 190 (OID 132136)
-- Name: project_issues; Type: TABLE; Schema: public; Owner: matt
--

CREATE TABLE project_issues (
    issue_id serial NOT NULL,
    project_id integer NOT NULL,
    type_id integer,
    subject character varying(255) NOT NULL,
    message text NOT NULL,
    importance integer DEFAULT 0,
    enabled boolean DEFAULT true,
    entered timestamp(3) without time zone DEFAULT ('now'::text)::timestamp(6) with time zone NOT NULL,
    enteredby integer NOT NULL,
    modified timestamp(3) without time zone DEFAULT ('now'::text)::timestamp(6) with time zone NOT NULL,
    modifiedby integer NOT NULL
);


--
-- TOC entry 60 (OID 132166)
-- Name: project_issue_repl_reply_id_seq; Type: SEQUENCE; Schema: public; Owner: matt
--

CREATE SEQUENCE project_issue_repl_reply_id_seq
    START 1
    INCREMENT 1
    MAXVALUE 9223372036854775807
    MINVALUE 1
    CACHE 1;


--
-- TOC entry 191 (OID 132168)
-- Name: project_issue_replies; Type: TABLE; Schema: public; Owner: matt
--

CREATE TABLE project_issue_replies (
    reply_id integer DEFAULT nextval('project_issue_repl_reply_id_seq'::text) NOT NULL,
    issue_id integer NOT NULL,
    reply_to integer DEFAULT 0,
    subject character varying(50) NOT NULL,
    message text NOT NULL,
    importance integer,
    entered timestamp(3) without time zone DEFAULT ('now'::text)::timestamp(6) with time zone NOT NULL,
    enteredby integer NOT NULL,
    modified timestamp(3) without time zone DEFAULT ('now'::text)::timestamp(6) with time zone NOT NULL,
    modifiedby integer NOT NULL
);


--
-- TOC entry 192 (OID 132193)
-- Name: project_folders; Type: TABLE; Schema: public; Owner: matt
--

CREATE TABLE project_folders (
    folder_id serial NOT NULL,
    link_module_id integer NOT NULL,
    link_item_id integer NOT NULL,
    subject character varying(255) NOT NULL,
    description text,
    parent integer
);


--
-- TOC entry 193 (OID 132203)
-- Name: project_files; Type: TABLE; Schema: public; Owner: matt
--

CREATE TABLE project_files (
    item_id serial NOT NULL,
    link_module_id integer NOT NULL,
    link_item_id integer NOT NULL,
    folder_id integer,
    client_filename character varying(255) NOT NULL,
    filename character varying(255) NOT NULL,
    subject character varying(500) NOT NULL,
    size integer DEFAULT 0,
    "version" double precision DEFAULT 0,
    enabled boolean DEFAULT true,
    downloads integer DEFAULT 0,
    entered timestamp(3) without time zone DEFAULT ('now'::text)::timestamp(6) with time zone NOT NULL,
    enteredby integer NOT NULL,
    modified timestamp(3) without time zone DEFAULT ('now'::text)::timestamp(6) with time zone NOT NULL,
    modifiedby integer NOT NULL
);


--
-- TOC entry 194 (OID 132230)
-- Name: project_files_version; Type: TABLE; Schema: public; Owner: matt
--

CREATE TABLE project_files_version (
    item_id integer,
    client_filename character varying(255) NOT NULL,
    filename character varying(255) NOT NULL,
    subject character varying(500) NOT NULL,
    size integer DEFAULT 0,
    "version" double precision DEFAULT 0,
    enabled boolean DEFAULT true,
    downloads integer DEFAULT 0,
    entered timestamp(3) without time zone DEFAULT ('now'::text)::timestamp(6) with time zone NOT NULL,
    enteredby integer NOT NULL,
    modified timestamp(3) without time zone DEFAULT ('now'::text)::timestamp(6) with time zone NOT NULL,
    modifiedby integer NOT NULL
);


--
-- TOC entry 195 (OID 132253)
-- Name: project_files_download; Type: TABLE; Schema: public; Owner: matt
--

CREATE TABLE project_files_download (
    item_id integer NOT NULL,
    "version" double precision DEFAULT 0,
    user_download_id integer,
    download_date timestamp(3) without time zone DEFAULT ('now'::text)::timestamp(6) with time zone NOT NULL
);


--
-- TOC entry 196 (OID 132265)
-- Name: project_team; Type: TABLE; Schema: public; Owner: matt
--

CREATE TABLE project_team (
    project_id integer NOT NULL,
    user_id integer NOT NULL,
    userlevel integer,
    entered timestamp(3) without time zone DEFAULT ('now'::text)::timestamp(6) with time zone,
    enteredby integer NOT NULL,
    modified timestamp(3) without time zone DEFAULT ('now'::text)::timestamp(6) with time zone,
    modifiedby integer NOT NULL
);


--
-- TOC entry 197 (OID 132326)
-- Name: saved_criterialist; Type: TABLE; Schema: public; Owner: matt
--

CREATE TABLE saved_criterialist (
    id serial NOT NULL,
    entered timestamp(3) without time zone DEFAULT ('now'::text)::timestamp(6) with time zone NOT NULL,
    enteredby integer NOT NULL,
    modified timestamp(3) without time zone DEFAULT ('now'::text)::timestamp(6) with time zone NOT NULL,
    modifiedby integer NOT NULL,
    "owner" integer NOT NULL,
    name character varying(80) NOT NULL,
    contact_source integer DEFAULT -1,
    enabled boolean DEFAULT true NOT NULL
);


--
-- TOC entry 198 (OID 132349)
-- Name: campaign; Type: TABLE; Schema: public; Owner: matt
--

CREATE TABLE campaign (
    campaign_id serial NOT NULL,
    name character varying(80) NOT NULL,
    description character varying(255),
    list_id integer,
    message_id integer DEFAULT -1,
    reply_addr character varying(255),
    subject character varying(255),
    message text,
    status_id integer DEFAULT 0,
    status character varying(255),
    active boolean DEFAULT false,
    active_date date,
    send_method_id integer DEFAULT -1 NOT NULL,
    inactive_date date,
    approval_date timestamp(3) without time zone,
    approvedby integer,
    enabled boolean DEFAULT true NOT NULL,
    entered timestamp(3) without time zone DEFAULT ('now'::text)::timestamp(6) with time zone NOT NULL,
    enteredby integer NOT NULL,
    modified timestamp(3) without time zone DEFAULT ('now'::text)::timestamp(6) with time zone NOT NULL,
    modifiedby integer NOT NULL,
    "type" integer DEFAULT 1
);


--
-- TOC entry 199 (OID 132379)
-- Name: campaign_run; Type: TABLE; Schema: public; Owner: matt
--

CREATE TABLE campaign_run (
    id serial NOT NULL,
    campaign_id integer NOT NULL,
    status integer DEFAULT 0 NOT NULL,
    run_date timestamp(3) without time zone DEFAULT ('now'::text)::timestamp(6) with time zone NOT NULL,
    total_contacts integer DEFAULT 0,
    total_sent integer DEFAULT 0,
    total_replied integer DEFAULT 0,
    total_bounced integer DEFAULT 0
);


--
-- TOC entry 200 (OID 132396)
-- Name: excluded_recipient; Type: TABLE; Schema: public; Owner: matt
--

CREATE TABLE excluded_recipient (
    id serial NOT NULL,
    campaign_id integer NOT NULL,
    contact_id integer NOT NULL
);


--
-- TOC entry 201 (OID 132409)
-- Name: campaign_list_groups; Type: TABLE; Schema: public; Owner: matt
--

CREATE TABLE campaign_list_groups (
    campaign_id integer NOT NULL,
    group_id integer NOT NULL
);


--
-- TOC entry 202 (OID 132421)
-- Name: active_campaign_groups; Type: TABLE; Schema: public; Owner: matt
--

CREATE TABLE active_campaign_groups (
    id serial NOT NULL,
    campaign_id integer NOT NULL,
    groupname character varying(80) NOT NULL,
    groupcriteria text
);


--
-- TOC entry 203 (OID 132435)
-- Name: scheduled_recipient; Type: TABLE; Schema: public; Owner: matt
--

CREATE TABLE scheduled_recipient (
    id serial NOT NULL,
    campaign_id integer NOT NULL,
    contact_id integer NOT NULL,
    run_id integer DEFAULT -1,
    status_id integer DEFAULT 0,
    status character varying(255),
    status_date timestamp(3) without time zone DEFAULT ('now'::text)::timestamp(6) with time zone,
    scheduled_date timestamp(3) without time zone DEFAULT ('now'::text)::timestamp(6) with time zone,
    sent_date timestamp(3) without time zone,
    reply_date timestamp(3) without time zone,
    bounce_date timestamp(3) without time zone
);


--
-- TOC entry 204 (OID 132454)
-- Name: lookup_survey_types; Type: TABLE; Schema: public; Owner: matt
--

CREATE TABLE lookup_survey_types (
    code serial NOT NULL,
    description character varying(50) NOT NULL,
    default_item boolean DEFAULT false,
    "level" integer DEFAULT 0,
    enabled boolean DEFAULT true
);


--
-- TOC entry 205 (OID 132464)
-- Name: survey; Type: TABLE; Schema: public; Owner: matt
--

CREATE TABLE survey (
    survey_id serial NOT NULL,
    name character varying(80) NOT NULL,
    description character varying(255),
    intro text,
    outro text,
    itemlength integer DEFAULT -1,
    "type" integer DEFAULT -1,
    enabled boolean DEFAULT true NOT NULL,
    status integer DEFAULT -1 NOT NULL,
    entered timestamp(3) without time zone DEFAULT ('now'::text)::timestamp(6) with time zone NOT NULL,
    enteredby integer NOT NULL,
    modified timestamp(3) without time zone DEFAULT ('now'::text)::timestamp(6) with time zone NOT NULL,
    modifiedby integer NOT NULL
);


--
-- TOC entry 206 (OID 132486)
-- Name: campaign_survey_link; Type: TABLE; Schema: public; Owner: matt
--

CREATE TABLE campaign_survey_link (
    campaign_id integer,
    survey_id integer
);


--
-- TOC entry 62 (OID 132496)
-- Name: survey_question_question_id_seq; Type: SEQUENCE; Schema: public; Owner: matt
--

CREATE SEQUENCE survey_question_question_id_seq
    START 1
    INCREMENT 1
    MAXVALUE 9223372036854775807
    MINVALUE 1
    CACHE 1;


--
-- TOC entry 207 (OID 132498)
-- Name: survey_questions; Type: TABLE; Schema: public; Owner: matt
--

CREATE TABLE survey_questions (
    question_id integer DEFAULT nextval('survey_question_question_id_seq'::text) NOT NULL,
    survey_id integer NOT NULL,
    "type" integer NOT NULL,
    description character varying(255),
    required boolean DEFAULT false NOT NULL,
    "position" integer DEFAULT 0 NOT NULL
);


--
-- TOC entry 208 (OID 132515)
-- Name: survey_items; Type: TABLE; Schema: public; Owner: matt
--

CREATE TABLE survey_items (
    item_id serial NOT NULL,
    question_id integer NOT NULL,
    "type" integer DEFAULT -1,
    description character varying(255)
);


--
-- TOC entry 64 (OID 132525)
-- Name: active_survey_active_survey_seq; Type: SEQUENCE; Schema: public; Owner: matt
--

CREATE SEQUENCE active_survey_active_survey_seq
    START 1
    INCREMENT 1
    MAXVALUE 9223372036854775807
    MINVALUE 1
    CACHE 1;


--
-- TOC entry 209 (OID 132527)
-- Name: active_survey; Type: TABLE; Schema: public; Owner: matt
--

CREATE TABLE active_survey (
    active_survey_id integer DEFAULT nextval('active_survey_active_survey_seq'::text) NOT NULL,
    campaign_id integer NOT NULL,
    name character varying(80) NOT NULL,
    description character varying(255),
    intro text,
    outro text,
    itemlength integer DEFAULT -1,
    "type" integer NOT NULL,
    enabled boolean DEFAULT true NOT NULL,
    entered timestamp(3) without time zone DEFAULT ('now'::text)::timestamp(6) with time zone NOT NULL,
    enteredby integer NOT NULL,
    modified timestamp(3) without time zone DEFAULT ('now'::text)::timestamp(6) with time zone NOT NULL,
    modifiedby integer NOT NULL
);


--
-- TOC entry 66 (OID 132555)
-- Name: active_survey_q_question_id_seq; Type: SEQUENCE; Schema: public; Owner: matt
--

CREATE SEQUENCE active_survey_q_question_id_seq
    START 1
    INCREMENT 1
    MAXVALUE 9223372036854775807
    MINVALUE 1
    CACHE 1;


--
-- TOC entry 210 (OID 132557)
-- Name: active_survey_questions; Type: TABLE; Schema: public; Owner: matt
--

CREATE TABLE active_survey_questions (
    question_id integer DEFAULT nextval('active_survey_q_question_id_seq'::text) NOT NULL,
    active_survey_id integer,
    "type" integer NOT NULL,
    description character varying(255),
    required boolean DEFAULT false NOT NULL,
    "position" integer DEFAULT 0 NOT NULL,
    average double precision DEFAULT 0.00,
    total1 integer DEFAULT 0,
    total2 integer DEFAULT 0,
    total3 integer DEFAULT 0,
    total4 integer DEFAULT 0,
    total5 integer DEFAULT 0,
    total6 integer DEFAULT 0,
    total7 integer DEFAULT 0
);


--
-- TOC entry 68 (OID 132580)
-- Name: active_survey_items_item_id_seq; Type: SEQUENCE; Schema: public; Owner: matt
--

CREATE SEQUENCE active_survey_items_item_id_seq
    START 1
    INCREMENT 1
    MAXVALUE 9223372036854775807
    MINVALUE 1
    CACHE 1;


--
-- TOC entry 211 (OID 132582)
-- Name: active_survey_items; Type: TABLE; Schema: public; Owner: matt
--

CREATE TABLE active_survey_items (
    item_id integer DEFAULT nextval('active_survey_items_item_id_seq'::text) NOT NULL,
    question_id integer NOT NULL,
    "type" integer DEFAULT -1,
    description character varying(255)
);


--
-- TOC entry 70 (OID 132592)
-- Name: active_survey_r_response_id_seq; Type: SEQUENCE; Schema: public; Owner: matt
--

CREATE SEQUENCE active_survey_r_response_id_seq
    START 1
    INCREMENT 1
    MAXVALUE 9223372036854775807
    MINVALUE 1
    CACHE 1;


--
-- TOC entry 212 (OID 132594)
-- Name: active_survey_responses; Type: TABLE; Schema: public; Owner: matt
--

CREATE TABLE active_survey_responses (
    response_id integer DEFAULT nextval('active_survey_r_response_id_seq'::text) NOT NULL,
    active_survey_id integer NOT NULL,
    contact_id integer DEFAULT -1 NOT NULL,
    unique_code character varying(255),
    ip_address character varying(15) NOT NULL,
    entered timestamp(3) without time zone DEFAULT ('now'::text)::timestamp(6) with time zone NOT NULL
);


--
-- TOC entry 72 (OID 132605)
-- Name: active_survey_ans_answer_id_seq; Type: SEQUENCE; Schema: public; Owner: matt
--

CREATE SEQUENCE active_survey_ans_answer_id_seq
    START 1
    INCREMENT 1
    MAXVALUE 9223372036854775807
    MINVALUE 1
    CACHE 1;


--
-- TOC entry 213 (OID 132607)
-- Name: active_survey_answers; Type: TABLE; Schema: public; Owner: matt
--

CREATE TABLE active_survey_answers (
    answer_id integer DEFAULT nextval('active_survey_ans_answer_id_seq'::text) NOT NULL,
    response_id integer NOT NULL,
    question_id integer NOT NULL,
    comments text,
    quant_ans integer DEFAULT -1,
    text_ans text
);


--
-- TOC entry 74 (OID 132624)
-- Name: active_survey_answer_ite_id_seq; Type: SEQUENCE; Schema: public; Owner: matt
--

CREATE SEQUENCE active_survey_answer_ite_id_seq
    START 1
    INCREMENT 1
    MAXVALUE 9223372036854775807
    MINVALUE 1
    CACHE 1;


--
-- TOC entry 214 (OID 132626)
-- Name: active_survey_answer_items; Type: TABLE; Schema: public; Owner: matt
--

CREATE TABLE active_survey_answer_items (
    id integer DEFAULT nextval('active_survey_answer_ite_id_seq'::text) NOT NULL,
    item_id integer NOT NULL,
    answer_id integer NOT NULL,
    comments text
);


--
-- TOC entry 76 (OID 132642)
-- Name: active_survey_answer_avg_id_seq; Type: SEQUENCE; Schema: public; Owner: matt
--

CREATE SEQUENCE active_survey_answer_avg_id_seq
    START 1
    INCREMENT 1
    MAXVALUE 9223372036854775807
    MINVALUE 1
    CACHE 1;


--
-- TOC entry 215 (OID 132644)
-- Name: active_survey_answer_avg; Type: TABLE; Schema: public; Owner: matt
--

CREATE TABLE active_survey_answer_avg (
    id integer DEFAULT nextval('active_survey_answer_avg_id_seq'::text) NOT NULL,
    question_id integer NOT NULL,
    item_id integer NOT NULL,
    total integer DEFAULT 0 NOT NULL
);


--
-- TOC entry 216 (OID 132660)
-- Name: field_types; Type: TABLE; Schema: public; Owner: matt
--

CREATE TABLE field_types (
    id serial NOT NULL,
    data_typeid integer DEFAULT -1 NOT NULL,
    data_type character varying(20),
    "operator" character varying(50),
    display_text character varying(50),
    enabled boolean DEFAULT true NOT NULL
);


--
-- TOC entry 217 (OID 132669)
-- Name: search_fields; Type: TABLE; Schema: public; Owner: matt
--

CREATE TABLE search_fields (
    id serial NOT NULL,
    field character varying(80),
    description character varying(255),
    searchable boolean DEFAULT true NOT NULL,
    field_typeid integer DEFAULT -1 NOT NULL,
    table_name character varying(80),
    object_class character varying(80),
    enabled boolean DEFAULT true
);


--
-- TOC entry 218 (OID 132679)
-- Name: message; Type: TABLE; Schema: public; Owner: matt
--

CREATE TABLE message (
    id serial NOT NULL,
    name character varying(80) NOT NULL,
    description character varying(255),
    template_id integer,
    subject character varying(255),
    body text,
    reply_addr character varying(100),
    url character varying(255),
    img character varying(80),
    enabled boolean DEFAULT true NOT NULL,
    entered timestamp(3) without time zone DEFAULT ('now'::text)::timestamp(6) with time zone NOT NULL,
    enteredby integer NOT NULL,
    modified timestamp(3) without time zone DEFAULT ('now'::text)::timestamp(6) with time zone NOT NULL,
    modifiedby integer NOT NULL,
    access_type integer
);


--
-- TOC entry 219 (OID 132704)
-- Name: message_template; Type: TABLE; Schema: public; Owner: matt
--

CREATE TABLE message_template (
    id serial NOT NULL,
    name character varying(80) NOT NULL,
    description character varying(255),
    template_file character varying(80),
    num_imgs integer,
    num_urls integer,
    enabled boolean DEFAULT true NOT NULL,
    entered timestamp(3) without time zone DEFAULT ('now'::text)::timestamp(6) with time zone NOT NULL,
    enteredby integer NOT NULL,
    modified timestamp(3) without time zone DEFAULT ('now'::text)::timestamp(6) with time zone NOT NULL,
    modifiedby integer NOT NULL
);


--
-- TOC entry 220 (OID 132720)
-- Name: saved_criteriaelement; Type: TABLE; Schema: public; Owner: matt
--

CREATE TABLE saved_criteriaelement (
    id integer NOT NULL,
    field integer NOT NULL,
    "operator" character varying(50) NOT NULL,
    operatorid integer NOT NULL,
    value character varying(80) NOT NULL,
    source integer DEFAULT -1 NOT NULL,
    value_id integer
);


--
-- TOC entry 221 (OID 132778)
-- Name: help_module; Type: TABLE; Schema: public; Owner: matt
--

CREATE TABLE help_module (
    module_id serial NOT NULL,
    category_id integer,
    module_brief_description text,
    module_detail_description text
);


--
-- TOC entry 222 (OID 132792)
-- Name: help_contents; Type: TABLE; Schema: public; Owner: matt
--

CREATE TABLE help_contents (
    help_id serial NOT NULL,
    category_id integer,
    link_module_id integer,
    module character varying(255),
    section character varying(255),
    subsection character varying(255),
    title character varying(255),
    description text,
    nextcontent integer,
    prevcontent integer,
    upcontent integer,
    enteredby integer NOT NULL,
    entered timestamp(3) without time zone DEFAULT ('now'::text)::timestamp(6) with time zone NOT NULL,
    modifiedby integer NOT NULL,
    modified timestamp(3) without time zone DEFAULT ('now'::text)::timestamp(6) with time zone NOT NULL,
    enabled boolean DEFAULT true
);


--
-- TOC entry 223 (OID 132833)
-- Name: help_tableof_contents; Type: TABLE; Schema: public; Owner: matt
--

CREATE TABLE help_tableof_contents (
    content_id serial NOT NULL,
    displaytext character varying(255),
    firstchild integer,
    nextsibling integer,
    parent integer,
    category_id integer,
    contentlevel integer NOT NULL,
    contentorder integer NOT NULL,
    enteredby integer NOT NULL,
    entered timestamp(3) without time zone DEFAULT ('now'::text)::timestamp(6) with time zone NOT NULL,
    modifiedby integer NOT NULL,
    modified timestamp(3) without time zone DEFAULT ('now'::text)::timestamp(6) with time zone NOT NULL,
    enabled boolean DEFAULT true
);


--
-- TOC entry 224 (OID 132867)
-- Name: help_tableofcontentitem_links; Type: TABLE; Schema: public; Owner: matt
--

CREATE TABLE help_tableofcontentitem_links (
    link_id serial NOT NULL,
    global_link_id integer NOT NULL,
    linkto_content_id integer NOT NULL,
    enteredby integer NOT NULL,
    entered timestamp(3) without time zone DEFAULT ('now'::text)::timestamp(6) with time zone NOT NULL,
    modifiedby integer NOT NULL,
    modified timestamp(3) without time zone DEFAULT ('now'::text)::timestamp(6) with time zone NOT NULL,
    enabled boolean DEFAULT true
);


--
-- TOC entry 225 (OID 132893)
-- Name: lookup_help_features; Type: TABLE; Schema: public; Owner: matt
--

CREATE TABLE lookup_help_features (
    code serial NOT NULL,
    description character varying(1000) NOT NULL,
    default_item boolean DEFAULT false,
    "level" integer DEFAULT 0,
    enabled boolean DEFAULT true
);


--
-- TOC entry 226 (OID 132906)
-- Name: help_features; Type: TABLE; Schema: public; Owner: matt
--

CREATE TABLE help_features (
    feature_id serial NOT NULL,
    link_help_id integer NOT NULL,
    link_feature_id integer,
    description character varying(1000) NOT NULL,
    enteredby integer NOT NULL,
    entered timestamp(3) without time zone DEFAULT ('now'::text)::timestamp(6) with time zone NOT NULL,
    modifiedby integer NOT NULL,
    modified timestamp(3) without time zone DEFAULT ('now'::text)::timestamp(6) with time zone NOT NULL,
    completedate timestamp(3) without time zone,
    completedby integer,
    enabled boolean DEFAULT true NOT NULL,
    "level" integer DEFAULT 0
);


--
-- TOC entry 227 (OID 132940)
-- Name: help_related_links; Type: TABLE; Schema: public; Owner: matt
--

CREATE TABLE help_related_links (
    relatedlink_id serial NOT NULL,
    owning_module_id integer,
    linkto_content_id integer,
    displaytext character varying(255) NOT NULL,
    enteredby integer NOT NULL,
    entered timestamp(3) without time zone DEFAULT ('now'::text)::timestamp(6) with time zone NOT NULL,
    modifiedby integer NOT NULL,
    modified timestamp(3) without time zone DEFAULT ('now'::text)::timestamp(6) with time zone NOT NULL,
    enabled boolean DEFAULT true NOT NULL
);


--
-- TOC entry 228 (OID 132966)
-- Name: help_faqs; Type: TABLE; Schema: public; Owner: matt
--

CREATE TABLE help_faqs (
    faq_id serial NOT NULL,
    owning_module_id integer NOT NULL,
    question character varying(1000) NOT NULL,
    answer character varying(1000) NOT NULL,
    enteredby integer NOT NULL,
    entered timestamp(3) without time zone DEFAULT ('now'::text)::timestamp(6) with time zone NOT NULL,
    modifiedby integer NOT NULL,
    modified timestamp(3) without time zone DEFAULT ('now'::text)::timestamp(6) with time zone NOT NULL,
    completedate timestamp(3) without time zone,
    completedby integer,
    enabled boolean DEFAULT true NOT NULL
);


--
-- TOC entry 229 (OID 132995)
-- Name: help_business_rules; Type: TABLE; Schema: public; Owner: matt
--

CREATE TABLE help_business_rules (
    rule_id serial NOT NULL,
    link_help_id integer NOT NULL,
    description character varying(1000) NOT NULL,
    enteredby integer NOT NULL,
    entered timestamp(3) without time zone DEFAULT ('now'::text)::timestamp(6) with time zone NOT NULL,
    modifiedby integer NOT NULL,
    modified timestamp(3) without time zone DEFAULT ('now'::text)::timestamp(6) with time zone NOT NULL,
    completedate timestamp(3) without time zone,
    completedby integer,
    enabled boolean DEFAULT true NOT NULL
);


--
-- TOC entry 230 (OID 133024)
-- Name: help_notes; Type: TABLE; Schema: public; Owner: matt
--

CREATE TABLE help_notes (
    note_id serial NOT NULL,
    link_help_id integer NOT NULL,
    description character varying(1000) NOT NULL,
    enteredby integer NOT NULL,
    entered timestamp(3) without time zone DEFAULT ('now'::text)::timestamp(6) with time zone NOT NULL,
    modifiedby integer NOT NULL,
    modified timestamp(3) without time zone DEFAULT ('now'::text)::timestamp(6) with time zone NOT NULL,
    completedate timestamp(3) without time zone,
    completedby integer,
    enabled boolean DEFAULT true NOT NULL
);


--
-- TOC entry 231 (OID 133053)
-- Name: help_tips; Type: TABLE; Schema: public; Owner: matt
--

CREATE TABLE help_tips (
    tip_id serial NOT NULL,
    link_help_id integer NOT NULL,
    description character varying(1000) NOT NULL,
    enteredby integer NOT NULL,
    entered timestamp(3) without time zone DEFAULT ('now'::text)::timestamp(6) with time zone NOT NULL,
    modifiedby integer NOT NULL,
    modified timestamp(3) without time zone DEFAULT ('now'::text)::timestamp(6) with time zone NOT NULL,
    enabled boolean DEFAULT true NOT NULL
);


--
-- TOC entry 232 (OID 133078)
-- Name: sync_client; Type: TABLE; Schema: public; Owner: matt
--

CREATE TABLE sync_client (
    client_id serial NOT NULL,
    "type" character varying(100),
    "version" character varying(50),
    entered timestamp(3) without time zone DEFAULT ('now'::text)::timestamp(6) with time zone NOT NULL,
    enteredby integer NOT NULL,
    modified timestamp(3) without time zone DEFAULT ('now'::text)::timestamp(6) with time zone NOT NULL,
    modifiedby integer NOT NULL,
    anchor timestamp(3) without time zone
);


--
-- TOC entry 233 (OID 133087)
-- Name: sync_system; Type: TABLE; Schema: public; Owner: matt
--

CREATE TABLE sync_system (
    system_id serial NOT NULL,
    application_name character varying(255),
    enabled boolean DEFAULT true
);


--
-- TOC entry 234 (OID 133095)
-- Name: sync_table; Type: TABLE; Schema: public; Owner: matt
--

CREATE TABLE sync_table (
    table_id serial NOT NULL,
    system_id integer NOT NULL,
    element_name character varying(255),
    mapped_class_name character varying(255),
    entered timestamp(3) without time zone DEFAULT ('now'::text)::timestamp(6) with time zone NOT NULL,
    modified timestamp(3) without time zone DEFAULT ('now'::text)::timestamp(6) with time zone NOT NULL,
    create_statement text,
    order_id integer DEFAULT -1,
    sync_item boolean DEFAULT false,
    object_key character varying(50)
);


--
-- TOC entry 235 (OID 133111)
-- Name: sync_map; Type: TABLE; Schema: public; Owner: matt
--

CREATE TABLE sync_map (
    client_id integer NOT NULL,
    table_id integer NOT NULL,
    record_id integer NOT NULL,
    cuid integer NOT NULL,
    complete boolean DEFAULT false,
    status_date timestamp(3) without time zone
);


--
-- TOC entry 236 (OID 133123)
-- Name: sync_conflict_log; Type: TABLE; Schema: public; Owner: matt
--

CREATE TABLE sync_conflict_log (
    client_id integer NOT NULL,
    table_id integer NOT NULL,
    record_id integer NOT NULL,
    status_date timestamp(3) without time zone DEFAULT ('now'::text)::timestamp(6) with time zone NOT NULL
);


--
-- TOC entry 237 (OID 133136)
-- Name: sync_log; Type: TABLE; Schema: public; Owner: matt
--

CREATE TABLE sync_log (
    log_id serial NOT NULL,
    system_id integer NOT NULL,
    client_id integer NOT NULL,
    ip character varying(15),
    entered timestamp(3) without time zone DEFAULT ('now'::text)::timestamp(6) with time zone NOT NULL
);


--
-- TOC entry 78 (OID 133150)
-- Name: sync_transact_transaction_i_seq; Type: SEQUENCE; Schema: public; Owner: matt
--

CREATE SEQUENCE sync_transact_transaction_i_seq
    START 1
    INCREMENT 1
    MAXVALUE 9223372036854775807
    MINVALUE 1
    CACHE 1;


--
-- TOC entry 238 (OID 133152)
-- Name: sync_transaction_log; Type: TABLE; Schema: public; Owner: matt
--

CREATE TABLE sync_transaction_log (
    transaction_id integer DEFAULT nextval('sync_transact_transaction_i_seq'::text) NOT NULL,
    log_id integer NOT NULL,
    reference_id character varying(50),
    element_name character varying(255),
    "action" character varying(20),
    link_item_id integer,
    status_code integer,
    record_count integer,
    message text
);


--
-- TOC entry 239 (OID 133166)
-- Name: process_log; Type: TABLE; Schema: public; Owner: matt
--

CREATE TABLE process_log (
    process_id serial NOT NULL,
    system_id integer NOT NULL,
    client_id integer NOT NULL,
    entered timestamp(3) without time zone DEFAULT ('now'::text)::timestamp(6) with time zone NOT NULL,
    process_name character varying(255),
    process_version character varying(20),
    status integer,
    message text
);


--
-- TOC entry 240 (OID 133389)
-- Name: autoguide_make; Type: TABLE; Schema: public; Owner: matt
--

CREATE TABLE autoguide_make (
    make_id serial NOT NULL,
    make_name character varying(30),
    entered timestamp(3) without time zone DEFAULT ('now'::text)::timestamp(6) with time zone NOT NULL,
    enteredby integer NOT NULL,
    modified timestamp(3) without time zone DEFAULT ('now'::text)::timestamp(6) with time zone NOT NULL,
    modifiedby integer NOT NULL
);


--
-- TOC entry 241 (OID 133398)
-- Name: autoguide_model; Type: TABLE; Schema: public; Owner: matt
--

CREATE TABLE autoguide_model (
    model_id serial NOT NULL,
    make_id integer NOT NULL,
    model_name character varying(50),
    entered timestamp(3) without time zone DEFAULT ('now'::text)::timestamp(6) with time zone NOT NULL,
    enteredby integer NOT NULL,
    modified timestamp(3) without time zone DEFAULT ('now'::text)::timestamp(6) with time zone NOT NULL,
    modifiedby integer NOT NULL
);


--
-- TOC entry 80 (OID 133409)
-- Name: autoguide_vehicl_vehicle_id_seq; Type: SEQUENCE; Schema: public; Owner: matt
--

CREATE SEQUENCE autoguide_vehicl_vehicle_id_seq
    START 1
    INCREMENT 1
    MAXVALUE 9223372036854775807
    MINVALUE 1
    CACHE 1;


--
-- TOC entry 242 (OID 133411)
-- Name: autoguide_vehicle; Type: TABLE; Schema: public; Owner: matt
--

CREATE TABLE autoguide_vehicle (
    vehicle_id integer DEFAULT nextval('autoguide_vehicl_vehicle_id_seq'::text) NOT NULL,
    "year" character varying(4) NOT NULL,
    make_id integer NOT NULL,
    model_id integer NOT NULL,
    entered timestamp(3) without time zone DEFAULT ('now'::text)::timestamp(6) with time zone NOT NULL,
    enteredby integer NOT NULL,
    modified timestamp(3) without time zone DEFAULT ('now'::text)::timestamp(6) with time zone NOT NULL,
    modifiedby integer NOT NULL
);


--
-- TOC entry 82 (OID 133426)
-- Name: autoguide_inve_inventory_id_seq; Type: SEQUENCE; Schema: public; Owner: matt
--

CREATE SEQUENCE autoguide_inve_inventory_id_seq
    START 1
    INCREMENT 1
    MAXVALUE 9223372036854775807
    MINVALUE 1
    CACHE 1;


--
-- TOC entry 243 (OID 133428)
-- Name: autoguide_inventory; Type: TABLE; Schema: public; Owner: matt
--

CREATE TABLE autoguide_inventory (
    inventory_id integer DEFAULT nextval('autoguide_inve_inventory_id_seq'::text) NOT NULL,
    vehicle_id integer NOT NULL,
    account_id integer,
    vin character varying(20),
    mileage character varying(20),
    is_new boolean DEFAULT false,
    condition character varying(20),
    comments character varying(255),
    stock_no character varying(20),
    ext_color character varying(20),
    int_color character varying(20),
    style character varying(40),
    invoice_price double precision,
    selling_price double precision,
    selling_price_text character varying(100),
    sold boolean DEFAULT false,
    status character varying(20),
    entered timestamp(3) without time zone DEFAULT ('now'::text)::timestamp(6) with time zone NOT NULL,
    enteredby integer NOT NULL,
    modified timestamp(3) without time zone DEFAULT ('now'::text)::timestamp(6) with time zone NOT NULL,
    modifiedby integer NOT NULL
);


--
-- TOC entry 84 (OID 133445)
-- Name: autoguide_options_option_id_seq; Type: SEQUENCE; Schema: public; Owner: matt
--

CREATE SEQUENCE autoguide_options_option_id_seq
    START 1
    INCREMENT 1
    MAXVALUE 9223372036854775807
    MINVALUE 1
    CACHE 1;


--
-- TOC entry 244 (OID 133447)
-- Name: autoguide_options; Type: TABLE; Schema: public; Owner: matt
--

CREATE TABLE autoguide_options (
    option_id integer DEFAULT nextval('autoguide_options_option_id_seq'::text) NOT NULL,
    option_name character varying(20) NOT NULL,
    default_item boolean DEFAULT false,
    "level" integer DEFAULT 0,
    enabled boolean DEFAULT true,
    entered timestamp(3) without time zone DEFAULT ('now'::text)::timestamp(6) with time zone NOT NULL,
    modified timestamp(3) without time zone DEFAULT ('now'::text)::timestamp(6) with time zone NOT NULL
);


--
-- TOC entry 245 (OID 133457)
-- Name: autoguide_inventory_options; Type: TABLE; Schema: public; Owner: matt
--

CREATE TABLE autoguide_inventory_options (
    inventory_id integer NOT NULL,
    option_id integer NOT NULL
);


--
-- TOC entry 246 (OID 133466)
-- Name: autoguide_ad_run; Type: TABLE; Schema: public; Owner: matt
--

CREATE TABLE autoguide_ad_run (
    ad_run_id serial NOT NULL,
    inventory_id integer NOT NULL,
    run_date timestamp(3) without time zone NOT NULL,
    ad_type character varying(20),
    include_photo boolean DEFAULT false,
    complete_date timestamp(3) without time zone,
    completedby integer DEFAULT -1,
    entered timestamp(3) without time zone DEFAULT ('now'::text)::timestamp(6) with time zone NOT NULL,
    enteredby integer NOT NULL,
    modified timestamp(3) without time zone DEFAULT ('now'::text)::timestamp(6) with time zone NOT NULL,
    modifiedby integer NOT NULL
);


--
-- TOC entry 86 (OID 133479)
-- Name: autoguide_ad_run_types_code_seq; Type: SEQUENCE; Schema: public; Owner: matt
--

CREATE SEQUENCE autoguide_ad_run_types_code_seq
    START 1
    INCREMENT 1
    MAXVALUE 9223372036854775807
    MINVALUE 1
    CACHE 1;


--
-- TOC entry 247 (OID 133481)
-- Name: autoguide_ad_run_types; Type: TABLE; Schema: public; Owner: matt
--

CREATE TABLE autoguide_ad_run_types (
    code integer DEFAULT nextval('autoguide_ad_run_types_code_seq'::text) NOT NULL,
    description character varying(20) NOT NULL,
    default_item boolean DEFAULT false,
    "level" integer DEFAULT 0,
    enabled boolean DEFAULT false,
    entered timestamp(3) without time zone DEFAULT ('now'::text)::timestamp(6) with time zone NOT NULL,
    modified timestamp(3) without time zone DEFAULT ('now'::text)::timestamp(6) with time zone NOT NULL
);


--
-- TOC entry 248 (OID 133526)
-- Name: lookup_revenue_types; Type: TABLE; Schema: public; Owner: matt
--

CREATE TABLE lookup_revenue_types (
    code serial NOT NULL,
    description character varying(50) NOT NULL,
    default_item boolean DEFAULT false,
    "level" integer DEFAULT 0,
    enabled boolean DEFAULT true
);


--
-- TOC entry 88 (OID 133534)
-- Name: lookup_revenuedetail_t_code_seq; Type: SEQUENCE; Schema: public; Owner: matt
--

CREATE SEQUENCE lookup_revenuedetail_t_code_seq
    START 1
    INCREMENT 1
    MAXVALUE 9223372036854775807
    MINVALUE 1
    CACHE 1;


--
-- TOC entry 249 (OID 133536)
-- Name: lookup_revenuedetail_types; Type: TABLE; Schema: public; Owner: matt
--

CREATE TABLE lookup_revenuedetail_types (
    code integer DEFAULT nextval('lookup_revenuedetail_t_code_seq'::text) NOT NULL,
    description character varying(50) NOT NULL,
    default_item boolean DEFAULT false,
    "level" integer DEFAULT 0,
    enabled boolean DEFAULT true
);


--
-- TOC entry 250 (OID 133546)
-- Name: revenue; Type: TABLE; Schema: public; Owner: matt
--

CREATE TABLE revenue (
    id serial NOT NULL,
    org_id integer,
    transaction_id integer DEFAULT -1,
    "month" integer DEFAULT -1,
    "year" integer DEFAULT -1,
    amount double precision DEFAULT 0,
    "type" integer,
    "owner" integer,
    description character varying(255),
    entered timestamp(3) without time zone DEFAULT ('now'::text)::timestamp(6) with time zone NOT NULL,
    enteredby integer NOT NULL,
    modified timestamp(3) without time zone DEFAULT ('now'::text)::timestamp(6) with time zone NOT NULL,
    modifiedby integer NOT NULL
);


--
-- TOC entry 251 (OID 133579)
-- Name: revenue_detail; Type: TABLE; Schema: public; Owner: matt
--

CREATE TABLE revenue_detail (
    id serial NOT NULL,
    revenue_id integer,
    amount double precision DEFAULT 0,
    "type" integer,
    "owner" integer,
    description character varying(255),
    entered timestamp(3) without time zone DEFAULT ('now'::text)::timestamp(6) with time zone NOT NULL,
    enteredby integer NOT NULL,
    modified timestamp(3) without time zone DEFAULT ('now'::text)::timestamp(6) with time zone NOT NULL,
    modifiedby integer NOT NULL
);


--
-- TOC entry 252 (OID 133610)
-- Name: lookup_task_priority; Type: TABLE; Schema: public; Owner: matt
--

CREATE TABLE lookup_task_priority (
    code serial NOT NULL,
    description character varying(50) NOT NULL,
    default_item boolean DEFAULT false,
    "level" integer DEFAULT 0,
    enabled boolean DEFAULT true
);


--
-- TOC entry 253 (OID 133620)
-- Name: lookup_task_loe; Type: TABLE; Schema: public; Owner: matt
--

CREATE TABLE lookup_task_loe (
    code serial NOT NULL,
    description character varying(50) NOT NULL,
    default_item boolean DEFAULT false,
    "level" integer DEFAULT 0,
    enabled boolean DEFAULT true
);


--
-- TOC entry 254 (OID 133630)
-- Name: lookup_task_category; Type: TABLE; Schema: public; Owner: matt
--

CREATE TABLE lookup_task_category (
    code serial NOT NULL,
    description character varying(50) NOT NULL,
    default_item boolean DEFAULT false,
    "level" integer DEFAULT 0,
    enabled boolean DEFAULT true
);


--
-- TOC entry 255 (OID 133640)
-- Name: task; Type: TABLE; Schema: public; Owner: matt
--

CREATE TABLE task (
    task_id serial NOT NULL,
    entered timestamp(3) without time zone DEFAULT ('now'::text)::timestamp(6) with time zone NOT NULL,
    enteredby integer NOT NULL,
    priority integer NOT NULL,
    description character varying(80),
    duedate date,
    reminderid integer,
    notes text,
    sharing integer NOT NULL,
    complete boolean DEFAULT false NOT NULL,
    enabled boolean DEFAULT false NOT NULL,
    modified timestamp(3) without time zone DEFAULT ('now'::text)::timestamp(6) with time zone NOT NULL,
    modifiedby integer,
    estimatedloe double precision,
    estimatedloetype integer,
    "type" integer DEFAULT 1,
    "owner" integer,
    completedate timestamp(3) without time zone,
    category_id integer
);


--
-- TOC entry 256 (OID 133677)
-- Name: tasklink_contact; Type: TABLE; Schema: public; Owner: matt
--

CREATE TABLE tasklink_contact (
    task_id integer NOT NULL,
    contact_id integer NOT NULL
);


--
-- TOC entry 257 (OID 133687)
-- Name: tasklink_ticket; Type: TABLE; Schema: public; Owner: matt
--

CREATE TABLE tasklink_ticket (
    task_id integer NOT NULL,
    ticket_id integer NOT NULL
);


--
-- TOC entry 258 (OID 133697)
-- Name: tasklink_project; Type: TABLE; Schema: public; Owner: matt
--

CREATE TABLE tasklink_project (
    task_id integer NOT NULL,
    project_id integer NOT NULL
);


--
-- TOC entry 259 (OID 133707)
-- Name: taskcategory_project; Type: TABLE; Schema: public; Owner: matt
--

CREATE TABLE taskcategory_project (
    category_id integer NOT NULL,
    project_id integer NOT NULL
);


--
-- TOC entry 90 (OID 133727)
-- Name: business_process_com_lb_id_seq; Type: SEQUENCE; Schema: public; Owner: matt
--

CREATE SEQUENCE business_process_com_lb_id_seq
    START 1
    INCREMENT 1
    MAXVALUE 9223372036854775807
    MINVALUE 1
    CACHE 1;


--
-- TOC entry 260 (OID 133729)
-- Name: business_process_component_library; Type: TABLE; Schema: public; Owner: matt
--

CREATE TABLE business_process_component_library (
    component_id integer DEFAULT nextval('business_process_com_lb_id_seq'::text) NOT NULL,
    component_name character varying(255) NOT NULL,
    type_id integer NOT NULL,
    class_name character varying(255) NOT NULL,
    description character varying(510),
    enabled boolean DEFAULT true NOT NULL
);


--
-- TOC entry 92 (OID 133738)
-- Name: business_process_comp_re_id_seq; Type: SEQUENCE; Schema: public; Owner: matt
--

CREATE SEQUENCE business_process_comp_re_id_seq
    START 1
    INCREMENT 1
    MAXVALUE 9223372036854775807
    MINVALUE 1
    CACHE 1;


--
-- TOC entry 261 (OID 133740)
-- Name: business_process_component_result_lookup; Type: TABLE; Schema: public; Owner: matt
--

CREATE TABLE business_process_component_result_lookup (
    result_id integer DEFAULT nextval('business_process_comp_re_id_seq'::text) NOT NULL,
    component_id integer NOT NULL,
    return_id integer NOT NULL,
    description character varying(255),
    "level" integer DEFAULT 0 NOT NULL,
    enabled boolean DEFAULT true NOT NULL
);


--
-- TOC entry 94 (OID 133751)
-- Name: business_process_pa_lib_id_seq; Type: SEQUENCE; Schema: public; Owner: matt
--

CREATE SEQUENCE business_process_pa_lib_id_seq
    START 1
    INCREMENT 1
    MAXVALUE 9223372036854775807
    MINVALUE 1
    CACHE 1;


--
-- TOC entry 262 (OID 133753)
-- Name: business_process_parameter_library; Type: TABLE; Schema: public; Owner: matt
--

CREATE TABLE business_process_parameter_library (
    parameter_id integer DEFAULT nextval('business_process_pa_lib_id_seq'::text) NOT NULL,
    component_id integer,
    param_name character varying(255),
    description character varying(510),
    default_value character varying(4000),
    enabled boolean DEFAULT true NOT NULL
);


--
-- TOC entry 263 (OID 133764)
-- Name: business_process; Type: TABLE; Schema: public; Owner: matt
--

CREATE TABLE business_process (
    process_id serial NOT NULL,
    process_name character varying(255) NOT NULL,
    description character varying(510),
    type_id integer NOT NULL,
    link_module_id integer NOT NULL,
    component_start_id integer,
    enabled boolean DEFAULT true NOT NULL,
    entered timestamp(3) without time zone DEFAULT ('now'::text)::timestamp(6) with time zone NOT NULL
);


--
-- TOC entry 96 (OID 133780)
-- Name: business_process_compone_id_seq; Type: SEQUENCE; Schema: public; Owner: matt
--

CREATE SEQUENCE business_process_compone_id_seq
    START 1
    INCREMENT 1
    MAXVALUE 9223372036854775807
    MINVALUE 1
    CACHE 1;


--
-- TOC entry 264 (OID 133782)
-- Name: business_process_component; Type: TABLE; Schema: public; Owner: matt
--

CREATE TABLE business_process_component (
    id integer DEFAULT nextval('business_process_compone_id_seq'::text) NOT NULL,
    process_id integer NOT NULL,
    component_id integer NOT NULL,
    parent_id integer,
    parent_result_id integer,
    enabled boolean DEFAULT true NOT NULL
);


--
-- TOC entry 98 (OID 133800)
-- Name: business_process_param_id_seq; Type: SEQUENCE; Schema: public; Owner: matt
--

CREATE SEQUENCE business_process_param_id_seq
    START 1
    INCREMENT 1
    MAXVALUE 9223372036854775807
    MINVALUE 1
    CACHE 1;


--
-- TOC entry 265 (OID 133802)
-- Name: business_process_parameter; Type: TABLE; Schema: public; Owner: matt
--

CREATE TABLE business_process_parameter (
    id integer DEFAULT nextval('business_process_param_id_seq'::text) NOT NULL,
    process_id integer NOT NULL,
    param_name character varying(255),
    param_value character varying(4000),
    enabled boolean DEFAULT true NOT NULL
);


--
-- TOC entry 100 (OID 133815)
-- Name: business_process_comp_pa_id_seq; Type: SEQUENCE; Schema: public; Owner: matt
--

CREATE SEQUENCE business_process_comp_pa_id_seq
    START 1
    INCREMENT 1
    MAXVALUE 9223372036854775807
    MINVALUE 1
    CACHE 1;


--
-- TOC entry 266 (OID 133817)
-- Name: business_process_component_parameter; Type: TABLE; Schema: public; Owner: matt
--

CREATE TABLE business_process_component_parameter (
    id integer DEFAULT nextval('business_process_comp_pa_id_seq'::text) NOT NULL,
    component_id integer NOT NULL,
    parameter_id integer NOT NULL,
    param_value character varying(4000),
    enabled boolean DEFAULT true NOT NULL
);


--
-- TOC entry 102 (OID 133834)
-- Name: business_process_e_event_id_seq; Type: SEQUENCE; Schema: public; Owner: matt
--

CREATE SEQUENCE business_process_e_event_id_seq
    START 1
    INCREMENT 1
    MAXVALUE 9223372036854775807
    MINVALUE 1
    CACHE 1;


--
-- TOC entry 267 (OID 133836)
-- Name: business_process_events; Type: TABLE; Schema: public; Owner: matt
--

CREATE TABLE business_process_events (
    event_id integer DEFAULT nextval('business_process_e_event_id_seq'::text) NOT NULL,
    "second" character varying(64) DEFAULT '0',
    "minute" character varying(64) DEFAULT '*',
    "hour" character varying(64) DEFAULT '*',
    dayofmonth character varying(64) DEFAULT '*',
    "month" character varying(64) DEFAULT '*',
    dayofweek character varying(64) DEFAULT '*',
    "year" character varying(64) DEFAULT '*',
    task character varying(255),
    extrainfo character varying(255),
    businessdays character varying(6) DEFAULT 'true',
    enabled boolean DEFAULT false,
    entered timestamp(3) without time zone DEFAULT ('now'::text)::timestamp(6) with time zone NOT NULL,
    process_id integer NOT NULL
);


--
-- TOC entry 268 (OID 133858)
-- Name: business_process_log; Type: TABLE; Schema: public; Owner: matt
--

CREATE TABLE business_process_log (
    process_name character varying(255) NOT NULL,
    anchor timestamp(3) without time zone NOT NULL
);


--
-- TOC entry 104 (OID 133862)
-- Name: business_process_hl_hook_id_seq; Type: SEQUENCE; Schema: public; Owner: matt
--

CREATE SEQUENCE business_process_hl_hook_id_seq
    START 1
    INCREMENT 1
    MAXVALUE 9223372036854775807
    MINVALUE 1
    CACHE 1;


--
-- TOC entry 269 (OID 133864)
-- Name: business_process_hook_library; Type: TABLE; Schema: public; Owner: matt
--

CREATE TABLE business_process_hook_library (
    hook_id integer DEFAULT nextval('business_process_hl_hook_id_seq'::text) NOT NULL,
    link_module_id integer NOT NULL,
    hook_class character varying(255) NOT NULL,
    enabled boolean DEFAULT false
);


--
-- TOC entry 106 (OID 133874)
-- Name: business_process_ho_trig_id_seq; Type: SEQUENCE; Schema: public; Owner: matt
--

CREATE SEQUENCE business_process_ho_trig_id_seq
    START 1
    INCREMENT 1
    MAXVALUE 9223372036854775807
    MINVALUE 1
    CACHE 1;


--
-- TOC entry 270 (OID 133876)
-- Name: business_process_hook_triggers; Type: TABLE; Schema: public; Owner: matt
--

CREATE TABLE business_process_hook_triggers (
    trigger_id integer DEFAULT nextval('business_process_ho_trig_id_seq'::text) NOT NULL,
    action_type_id integer NOT NULL,
    hook_id integer NOT NULL,
    enabled boolean DEFAULT false
);


--
-- TOC entry 108 (OID 133886)
-- Name: business_process_ho_hook_id_seq; Type: SEQUENCE; Schema: public; Owner: matt
--

CREATE SEQUENCE business_process_ho_hook_id_seq
    START 1
    INCREMENT 1
    MAXVALUE 9223372036854775807
    MINVALUE 1
    CACHE 1;


--
-- TOC entry 271 (OID 133888)
-- Name: business_process_hook; Type: TABLE; Schema: public; Owner: matt
--

CREATE TABLE business_process_hook (
    id integer DEFAULT nextval('business_process_ho_hook_id_seq'::text) NOT NULL,
    trigger_id integer NOT NULL,
    process_id integer NOT NULL,
    enabled boolean DEFAULT false
);


--
-- Data for TOC entry 533 (OID 130496)
-- Name: access; Type: TABLE DATA; Schema: public; Owner: matt
--

INSERT INTO "access" VALUES (0, 'dhvadmin', '---', -1, 1, -1, 8, 18, NULL, 'America/New_York', NULL, '2003-12-22 09:58:28.354', 0, '2003-12-22 09:58:28.354', 0, '2003-12-22 09:58:28.354', NULL, -1, -1, true);


--
-- Data for TOC entry 534 (OID 130518)
-- Name: lookup_industry; Type: TABLE DATA; Schema: public; Owner: matt
--

INSERT INTO lookup_industry VALUES (1, NULL, 'Automotive', false, 0, true);
INSERT INTO lookup_industry VALUES (2, NULL, 'Biotechnology', false, 0, true);
INSERT INTO lookup_industry VALUES (3, NULL, 'Broadcasting and Cable', false, 0, true);
INSERT INTO lookup_industry VALUES (4, NULL, 'Computer', false, 0, true);
INSERT INTO lookup_industry VALUES (5, NULL, 'Consulting', false, 0, true);
INSERT INTO lookup_industry VALUES (6, NULL, 'Defense', false, 0, true);
INSERT INTO lookup_industry VALUES (7, NULL, 'Energy', false, 0, true);
INSERT INTO lookup_industry VALUES (8, NULL, 'Financial Services', false, 0, true);
INSERT INTO lookup_industry VALUES (9, NULL, 'Food', false, 0, true);
INSERT INTO lookup_industry VALUES (10, NULL, 'Healthcare', false, 0, true);
INSERT INTO lookup_industry VALUES (11, NULL, 'Hospitality', false, 0, true);
INSERT INTO lookup_industry VALUES (12, NULL, 'Insurance', false, 0, true);
INSERT INTO lookup_industry VALUES (13, NULL, 'Internet', false, 0, true);
INSERT INTO lookup_industry VALUES (14, NULL, 'Law Firms', false, 0, true);
INSERT INTO lookup_industry VALUES (15, NULL, 'Media', false, 0, true);
INSERT INTO lookup_industry VALUES (16, NULL, 'Pharmaceuticals', false, 0, true);
INSERT INTO lookup_industry VALUES (17, NULL, 'Real Estate', false, 0, true);
INSERT INTO lookup_industry VALUES (18, NULL, 'Retail', false, 0, true);
INSERT INTO lookup_industry VALUES (19, NULL, 'Telecommunications', false, 0, true);
INSERT INTO lookup_industry VALUES (20, NULL, 'Transportation', false, 0, true);


--
-- Data for TOC entry 535 (OID 130528)
-- Name: access_log; Type: TABLE DATA; Schema: public; Owner: matt
--



--
-- Data for TOC entry 536 (OID 130540)
-- Name: usage_log; Type: TABLE DATA; Schema: public; Owner: matt
--



--
-- Data for TOC entry 537 (OID 130548)
-- Name: lookup_contact_types; Type: TABLE DATA; Schema: public; Owner: matt
--

INSERT INTO lookup_contact_types VALUES (1, 'Sales', false, 0, true, NULL, 0);
INSERT INTO lookup_contact_types VALUES (2, 'Billing', false, 0, true, NULL, 0);
INSERT INTO lookup_contact_types VALUES (3, 'Technical', false, 0, true, NULL, 0);


--
-- Data for TOC entry 538 (OID 130563)
-- Name: lookup_account_types; Type: TABLE DATA; Schema: public; Owner: matt
--

INSERT INTO lookup_account_types VALUES (1, 'Customer', false, 0, true);
INSERT INTO lookup_account_types VALUES (2, 'Competitor', false, 0, true);
INSERT INTO lookup_account_types VALUES (3, 'Partner', false, 0, true);
INSERT INTO lookup_account_types VALUES (4, 'Vendor', false, 0, true);
INSERT INTO lookup_account_types VALUES (5, 'Investor', false, 0, true);
INSERT INTO lookup_account_types VALUES (6, 'Prospect', false, 0, true);


--
-- Data for TOC entry 539 (OID 130571)
-- Name: state; Type: TABLE DATA; Schema: public; Owner: matt
--

INSERT INTO state VALUES ('AK', 'Alaska');
INSERT INTO state VALUES ('AL', 'Alabama');
INSERT INTO state VALUES ('AR', 'Arkansas');
INSERT INTO state VALUES ('AZ', 'Arizona');
INSERT INTO state VALUES ('CA', 'California');
INSERT INTO state VALUES ('CO', 'Colorado');
INSERT INTO state VALUES ('CT', 'Connecticut');
INSERT INTO state VALUES ('DE', 'Delaware');
INSERT INTO state VALUES ('FL', 'Florida');
INSERT INTO state VALUES ('GA', 'Georgia');
INSERT INTO state VALUES ('HI', 'Hawaii');
INSERT INTO state VALUES ('ID', 'Idaho');
INSERT INTO state VALUES ('IL', 'Illinois');
INSERT INTO state VALUES ('IN', 'Indiana');
INSERT INTO state VALUES ('KS', 'Kansas');
INSERT INTO state VALUES ('KY', 'Kentucky');
INSERT INTO state VALUES ('LA', 'Louisiana');
INSERT INTO state VALUES ('ME', 'Maine');
INSERT INTO state VALUES ('MD', 'Maryland');
INSERT INTO state VALUES ('MA', 'Massachusetts');
INSERT INTO state VALUES ('MI', 'Michigan');
INSERT INTO state VALUES ('MN', 'Minnesota');
INSERT INTO state VALUES ('MS', 'Mississippi');
INSERT INTO state VALUES ('MO', 'Mossouri');
INSERT INTO state VALUES ('MT', 'Montana');
INSERT INTO state VALUES ('NE', 'Nebraska');
INSERT INTO state VALUES ('NV', 'Nevada');
INSERT INTO state VALUES ('NH', 'New Hampshire');
INSERT INTO state VALUES ('NJ', 'New Jersey');
INSERT INTO state VALUES ('NM', 'New Mexico');
INSERT INTO state VALUES ('NY', 'New York');
INSERT INTO state VALUES ('NC', 'North Carolina');
INSERT INTO state VALUES ('ND', 'North Dakota');
INSERT INTO state VALUES ('OH', 'Ohio');
INSERT INTO state VALUES ('OK', 'Oklahoma');
INSERT INTO state VALUES ('OR', 'Oregon');
INSERT INTO state VALUES ('PA', 'Pennsylvania');
INSERT INTO state VALUES ('RI', 'Rhode Island');
INSERT INTO state VALUES ('SC', 'South Carolina');
INSERT INTO state VALUES ('SD', 'South Dakota');
INSERT INTO state VALUES ('TN', 'Tennessee');
INSERT INTO state VALUES ('TX', 'Texas');
INSERT INTO state VALUES ('UT', 'Utah');
INSERT INTO state VALUES ('VA', 'Virginia');
INSERT INTO state VALUES ('VT', 'Vermont');
INSERT INTO state VALUES ('WA', 'Washington');
INSERT INTO state VALUES ('DC', 'Washington D.C.');
INSERT INTO state VALUES ('WI', 'Wisconsin');
INSERT INTO state VALUES ('WV', 'West Virginia');
INSERT INTO state VALUES ('WY', 'Wyoming');


--
-- Data for TOC entry 540 (OID 130577)
-- Name: lookup_department; Type: TABLE DATA; Schema: public; Owner: matt
--

INSERT INTO lookup_department VALUES (1, 'Customer Relations', false, 0, true);
INSERT INTO lookup_department VALUES (2, 'Engineering', false, 0, true);
INSERT INTO lookup_department VALUES (3, 'Billing', false, 0, true);
INSERT INTO lookup_department VALUES (4, 'Shipping/Receiving', false, 0, true);
INSERT INTO lookup_department VALUES (5, 'Purchasing', false, 0, true);
INSERT INTO lookup_department VALUES (6, 'Accounting', false, 0, true);
INSERT INTO lookup_department VALUES (7, 'Human Resources', false, 0, true);


--
-- Data for TOC entry 541 (OID 130587)
-- Name: lookup_orgaddress_types; Type: TABLE DATA; Schema: public; Owner: matt
--

INSERT INTO lookup_orgaddress_types VALUES (1, 'Primary', false, 0, true);
INSERT INTO lookup_orgaddress_types VALUES (2, 'Auxiliary', false, 0, true);
INSERT INTO lookup_orgaddress_types VALUES (3, 'Billing', false, 0, true);
INSERT INTO lookup_orgaddress_types VALUES (4, 'Shipping', false, 0, true);


--
-- Data for TOC entry 542 (OID 130597)
-- Name: lookup_orgemail_types; Type: TABLE DATA; Schema: public; Owner: matt
--

INSERT INTO lookup_orgemail_types VALUES (1, 'Primary', false, 0, true);
INSERT INTO lookup_orgemail_types VALUES (2, 'Auxiliary', false, 0, true);


--
-- Data for TOC entry 543 (OID 130607)
-- Name: lookup_orgphone_types; Type: TABLE DATA; Schema: public; Owner: matt
--

INSERT INTO lookup_orgphone_types VALUES (1, 'Main', false, 0, true);
INSERT INTO lookup_orgphone_types VALUES (2, 'Fax', false, 0, true);


--
-- Data for TOC entry 544 (OID 130617)
-- Name: lookup_instantmessenger_types; Type: TABLE DATA; Schema: public; Owner: matt
--



--
-- Data for TOC entry 545 (OID 130627)
-- Name: lookup_employment_types; Type: TABLE DATA; Schema: public; Owner: matt
--



--
-- Data for TOC entry 546 (OID 130637)
-- Name: lookup_locale; Type: TABLE DATA; Schema: public; Owner: matt
--



--
-- Data for TOC entry 547 (OID 130647)
-- Name: lookup_contactaddress_types; Type: TABLE DATA; Schema: public; Owner: matt
--

INSERT INTO lookup_contactaddress_types VALUES (1, 'Business', false, 0, true);
INSERT INTO lookup_contactaddress_types VALUES (2, 'Home', false, 0, true);
INSERT INTO lookup_contactaddress_types VALUES (3, 'Other', false, 0, true);


--
-- Data for TOC entry 548 (OID 130657)
-- Name: lookup_contactemail_types; Type: TABLE DATA; Schema: public; Owner: matt
--

INSERT INTO lookup_contactemail_types VALUES (1, 'Business', false, 0, true);
INSERT INTO lookup_contactemail_types VALUES (2, 'Personal', false, 0, true);
INSERT INTO lookup_contactemail_types VALUES (3, 'Other', false, 0, true);


--
-- Data for TOC entry 549 (OID 130667)
-- Name: lookup_contactphone_types; Type: TABLE DATA; Schema: public; Owner: matt
--

INSERT INTO lookup_contactphone_types VALUES (1, 'Business', false, 0, true);
INSERT INTO lookup_contactphone_types VALUES (2, 'Business2', false, 0, true);
INSERT INTO lookup_contactphone_types VALUES (3, 'Business Fax', false, 0, true);
INSERT INTO lookup_contactphone_types VALUES (4, 'Home', false, 0, true);
INSERT INTO lookup_contactphone_types VALUES (5, 'Home2', false, 0, true);
INSERT INTO lookup_contactphone_types VALUES (6, 'Home Fax', false, 0, true);
INSERT INTO lookup_contactphone_types VALUES (7, 'Mobile', false, 0, true);
INSERT INTO lookup_contactphone_types VALUES (8, 'Pager', false, 0, true);
INSERT INTO lookup_contactphone_types VALUES (9, 'Other', false, 0, true);


--
-- Data for TOC entry 550 (OID 130677)
-- Name: lookup_access_types; Type: TABLE DATA; Schema: public; Owner: matt
--

INSERT INTO lookup_access_types VALUES (1, 626030330, 'Controlled-Hierarchy', true, 1, true, 626030335);
INSERT INTO lookup_access_types VALUES (2, 626030330, 'Public', false, 2, true, 626030334);
INSERT INTO lookup_access_types VALUES (3, 626030330, 'Personal', false, 3, true, 626030333);
INSERT INTO lookup_access_types VALUES (4, 626030331, 'Public', true, 1, true, 626030334);
INSERT INTO lookup_access_types VALUES (5, 626030332, 'Public', true, 1, true, 626030334);
INSERT INTO lookup_access_types VALUES (6, 707031028, 'Controlled-Hierarchy', true, 1, true, 626030335);
INSERT INTO lookup_access_types VALUES (7, 707031028, 'Public', false, 2, true, 626030334);
INSERT INTO lookup_access_types VALUES (8, 707031028, 'Personal', false, 3, true, 626030333);


--
-- Data for TOC entry 551 (OID 130686)
-- Name: organization; Type: TABLE DATA; Schema: public; Owner: matt
--

INSERT INTO organization VALUES (0, 'My Company', NULL, NULL, NULL, NULL, NULL, NULL, NULL, NULL, NULL, NULL, 0, false, NULL, NULL, '2003-12-22 09:58:28.474', 0, '2003-12-22 09:58:28.474', 0, true, NULL, 0, -1, -1, -1, NULL, NULL, NULL, NULL, NULL, NULL, NULL, NULL, NULL);


--
-- Data for TOC entry 552 (OID 130717)
-- Name: contact; Type: TABLE DATA; Schema: public; Owner: matt
--



--
-- Data for TOC entry 553 (OID 130774)
-- Name: role; Type: TABLE DATA; Schema: public; Owner: matt
--

INSERT INTO role VALUES (1, 'Administrator', 'Performs system configuration and maintenance', 0, '2003-12-22 09:59:16.353', 0, '2003-12-22 09:59:16.353', true);
INSERT INTO role VALUES (2, 'Operations Manager', 'Manages operations', 0, '2003-12-22 09:59:16.69', 0, '2003-12-22 09:59:16.69', true);
INSERT INTO role VALUES (3, 'Sales Manager', 'Manages all accounts and opportunities', 0, '2003-12-22 09:59:17.013', 0, '2003-12-22 09:59:17.013', true);
INSERT INTO role VALUES (4, 'Salesperson', 'Manages own accounts and opportunities', 0, '2003-12-22 09:59:17.426', 0, '2003-12-22 09:59:17.426', true);
INSERT INTO role VALUES (5, 'Customer Service Manager', 'Manages all tickets', 0, '2003-12-22 09:59:17.705', 0, '2003-12-22 09:59:17.705', true);
INSERT INTO role VALUES (6, 'Customer Service Representative', 'Manages own tickets', 0, '2003-12-22 09:59:17.896', 0, '2003-12-22 09:59:17.896', true);
INSERT INTO role VALUES (7, 'Marketing Manager', 'Manages communications', 0, '2003-12-22 09:59:18.091', 0, '2003-12-22 09:59:18.091', true);
INSERT INTO role VALUES (8, 'Accounting Manager', 'Reviews revenue and opportunities', 0, '2003-12-22 09:59:18.372', 0, '2003-12-22 09:59:18.372', true);
INSERT INTO role VALUES (9, 'HR Representative', 'Manages employee information', 0, '2003-12-22 09:59:18.625', 0, '2003-12-22 09:59:18.625', true);


--
-- Data for TOC entry 554 (OID 130793)
-- Name: permission_category; Type: TABLE DATA; Schema: public; Owner: matt
--

INSERT INTO permission_category VALUES (1, 'Accounts', NULL, 500, true, true, true, true, false, false, false, false, true);
INSERT INTO permission_category VALUES (2, 'Contacts', NULL, 300, true, true, true, true, false, false, false, false, true);
INSERT INTO permission_category VALUES (3, 'Auto Guide', NULL, 600, false, false, false, false, false, false, false, false, false);
INSERT INTO permission_category VALUES (4, 'Pipeline', NULL, 400, true, true, false, true, true, false, false, false, true);
INSERT INTO permission_category VALUES (5, 'Demo', NULL, 1500, false, false, false, false, false, false, false, false, false);
INSERT INTO permission_category VALUES (6, 'Communications', NULL, 700, true, true, false, false, false, false, false, false, true);
INSERT INTO permission_category VALUES (7, 'Projects', NULL, 800, false, false, false, false, false, false, false, false, false);
INSERT INTO permission_category VALUES (8, 'Help Desk', NULL, 900, true, true, true, true, false, true, true, true, true);
INSERT INTO permission_category VALUES (9, 'Admin', NULL, 1200, true, true, false, false, false, false, false, false, true);
INSERT INTO permission_category VALUES (10, 'Help', NULL, 1300, true, true, false, false, false, false, false, false, false);
INSERT INTO permission_category VALUES (11, 'System', NULL, 100, true, true, false, false, false, false, false, false, false);
INSERT INTO permission_category VALUES (12, 'My Home Page', NULL, 200, true, true, false, false, false, false, false, false, true);
INSERT INTO permission_category VALUES (13, 'QA', NULL, 1400, true, true, false, false, false, false, false, false, false);
INSERT INTO permission_category VALUES (14, 'Reports', NULL, 1100, true, true, false, false, false, false, false, false, false);
INSERT INTO permission_category VALUES (15, 'Employees', NULL, 1000, true, true, false, true, false, false, false, false, true);


--
-- Data for TOC entry 555 (OID 130810)
-- Name: permission; Type: TABLE DATA; Schema: public; Owner: matt
--

INSERT INTO permission VALUES (1, 1, 'accounts', true, false, false, false, 'Access to Accounts module', 10, true, true, false);
INSERT INTO permission VALUES (2, 1, 'accounts-accounts', true, true, true, true, 'Account Records', 20, true, true, false);
INSERT INTO permission VALUES (3, 1, 'accounts-accounts-folders', true, true, true, true, 'Folders', 30, true, true, false);
INSERT INTO permission VALUES (4, 1, 'accounts-accounts-contacts', true, true, true, true, 'Contacts', 40, true, true, false);
INSERT INTO permission VALUES (5, 1, 'accounts-accounts-contacts-opportunities', true, true, true, true, 'Contact Opportunities', 50, true, true, false);
INSERT INTO permission VALUES (6, 1, 'accounts-accounts-contacts-calls', true, true, true, true, 'Contact Calls', 60, true, true, false);
INSERT INTO permission VALUES (7, 1, 'accounts-accounts-contacts-messages', true, true, true, true, 'Contact Messages', 70, true, true, false);
INSERT INTO permission VALUES (8, 1, 'accounts-accounts-opportunities', true, true, true, true, 'Opportunities', 80, true, true, false);
INSERT INTO permission VALUES (9, 1, 'accounts-accounts-tickets', true, true, true, true, 'Tickets', 90, true, true, false);
INSERT INTO permission VALUES (10, 1, 'accounts-accounts-tickets-tasks', true, true, true, true, 'Ticket Tasks', 100, true, true, false);
INSERT INTO permission VALUES (11, 1, 'accounts-accounts-tickets-folders', true, true, true, true, 'Ticket Folders', 110, true, true, false);
INSERT INTO permission VALUES (12, 1, 'accounts-accounts-tickets-documents', true, true, true, true, 'Ticket Documents', 120, true, true, false);
INSERT INTO permission VALUES (13, 1, 'accounts-accounts-documents', true, true, true, true, 'Documents', 130, true, true, false);
INSERT INTO permission VALUES (14, 1, 'accounts-accounts-reports', true, true, false, true, 'Export Account Data', 140, true, true, false);
INSERT INTO permission VALUES (15, 1, 'accounts-dashboard', true, false, false, false, 'Dashboard', 150, true, true, false);
INSERT INTO permission VALUES (16, 1, 'accounts-accounts-revenue', true, true, true, true, 'Revenue', 160, false, false, false);
INSERT INTO permission VALUES (17, 1, 'accounts-autoguide-inventory', true, true, true, true, 'Auto Guide Vehicle Inventory', 170, false, false, false);
INSERT INTO permission VALUES (18, 2, 'contacts', true, false, false, false, 'Access to Contacts module', 10, true, true, false);
INSERT INTO permission VALUES (19, 2, 'contacts-external_contacts', true, true, true, true, 'General Contact Records', 20, true, true, false);
INSERT INTO permission VALUES (20, 2, 'contacts-external_contacts-reports', true, true, false, true, 'Export Contact Data', 30, true, true, false);
INSERT INTO permission VALUES (21, 2, 'contacts-external_contacts-folders', true, true, true, true, 'Folders', 40, true, true, false);
INSERT INTO permission VALUES (22, 2, 'contacts-external_contacts-calls', true, true, true, true, 'Calls', 50, true, true, false);
INSERT INTO permission VALUES (23, 2, 'contacts-external_contacts-messages', true, false, false, false, 'Messages', 60, true, true, false);
INSERT INTO permission VALUES (24, 2, 'contacts-external_contacts-opportunities', true, true, true, true, 'Opportunities', 70, true, true, false);
INSERT INTO permission VALUES (25, 3, 'autoguide', true, false, false, false, 'Access to the Auto Guide module', 10, true, true, false);
INSERT INTO permission VALUES (26, 3, 'autoguide-adruns', false, false, true, false, 'Ad Run complete status', 20, true, true, false);
INSERT INTO permission VALUES (27, 4, 'pipeline', true, false, false, false, 'Access to Pipeline module', 10, true, true, true);
INSERT INTO permission VALUES (28, 4, 'pipeline-opportunities', true, true, true, true, 'Opportunity Records', 20, true, true, false);
INSERT INTO permission VALUES (29, 4, 'pipeline-dashboard', true, false, false, false, 'Dashboard', 30, true, true, false);
INSERT INTO permission VALUES (30, 4, 'pipeline-reports', true, true, false, true, 'Export Opportunity Data', 40, true, true, false);
INSERT INTO permission VALUES (31, 4, 'pipeline-opportunities-calls', true, true, true, true, 'Calls', 50, true, true, false);
INSERT INTO permission VALUES (32, 4, 'pipeline-opportunities-documents', true, true, true, true, 'Documents', 60, true, true, false);
INSERT INTO permission VALUES (33, 5, 'demo', true, true, true, true, 'Access to Demo/Non-working features', 10, true, true, false);
INSERT INTO permission VALUES (34, 6, 'campaign', true, false, false, false, 'Access to Communications module', 10, true, true, false);
INSERT INTO permission VALUES (35, 6, 'campaign-dashboard', true, false, false, false, 'Dashboard', 20, true, true, false);
INSERT INTO permission VALUES (36, 6, 'campaign-campaigns', true, true, true, true, 'Campaign Records', 30, true, true, false);
INSERT INTO permission VALUES (37, 6, 'campaign-campaigns-groups', true, true, true, true, 'Group Records', 40, true, true, false);
INSERT INTO permission VALUES (38, 6, 'campaign-campaigns-messages', true, true, true, true, 'Message Records', 50, true, true, false);
INSERT INTO permission VALUES (39, 6, 'campaign-campaigns-surveys', true, true, true, true, 'Survey Records', 60, true, true, false);
INSERT INTO permission VALUES (40, 7, 'projects', true, false, false, false, 'Access to Project Management module', 10, true, true, false);
INSERT INTO permission VALUES (41, 7, 'projects-personal', true, false, false, false, 'Personal View', 20, true, true, false);
INSERT INTO permission VALUES (42, 7, 'projects-enterprise', true, false, false, false, 'Enterprise View', 30, true, true, false);
INSERT INTO permission VALUES (43, 7, 'projects-projects', true, true, true, true, 'Project Records', 40, true, true, false);
INSERT INTO permission VALUES (44, 8, 'tickets', true, false, false, false, 'Access to Help Desk module', 10, true, true, false);
INSERT INTO permission VALUES (45, 8, 'tickets-tickets', true, true, true, true, 'Ticket Records', 20, true, true, false);
INSERT INTO permission VALUES (46, 8, 'tickets-reports', true, true, true, true, 'Export Ticket Data', 30, true, true, false);
INSERT INTO permission VALUES (47, 8, 'tickets-tickets-tasks', true, true, true, true, 'Tasks', 40, true, true, false);
INSERT INTO permission VALUES (48, 9, 'admin', true, false, false, false, 'Access to Admin module', 10, true, true, false);
INSERT INTO permission VALUES (49, 9, 'admin-users', true, true, true, true, 'Users', 20, true, true, false);
INSERT INTO permission VALUES (50, 9, 'admin-roles', true, true, true, true, 'Roles', 30, true, true, false);
INSERT INTO permission VALUES (51, 9, 'admin-usage', true, false, false, false, 'System Usage', 40, true, true, false);
INSERT INTO permission VALUES (52, 9, 'admin-sysconfig', true, false, true, false, 'System Configuration', 50, true, true, false);
INSERT INTO permission VALUES (53, 9, 'admin-sysconfig-lists', true, false, true, false, 'Configure Lookup Lists', 60, true, true, false);
INSERT INTO permission VALUES (54, 9, 'admin-sysconfig-folders', true, true, true, true, 'Configure Custom Folders & Fields', 70, true, true, false);
INSERT INTO permission VALUES (55, 9, 'admin-object-workflow', true, true, true, true, 'Configure Object Workflow', 80, true, true, false);
INSERT INTO permission VALUES (56, 9, 'admin-sysconfig-categories', true, true, true, true, 'Categories', 90, true, true, false);
INSERT INTO permission VALUES (57, 10, 'help', true, false, false, false, 'Access to Help System', 10, true, true, false);
INSERT INTO permission VALUES (58, 11, 'globalitems-search', true, false, false, false, 'Access to Global Search', 10, true, true, false);
INSERT INTO permission VALUES (59, 11, 'globalitems-myitems', true, false, false, false, 'Access to My Items', 20, true, true, false);
INSERT INTO permission VALUES (60, 11, 'globalitems-recentitems', true, false, false, false, 'Access to Recent Items', 30, true, true, false);
INSERT INTO permission VALUES (61, 12, 'myhomepage', true, false, false, false, 'Access to My Home Page module', 10, true, true, false);
INSERT INTO permission VALUES (62, 12, 'myhomepage-dashboard', true, false, false, false, 'View Performance Dashboard', 20, true, true, false);
INSERT INTO permission VALUES (63, 12, 'myhomepage-miner', true, true, false, true, 'Industry News records', 30, false, false, false);
INSERT INTO permission VALUES (64, 12, 'myhomepage-inbox', true, false, false, false, 'My Mailbox', 40, true, true, false);
INSERT INTO permission VALUES (65, 12, 'myhomepage-tasks', true, true, true, true, 'My Tasks', 50, true, true, false);
INSERT INTO permission VALUES (66, 12, 'myhomepage-reassign', true, false, true, false, 'Re-assign Items', 60, true, true, false);
INSERT INTO permission VALUES (67, 12, 'myhomepage-profile', true, false, false, false, 'My Profile', 70, true, true, false);
INSERT INTO permission VALUES (68, 12, 'myhomepage-profile-personal', true, false, true, false, 'Personal Information', 80, true, true, false);
INSERT INTO permission VALUES (69, 12, 'myhomepage-profile-settings', true, false, true, false, 'Settings', 90, false, false, false);
INSERT INTO permission VALUES (70, 12, 'myhomepage-profile-password', false, false, true, false, 'Password', 100, true, true, false);
INSERT INTO permission VALUES (71, 12, 'myhomepage-action-lists', true, true, true, true, 'My Action Lists', 110, true, true, false);
INSERT INTO permission VALUES (72, 13, 'qa', true, true, true, true, 'Access to QA Tool', 10, true, true, false);
INSERT INTO permission VALUES (73, 14, 'reports', true, false, false, false, 'Access to Reports module', 10, true, true, false);
INSERT INTO permission VALUES (74, 15, 'employees', true, false, false, false, 'Access to Employee module', 10, true, true, false);
INSERT INTO permission VALUES (75, 15, 'contacts-internal_contacts', true, true, true, true, 'Employees', 20, true, true, false);


--
-- Data for TOC entry 556 (OID 130830)
-- Name: role_permission; Type: TABLE DATA; Schema: public; Owner: matt
--

INSERT INTO role_permission VALUES (1, 1, 61, true, false, false, false);
INSERT INTO role_permission VALUES (2, 1, 62, true, false, false, false);
INSERT INTO role_permission VALUES (3, 1, 63, true, true, false, true);
INSERT INTO role_permission VALUES (4, 1, 64, true, false, false, false);
INSERT INTO role_permission VALUES (5, 1, 65, true, true, true, true);
INSERT INTO role_permission VALUES (6, 1, 67, true, false, false, false);
INSERT INTO role_permission VALUES (7, 1, 68, true, false, true, false);
INSERT INTO role_permission VALUES (8, 1, 69, true, false, true, false);
INSERT INTO role_permission VALUES (9, 1, 70, false, false, true, false);
INSERT INTO role_permission VALUES (10, 1, 66, true, false, true, false);
INSERT INTO role_permission VALUES (11, 1, 18, true, false, false, false);
INSERT INTO role_permission VALUES (12, 1, 19, true, true, true, true);
INSERT INTO role_permission VALUES (13, 1, 1, true, false, false, false);
INSERT INTO role_permission VALUES (14, 1, 2, true, true, true, true);
INSERT INTO role_permission VALUES (15, 1, 3, true, true, true, true);
INSERT INTO role_permission VALUES (16, 1, 4, true, true, true, true);
INSERT INTO role_permission VALUES (17, 1, 5, true, true, true, true);
INSERT INTO role_permission VALUES (18, 1, 6, true, true, true, true);
INSERT INTO role_permission VALUES (19, 1, 7, true, true, true, true);
INSERT INTO role_permission VALUES (20, 1, 8, true, true, true, true);
INSERT INTO role_permission VALUES (21, 1, 9, true, true, true, true);
INSERT INTO role_permission VALUES (22, 1, 10, true, true, true, true);
INSERT INTO role_permission VALUES (23, 1, 11, true, true, true, true);
INSERT INTO role_permission VALUES (24, 1, 12, true, true, true, true);
INSERT INTO role_permission VALUES (25, 1, 13, true, true, true, true);
INSERT INTO role_permission VALUES (26, 1, 14, true, true, false, true);
INSERT INTO role_permission VALUES (27, 1, 34, true, false, false, false);
INSERT INTO role_permission VALUES (28, 1, 35, true, false, false, false);
INSERT INTO role_permission VALUES (29, 1, 36, true, true, true, true);
INSERT INTO role_permission VALUES (30, 1, 44, true, false, false, false);
INSERT INTO role_permission VALUES (31, 1, 45, true, true, true, true);
INSERT INTO role_permission VALUES (32, 1, 46, true, true, true, true);
INSERT INTO role_permission VALUES (33, 1, 47, true, true, true, true);
INSERT INTO role_permission VALUES (34, 1, 74, true, true, true, false);
INSERT INTO role_permission VALUES (35, 1, 75, true, true, true, true);
INSERT INTO role_permission VALUES (36, 1, 73, true, false, false, false);
INSERT INTO role_permission VALUES (37, 1, 48, true, false, false, false);
INSERT INTO role_permission VALUES (38, 1, 49, true, true, true, true);
INSERT INTO role_permission VALUES (39, 1, 50, true, true, true, true);
INSERT INTO role_permission VALUES (40, 1, 52, true, false, true, false);
INSERT INTO role_permission VALUES (41, 1, 51, true, false, false, false);
INSERT INTO role_permission VALUES (42, 1, 53, true, false, true, false);
INSERT INTO role_permission VALUES (43, 1, 54, true, true, true, true);
INSERT INTO role_permission VALUES (44, 1, 55, true, true, true, true);
INSERT INTO role_permission VALUES (45, 1, 56, true, true, true, true);
INSERT INTO role_permission VALUES (46, 1, 57, true, false, false, false);
INSERT INTO role_permission VALUES (47, 1, 58, true, false, false, false);
INSERT INTO role_permission VALUES (48, 1, 59, true, false, false, false);
INSERT INTO role_permission VALUES (49, 1, 60, true, false, false, false);
INSERT INTO role_permission VALUES (50, 2, 61, true, false, false, false);
INSERT INTO role_permission VALUES (51, 2, 62, true, false, false, false);
INSERT INTO role_permission VALUES (52, 2, 64, true, false, false, false);
INSERT INTO role_permission VALUES (53, 2, 65, true, true, true, true);
INSERT INTO role_permission VALUES (54, 2, 66, true, false, true, false);
INSERT INTO role_permission VALUES (55, 2, 67, true, false, false, false);
INSERT INTO role_permission VALUES (56, 2, 68, true, false, true, false);
INSERT INTO role_permission VALUES (57, 2, 69, true, false, true, false);
INSERT INTO role_permission VALUES (58, 2, 70, false, false, true, false);
INSERT INTO role_permission VALUES (59, 2, 71, true, true, true, true);
INSERT INTO role_permission VALUES (60, 2, 18, true, false, false, false);
INSERT INTO role_permission VALUES (61, 2, 19, true, true, true, true);
INSERT INTO role_permission VALUES (62, 2, 20, true, true, false, true);
INSERT INTO role_permission VALUES (63, 2, 21, true, true, true, true);
INSERT INTO role_permission VALUES (64, 2, 22, true, true, true, true);
INSERT INTO role_permission VALUES (65, 2, 23, true, false, false, false);
INSERT INTO role_permission VALUES (66, 2, 24, true, true, true, true);
INSERT INTO role_permission VALUES (67, 2, 27, true, false, false, false);
INSERT INTO role_permission VALUES (68, 2, 28, true, true, true, true);
INSERT INTO role_permission VALUES (69, 2, 29, true, false, false, false);
INSERT INTO role_permission VALUES (70, 2, 30, true, true, false, true);
INSERT INTO role_permission VALUES (71, 2, 31, true, true, true, true);
INSERT INTO role_permission VALUES (72, 2, 32, true, true, true, true);
INSERT INTO role_permission VALUES (73, 2, 1, true, false, false, false);
INSERT INTO role_permission VALUES (74, 2, 2, true, true, true, true);
INSERT INTO role_permission VALUES (75, 2, 3, true, true, true, false);
INSERT INTO role_permission VALUES (76, 2, 4, true, true, true, true);
INSERT INTO role_permission VALUES (77, 2, 5, true, true, true, true);
INSERT INTO role_permission VALUES (78, 2, 6, true, true, true, true);
INSERT INTO role_permission VALUES (79, 2, 7, true, true, true, true);
INSERT INTO role_permission VALUES (80, 2, 8, true, true, true, true);
INSERT INTO role_permission VALUES (81, 2, 9, true, true, true, true);
INSERT INTO role_permission VALUES (82, 2, 13, true, true, true, true);
INSERT INTO role_permission VALUES (83, 2, 14, true, true, false, true);
INSERT INTO role_permission VALUES (84, 2, 16, true, true, true, true);
INSERT INTO role_permission VALUES (85, 2, 12, true, true, true, true);
INSERT INTO role_permission VALUES (86, 2, 11, true, true, true, true);
INSERT INTO role_permission VALUES (87, 2, 10, true, true, true, true);
INSERT INTO role_permission VALUES (88, 2, 34, true, false, false, false);
INSERT INTO role_permission VALUES (89, 2, 35, true, false, false, false);
INSERT INTO role_permission VALUES (90, 2, 36, true, true, true, true);
INSERT INTO role_permission VALUES (91, 2, 37, true, true, true, true);
INSERT INTO role_permission VALUES (92, 2, 38, true, true, true, true);
INSERT INTO role_permission VALUES (93, 2, 39, true, true, true, true);
INSERT INTO role_permission VALUES (94, 2, 44, true, false, false, false);
INSERT INTO role_permission VALUES (95, 2, 45, true, true, true, false);
INSERT INTO role_permission VALUES (96, 2, 46, true, true, true, true);
INSERT INTO role_permission VALUES (97, 2, 47, true, true, true, false);
INSERT INTO role_permission VALUES (98, 2, 74, true, false, false, false);
INSERT INTO role_permission VALUES (99, 2, 75, true, false, false, false);
INSERT INTO role_permission VALUES (100, 2, 73, true, false, false, false);
INSERT INTO role_permission VALUES (101, 2, 57, true, false, false, false);
INSERT INTO role_permission VALUES (102, 2, 58, true, false, false, false);
INSERT INTO role_permission VALUES (103, 2, 59, true, false, false, false);
INSERT INTO role_permission VALUES (104, 2, 60, true, false, false, false);
INSERT INTO role_permission VALUES (105, 3, 61, true, false, false, false);
INSERT INTO role_permission VALUES (106, 3, 62, true, false, false, false);
INSERT INTO role_permission VALUES (107, 3, 64, true, false, false, false);
INSERT INTO role_permission VALUES (108, 3, 65, true, true, true, true);
INSERT INTO role_permission VALUES (109, 3, 66, true, false, true, false);
INSERT INTO role_permission VALUES (110, 3, 67, true, false, false, false);
INSERT INTO role_permission VALUES (111, 3, 68, true, false, true, false);
INSERT INTO role_permission VALUES (112, 3, 69, true, false, true, false);
INSERT INTO role_permission VALUES (113, 3, 70, false, false, true, false);
INSERT INTO role_permission VALUES (114, 3, 71, true, true, true, true);
INSERT INTO role_permission VALUES (115, 3, 18, true, false, false, false);
INSERT INTO role_permission VALUES (116, 3, 19, true, true, true, true);
INSERT INTO role_permission VALUES (117, 3, 20, true, true, false, true);
INSERT INTO role_permission VALUES (118, 3, 21, true, true, true, true);
INSERT INTO role_permission VALUES (119, 3, 22, true, true, true, true);
INSERT INTO role_permission VALUES (120, 3, 23, true, false, false, false);
INSERT INTO role_permission VALUES (121, 3, 24, true, true, true, true);
INSERT INTO role_permission VALUES (122, 3, 27, true, false, false, false);
INSERT INTO role_permission VALUES (123, 3, 28, true, true, true, true);
INSERT INTO role_permission VALUES (124, 3, 29, true, false, false, false);
INSERT INTO role_permission VALUES (125, 3, 30, true, true, false, true);
INSERT INTO role_permission VALUES (126, 3, 31, true, true, true, true);
INSERT INTO role_permission VALUES (127, 3, 32, true, true, true, true);
INSERT INTO role_permission VALUES (128, 3, 1, true, false, false, false);
INSERT INTO role_permission VALUES (129, 3, 2, true, true, true, true);
INSERT INTO role_permission VALUES (130, 3, 3, true, true, true, false);
INSERT INTO role_permission VALUES (131, 3, 4, true, true, true, true);
INSERT INTO role_permission VALUES (132, 3, 5, true, true, true, true);
INSERT INTO role_permission VALUES (133, 3, 6, true, true, true, true);
INSERT INTO role_permission VALUES (134, 3, 7, true, true, true, true);
INSERT INTO role_permission VALUES (135, 3, 8, true, true, true, true);
INSERT INTO role_permission VALUES (136, 3, 9, true, true, true, true);
INSERT INTO role_permission VALUES (137, 3, 13, true, true, true, true);
INSERT INTO role_permission VALUES (138, 3, 14, true, true, false, true);
INSERT INTO role_permission VALUES (139, 3, 15, true, false, false, false);
INSERT INTO role_permission VALUES (140, 3, 16, true, true, true, true);
INSERT INTO role_permission VALUES (141, 3, 12, true, true, true, true);
INSERT INTO role_permission VALUES (142, 3, 11, true, true, true, true);
INSERT INTO role_permission VALUES (143, 3, 10, true, true, true, true);
INSERT INTO role_permission VALUES (144, 3, 34, true, false, false, false);
INSERT INTO role_permission VALUES (145, 3, 35, true, false, false, false);
INSERT INTO role_permission VALUES (146, 3, 36, true, true, true, true);
INSERT INTO role_permission VALUES (147, 3, 37, true, true, true, true);
INSERT INTO role_permission VALUES (148, 3, 38, true, true, true, true);
INSERT INTO role_permission VALUES (149, 3, 39, true, true, true, true);
INSERT INTO role_permission VALUES (150, 3, 44, true, false, false, false);
INSERT INTO role_permission VALUES (151, 3, 45, true, true, true, false);
INSERT INTO role_permission VALUES (152, 3, 46, true, true, true, true);
INSERT INTO role_permission VALUES (153, 3, 47, true, true, true, false);
INSERT INTO role_permission VALUES (154, 3, 74, true, false, false, false);
INSERT INTO role_permission VALUES (155, 3, 75, true, false, false, false);
INSERT INTO role_permission VALUES (156, 3, 73, true, false, false, false);
INSERT INTO role_permission VALUES (157, 3, 57, true, false, false, false);
INSERT INTO role_permission VALUES (158, 3, 58, true, false, false, false);
INSERT INTO role_permission VALUES (159, 3, 59, true, false, false, false);
INSERT INTO role_permission VALUES (160, 3, 60, true, false, false, false);
INSERT INTO role_permission VALUES (161, 4, 61, true, false, false, false);
INSERT INTO role_permission VALUES (162, 4, 62, true, false, false, false);
INSERT INTO role_permission VALUES (163, 4, 64, true, false, false, false);
INSERT INTO role_permission VALUES (164, 4, 65, true, true, true, true);
INSERT INTO role_permission VALUES (165, 4, 67, true, false, false, false);
INSERT INTO role_permission VALUES (166, 4, 68, true, false, true, false);
INSERT INTO role_permission VALUES (167, 4, 69, true, false, true, false);
INSERT INTO role_permission VALUES (168, 4, 70, false, false, true, false);
INSERT INTO role_permission VALUES (169, 4, 71, true, true, true, true);
INSERT INTO role_permission VALUES (170, 4, 18, true, false, false, false);
INSERT INTO role_permission VALUES (171, 4, 19, true, true, true, true);
INSERT INTO role_permission VALUES (172, 4, 20, true, true, false, true);
INSERT INTO role_permission VALUES (173, 4, 22, true, true, true, true);
INSERT INTO role_permission VALUES (174, 4, 23, true, true, true, true);
INSERT INTO role_permission VALUES (175, 4, 24, true, false, false, false);
INSERT INTO role_permission VALUES (176, 4, 27, true, false, false, false);
INSERT INTO role_permission VALUES (177, 4, 28, true, true, true, false);
INSERT INTO role_permission VALUES (178, 4, 29, true, false, false, false);
INSERT INTO role_permission VALUES (179, 4, 30, true, true, false, true);
INSERT INTO role_permission VALUES (180, 4, 31, true, true, true, true);
INSERT INTO role_permission VALUES (181, 4, 32, true, true, true, true);
INSERT INTO role_permission VALUES (182, 4, 1, true, false, false, false);
INSERT INTO role_permission VALUES (183, 4, 2, true, true, true, false);
INSERT INTO role_permission VALUES (184, 4, 3, true, true, true, false);
INSERT INTO role_permission VALUES (185, 4, 4, true, true, true, false);
INSERT INTO role_permission VALUES (186, 4, 5, true, true, true, false);
INSERT INTO role_permission VALUES (187, 4, 6, true, true, true, false);
INSERT INTO role_permission VALUES (188, 4, 7, true, true, true, false);
INSERT INTO role_permission VALUES (189, 4, 8, true, true, true, false);
INSERT INTO role_permission VALUES (190, 4, 9, true, true, true, false);
INSERT INTO role_permission VALUES (191, 4, 13, true, true, true, false);
INSERT INTO role_permission VALUES (192, 4, 14, true, true, false, true);
INSERT INTO role_permission VALUES (193, 4, 15, true, false, false, false);
INSERT INTO role_permission VALUES (194, 4, 16, true, true, true, false);
INSERT INTO role_permission VALUES (195, 4, 12, true, true, true, false);
INSERT INTO role_permission VALUES (196, 4, 11, true, true, true, false);
INSERT INTO role_permission VALUES (197, 4, 10, true, true, true, false);
INSERT INTO role_permission VALUES (198, 4, 34, true, false, false, false);
INSERT INTO role_permission VALUES (199, 4, 35, true, false, false, false);
INSERT INTO role_permission VALUES (200, 4, 36, true, true, true, true);
INSERT INTO role_permission VALUES (201, 4, 37, true, true, true, true);
INSERT INTO role_permission VALUES (202, 4, 38, true, true, true, true);
INSERT INTO role_permission VALUES (203, 4, 39, true, true, true, true);
INSERT INTO role_permission VALUES (204, 4, 44, true, false, false, false);
INSERT INTO role_permission VALUES (205, 4, 45, true, true, true, false);
INSERT INTO role_permission VALUES (206, 4, 46, true, true, false, true);
INSERT INTO role_permission VALUES (207, 4, 47, true, true, true, false);
INSERT INTO role_permission VALUES (208, 4, 74, true, false, false, false);
INSERT INTO role_permission VALUES (209, 4, 75, true, false, false, false);
INSERT INTO role_permission VALUES (210, 4, 73, true, false, false, false);
INSERT INTO role_permission VALUES (211, 4, 57, true, false, false, false);
INSERT INTO role_permission VALUES (212, 4, 58, true, false, false, false);
INSERT INTO role_permission VALUES (213, 4, 59, true, false, false, false);
INSERT INTO role_permission VALUES (214, 4, 60, true, false, false, false);
INSERT INTO role_permission VALUES (215, 5, 61, true, false, false, false);
INSERT INTO role_permission VALUES (216, 5, 62, true, false, false, false);
INSERT INTO role_permission VALUES (217, 5, 64, true, false, false, false);
INSERT INTO role_permission VALUES (218, 5, 65, true, true, true, true);
INSERT INTO role_permission VALUES (219, 5, 66, true, false, true, false);
INSERT INTO role_permission VALUES (220, 5, 67, true, false, false, false);
INSERT INTO role_permission VALUES (221, 5, 68, true, false, true, false);
INSERT INTO role_permission VALUES (222, 5, 69, true, false, true, false);
INSERT INTO role_permission VALUES (223, 5, 70, false, false, true, false);
INSERT INTO role_permission VALUES (224, 5, 1, true, false, false, false);
INSERT INTO role_permission VALUES (225, 5, 2, true, true, true, false);
INSERT INTO role_permission VALUES (226, 5, 3, true, true, true, false);
INSERT INTO role_permission VALUES (227, 5, 4, true, true, true, false);
INSERT INTO role_permission VALUES (228, 5, 6, true, true, true, false);
INSERT INTO role_permission VALUES (229, 5, 7, true, true, true, false);
INSERT INTO role_permission VALUES (230, 5, 9, true, true, true, false);
INSERT INTO role_permission VALUES (231, 5, 13, true, true, true, false);
INSERT INTO role_permission VALUES (232, 5, 14, true, true, false, true);
INSERT INTO role_permission VALUES (233, 5, 12, true, true, true, false);
INSERT INTO role_permission VALUES (234, 5, 11, true, true, true, false);
INSERT INTO role_permission VALUES (235, 5, 10, true, true, true, false);
INSERT INTO role_permission VALUES (236, 5, 34, true, false, false, false);
INSERT INTO role_permission VALUES (237, 5, 35, true, false, false, false);
INSERT INTO role_permission VALUES (238, 5, 36, true, true, true, true);
INSERT INTO role_permission VALUES (239, 5, 37, true, true, true, true);
INSERT INTO role_permission VALUES (240, 5, 38, true, true, true, true);
INSERT INTO role_permission VALUES (241, 5, 39, true, true, true, true);
INSERT INTO role_permission VALUES (242, 5, 44, true, false, false, false);
INSERT INTO role_permission VALUES (243, 5, 45, true, true, true, true);
INSERT INTO role_permission VALUES (244, 5, 46, true, true, true, true);
INSERT INTO role_permission VALUES (245, 5, 47, true, true, true, true);
INSERT INTO role_permission VALUES (246, 5, 74, true, false, false, false);
INSERT INTO role_permission VALUES (247, 5, 75, true, false, false, false);
INSERT INTO role_permission VALUES (248, 5, 73, true, false, false, false);
INSERT INTO role_permission VALUES (249, 5, 57, true, false, false, false);
INSERT INTO role_permission VALUES (250, 5, 58, true, false, false, false);
INSERT INTO role_permission VALUES (251, 5, 59, true, false, false, false);
INSERT INTO role_permission VALUES (252, 5, 60, true, false, false, false);
INSERT INTO role_permission VALUES (253, 6, 61, true, false, false, false);
INSERT INTO role_permission VALUES (254, 6, 62, true, false, false, false);
INSERT INTO role_permission VALUES (255, 6, 64, true, false, false, false);
INSERT INTO role_permission VALUES (256, 6, 65, true, true, true, true);
INSERT INTO role_permission VALUES (257, 6, 66, true, false, true, false);
INSERT INTO role_permission VALUES (258, 6, 67, true, false, false, false);
INSERT INTO role_permission VALUES (259, 6, 68, true, false, true, false);
INSERT INTO role_permission VALUES (260, 6, 69, true, false, true, false);
INSERT INTO role_permission VALUES (261, 6, 70, false, false, true, false);
INSERT INTO role_permission VALUES (262, 6, 1, true, false, false, false);
INSERT INTO role_permission VALUES (263, 6, 2, true, true, true, false);
INSERT INTO role_permission VALUES (264, 6, 3, true, true, true, false);
INSERT INTO role_permission VALUES (265, 6, 4, true, true, true, false);
INSERT INTO role_permission VALUES (266, 6, 6, true, true, true, false);
INSERT INTO role_permission VALUES (267, 6, 7, true, true, true, false);
INSERT INTO role_permission VALUES (268, 6, 9, true, true, true, false);
INSERT INTO role_permission VALUES (269, 6, 13, true, true, true, false);
INSERT INTO role_permission VALUES (270, 6, 14, true, true, false, true);
INSERT INTO role_permission VALUES (271, 6, 12, true, true, true, false);
INSERT INTO role_permission VALUES (272, 6, 11, true, true, true, false);
INSERT INTO role_permission VALUES (273, 6, 10, true, true, true, false);
INSERT INTO role_permission VALUES (274, 6, 34, true, false, false, false);
INSERT INTO role_permission VALUES (275, 6, 35, true, false, false, false);
INSERT INTO role_permission VALUES (276, 6, 36, true, true, true, true);
INSERT INTO role_permission VALUES (277, 6, 37, true, true, true, true);
INSERT INTO role_permission VALUES (278, 6, 38, true, true, true, true);
INSERT INTO role_permission VALUES (279, 6, 39, true, true, true, true);
INSERT INTO role_permission VALUES (280, 6, 44, true, false, false, false);
INSERT INTO role_permission VALUES (281, 6, 45, true, true, true, false);
INSERT INTO role_permission VALUES (282, 6, 46, true, true, true, false);
INSERT INTO role_permission VALUES (283, 6, 47, true, true, true, false);
INSERT INTO role_permission VALUES (284, 6, 74, true, false, false, false);
INSERT INTO role_permission VALUES (285, 6, 75, true, false, false, false);
INSERT INTO role_permission VALUES (286, 6, 73, true, false, false, false);
INSERT INTO role_permission VALUES (287, 6, 57, true, false, false, false);
INSERT INTO role_permission VALUES (288, 6, 58, true, false, false, false);
INSERT INTO role_permission VALUES (289, 6, 59, true, false, false, false);
INSERT INTO role_permission VALUES (290, 6, 60, true, false, false, false);
INSERT INTO role_permission VALUES (291, 7, 61, true, false, false, false);
INSERT INTO role_permission VALUES (292, 7, 62, true, false, false, false);
INSERT INTO role_permission VALUES (293, 7, 64, true, false, false, false);
INSERT INTO role_permission VALUES (294, 7, 65, true, true, true, true);
INSERT INTO role_permission VALUES (295, 7, 66, true, false, true, false);
INSERT INTO role_permission VALUES (296, 7, 67, true, false, false, false);
INSERT INTO role_permission VALUES (297, 7, 68, true, false, true, false);
INSERT INTO role_permission VALUES (298, 7, 69, true, false, true, false);
INSERT INTO role_permission VALUES (299, 7, 70, false, false, true, false);
INSERT INTO role_permission VALUES (300, 7, 71, true, true, true, true);
INSERT INTO role_permission VALUES (301, 7, 18, true, false, false, false);
INSERT INTO role_permission VALUES (302, 7, 19, true, true, true, true);
INSERT INTO role_permission VALUES (303, 7, 20, true, true, false, true);
INSERT INTO role_permission VALUES (304, 7, 21, true, true, true, true);
INSERT INTO role_permission VALUES (305, 7, 22, true, true, true, true);
INSERT INTO role_permission VALUES (306, 7, 23, true, false, false, false);
INSERT INTO role_permission VALUES (307, 7, 24, true, true, true, true);
INSERT INTO role_permission VALUES (308, 7, 27, true, false, false, false);
INSERT INTO role_permission VALUES (309, 7, 28, true, true, true, true);
INSERT INTO role_permission VALUES (310, 7, 29, true, false, false, false);
INSERT INTO role_permission VALUES (311, 7, 30, true, true, false, true);
INSERT INTO role_permission VALUES (312, 7, 31, true, true, true, true);
INSERT INTO role_permission VALUES (313, 7, 32, true, true, true, true);
INSERT INTO role_permission VALUES (314, 7, 1, true, false, false, false);
INSERT INTO role_permission VALUES (315, 7, 2, true, true, true, false);
INSERT INTO role_permission VALUES (316, 7, 3, true, true, true, false);
INSERT INTO role_permission VALUES (317, 7, 4, true, true, true, false);
INSERT INTO role_permission VALUES (318, 7, 5, true, true, true, false);
INSERT INTO role_permission VALUES (319, 7, 6, true, true, true, false);
INSERT INTO role_permission VALUES (320, 7, 7, true, true, true, false);
INSERT INTO role_permission VALUES (321, 7, 8, true, true, true, false);
INSERT INTO role_permission VALUES (322, 7, 9, true, true, true, false);
INSERT INTO role_permission VALUES (323, 7, 13, true, true, true, false);
INSERT INTO role_permission VALUES (324, 7, 14, true, true, false, true);
INSERT INTO role_permission VALUES (325, 7, 15, true, false, false, false);
INSERT INTO role_permission VALUES (326, 7, 16, true, true, true, false);
INSERT INTO role_permission VALUES (327, 7, 12, true, true, true, false);
INSERT INTO role_permission VALUES (328, 7, 11, true, true, true, false);
INSERT INTO role_permission VALUES (329, 7, 10, true, true, true, false);
INSERT INTO role_permission VALUES (330, 7, 34, true, false, false, false);
INSERT INTO role_permission VALUES (331, 7, 35, true, false, false, false);
INSERT INTO role_permission VALUES (332, 7, 36, true, true, true, true);
INSERT INTO role_permission VALUES (333, 7, 37, true, true, true, true);
INSERT INTO role_permission VALUES (334, 7, 38, true, true, true, true);
INSERT INTO role_permission VALUES (335, 7, 39, true, true, true, true);
INSERT INTO role_permission VALUES (336, 7, 44, true, false, false, false);
INSERT INTO role_permission VALUES (337, 7, 45, true, true, true, false);
INSERT INTO role_permission VALUES (338, 7, 46, true, true, true, false);
INSERT INTO role_permission VALUES (339, 7, 47, true, true, true, false);
INSERT INTO role_permission VALUES (340, 7, 74, true, false, false, false);
INSERT INTO role_permission VALUES (341, 7, 75, true, false, false, false);
INSERT INTO role_permission VALUES (342, 7, 73, true, false, false, false);
INSERT INTO role_permission VALUES (343, 7, 57, true, false, false, false);
INSERT INTO role_permission VALUES (344, 7, 58, true, false, false, false);
INSERT INTO role_permission VALUES (345, 7, 59, true, false, false, false);
INSERT INTO role_permission VALUES (346, 7, 60, true, false, false, false);
INSERT INTO role_permission VALUES (347, 8, 61, true, false, false, false);
INSERT INTO role_permission VALUES (348, 8, 62, true, false, false, false);
INSERT INTO role_permission VALUES (349, 8, 64, true, false, false, false);
INSERT INTO role_permission VALUES (350, 8, 65, true, true, true, true);
INSERT INTO role_permission VALUES (351, 8, 66, true, false, true, false);
INSERT INTO role_permission VALUES (352, 8, 67, true, false, false, false);
INSERT INTO role_permission VALUES (353, 8, 68, true, false, true, false);
INSERT INTO role_permission VALUES (354, 8, 69, true, false, true, false);
INSERT INTO role_permission VALUES (355, 8, 70, false, false, true, false);
INSERT INTO role_permission VALUES (356, 8, 18, true, false, false, false);
INSERT INTO role_permission VALUES (357, 8, 19, true, true, true, true);
INSERT INTO role_permission VALUES (358, 8, 20, true, true, false, true);
INSERT INTO role_permission VALUES (359, 8, 21, true, true, true, true);
INSERT INTO role_permission VALUES (360, 8, 22, true, true, true, true);
INSERT INTO role_permission VALUES (361, 8, 23, true, false, false, false);
INSERT INTO role_permission VALUES (362, 8, 24, true, true, true, true);
INSERT INTO role_permission VALUES (363, 8, 27, true, false, false, false);
INSERT INTO role_permission VALUES (364, 8, 28, true, false, false, false);
INSERT INTO role_permission VALUES (365, 8, 29, true, false, false, false);
INSERT INTO role_permission VALUES (366, 8, 30, true, true, false, true);
INSERT INTO role_permission VALUES (367, 8, 31, true, false, false, false);
INSERT INTO role_permission VALUES (368, 8, 32, true, false, false, false);
INSERT INTO role_permission VALUES (369, 8, 1, true, false, false, false);
INSERT INTO role_permission VALUES (370, 8, 2, true, true, true, true);
INSERT INTO role_permission VALUES (371, 8, 3, true, true, true, false);
INSERT INTO role_permission VALUES (372, 8, 4, true, true, true, true);
INSERT INTO role_permission VALUES (373, 8, 6, true, false, false, false);
INSERT INTO role_permission VALUES (374, 8, 7, true, false, false, false);
INSERT INTO role_permission VALUES (375, 8, 8, true, false, false, false);
INSERT INTO role_permission VALUES (376, 8, 9, true, false, false, false);
INSERT INTO role_permission VALUES (377, 8, 13, true, false, false, false);
INSERT INTO role_permission VALUES (378, 8, 14, true, true, false, true);
INSERT INTO role_permission VALUES (379, 8, 16, true, true, true, true);
INSERT INTO role_permission VALUES (380, 8, 12, true, false, false, false);
INSERT INTO role_permission VALUES (381, 8, 11, true, false, false, false);
INSERT INTO role_permission VALUES (382, 8, 10, true, false, false, false);
INSERT INTO role_permission VALUES (383, 8, 34, true, false, false, false);
INSERT INTO role_permission VALUES (384, 8, 35, true, false, false, false);
INSERT INTO role_permission VALUES (385, 8, 36, true, true, true, true);
INSERT INTO role_permission VALUES (386, 8, 37, true, true, true, true);
INSERT INTO role_permission VALUES (387, 8, 38, true, true, true, true);
INSERT INTO role_permission VALUES (388, 8, 39, true, true, true, true);
INSERT INTO role_permission VALUES (389, 8, 44, true, false, false, false);
INSERT INTO role_permission VALUES (390, 8, 45, true, false, false, false);
INSERT INTO role_permission VALUES (391, 8, 46, true, true, true, true);
INSERT INTO role_permission VALUES (392, 8, 47, true, false, false, false);
INSERT INTO role_permission VALUES (393, 8, 74, true, false, false, false);
INSERT INTO role_permission VALUES (394, 8, 75, true, false, false, false);
INSERT INTO role_permission VALUES (395, 8, 73, true, false, false, false);
INSERT INTO role_permission VALUES (396, 8, 57, true, false, false, false);
INSERT INTO role_permission VALUES (397, 8, 58, true, false, false, false);
INSERT INTO role_permission VALUES (398, 8, 59, true, false, false, false);
INSERT INTO role_permission VALUES (399, 8, 60, true, false, false, false);
INSERT INTO role_permission VALUES (400, 9, 61, true, false, false, false);
INSERT INTO role_permission VALUES (401, 9, 62, true, false, false, false);
INSERT INTO role_permission VALUES (402, 9, 64, true, false, false, false);
INSERT INTO role_permission VALUES (403, 9, 65, true, true, true, true);
INSERT INTO role_permission VALUES (404, 9, 66, true, false, true, false);
INSERT INTO role_permission VALUES (405, 9, 67, true, false, false, false);
INSERT INTO role_permission VALUES (406, 9, 68, true, false, true, false);
INSERT INTO role_permission VALUES (407, 9, 69, true, false, true, false);
INSERT INTO role_permission VALUES (408, 9, 70, false, false, true, false);
INSERT INTO role_permission VALUES (409, 9, 34, true, false, false, false);
INSERT INTO role_permission VALUES (410, 9, 35, true, false, false, false);
INSERT INTO role_permission VALUES (411, 9, 36, true, true, true, true);
INSERT INTO role_permission VALUES (412, 9, 37, true, true, true, true);
INSERT INTO role_permission VALUES (413, 9, 38, true, true, true, true);
INSERT INTO role_permission VALUES (414, 9, 39, true, true, true, true);
INSERT INTO role_permission VALUES (415, 9, 74, true, true, true, true);
INSERT INTO role_permission VALUES (416, 9, 75, true, true, true, true);
INSERT INTO role_permission VALUES (417, 9, 73, true, false, false, false);
INSERT INTO role_permission VALUES (418, 9, 57, true, false, false, false);
INSERT INTO role_permission VALUES (419, 9, 58, true, false, false, false);
INSERT INTO role_permission VALUES (420, 9, 59, true, false, false, false);
INSERT INTO role_permission VALUES (421, 9, 60, true, false, false, false);


--
-- Data for TOC entry 557 (OID 130849)
-- Name: lookup_stage; Type: TABLE DATA; Schema: public; Owner: matt
--

INSERT INTO lookup_stage VALUES (1, 1, 'Prospecting', false, 1, true);
INSERT INTO lookup_stage VALUES (2, 2, 'Qualification', false, 2, true);
INSERT INTO lookup_stage VALUES (3, 3, 'Needs Analysis', false, 3, true);
INSERT INTO lookup_stage VALUES (4, 4, 'Value Proposition', false, 4, true);
INSERT INTO lookup_stage VALUES (5, 5, 'Perception Analysis', false, 5, true);
INSERT INTO lookup_stage VALUES (6, 6, 'Proposal/Price Quote', false, 6, true);
INSERT INTO lookup_stage VALUES (7, 7, 'Negotiation/Review', false, 7, true);
INSERT INTO lookup_stage VALUES (8, 8, 'Closed Won', false, 8, true);
INSERT INTO lookup_stage VALUES (9, 9, 'Closed Lost', false, 9, true);


--
-- Data for TOC entry 558 (OID 130859)
-- Name: lookup_delivery_options; Type: TABLE DATA; Schema: public; Owner: matt
--

INSERT INTO lookup_delivery_options VALUES (1, 'Email only', false, 1, true);
INSERT INTO lookup_delivery_options VALUES (2, 'Fax only', false, 2, true);
INSERT INTO lookup_delivery_options VALUES (3, 'Letter only', false, 3, true);
INSERT INTO lookup_delivery_options VALUES (4, 'Email then Fax', false, 4, true);
INSERT INTO lookup_delivery_options VALUES (5, 'Email then Letter', false, 5, true);
INSERT INTO lookup_delivery_options VALUES (6, 'Email, Fax, then Letter', false, 6, true);


--
-- Data for TOC entry 559 (OID 130869)
-- Name: news; Type: TABLE DATA; Schema: public; Owner: matt
--



--
-- Data for TOC entry 560 (OID 130884)
-- Name: organization_address; Type: TABLE DATA; Schema: public; Owner: matt
--



--
-- Data for TOC entry 561 (OID 130909)
-- Name: organization_emailaddress; Type: TABLE DATA; Schema: public; Owner: matt
--



--
-- Data for TOC entry 562 (OID 130934)
-- Name: organization_phone; Type: TABLE DATA; Schema: public; Owner: matt
--



--
-- Data for TOC entry 563 (OID 130959)
-- Name: contact_address; Type: TABLE DATA; Schema: public; Owner: matt
--



--
-- Data for TOC entry 564 (OID 130984)
-- Name: contact_emailaddress; Type: TABLE DATA; Schema: public; Owner: matt
--



--
-- Data for TOC entry 565 (OID 131009)
-- Name: contact_phone; Type: TABLE DATA; Schema: public; Owner: matt
--



--
-- Data for TOC entry 566 (OID 131034)
-- Name: notification; Type: TABLE DATA; Schema: public; Owner: matt
--



--
-- Data for TOC entry 567 (OID 131046)
-- Name: cfsinbox_message; Type: TABLE DATA; Schema: public; Owner: matt
--



--
-- Data for TOC entry 568 (OID 131067)
-- Name: cfsinbox_messagelink; Type: TABLE DATA; Schema: public; Owner: matt
--



--
-- Data for TOC entry 569 (OID 131083)
-- Name: account_type_levels; Type: TABLE DATA; Schema: public; Owner: matt
--



--
-- Data for TOC entry 570 (OID 131095)
-- Name: contact_type_levels; Type: TABLE DATA; Schema: public; Owner: matt
--



--
-- Data for TOC entry 571 (OID 131109)
-- Name: lookup_lists_lookup; Type: TABLE DATA; Schema: public; Owner: matt
--

INSERT INTO lookup_lists_lookup VALUES (1, 1, 1, 'lookupList', 'lookup_account_types', 10, 'Account Types', '2003-12-22 09:59:15.163', 1);
INSERT INTO lookup_lists_lookup VALUES (2, 1, 2, 'lookupList', 'lookup_revenue_types', 20, 'Revenue Types', '2003-12-22 09:59:15.252', 1);
INSERT INTO lookup_lists_lookup VALUES (3, 1, 3, 'contactType', 'lookup_contact_types', 30, 'Contact Types', '2003-12-22 09:59:15.256', 1);
INSERT INTO lookup_lists_lookup VALUES (4, 2, 1, 'contactType', 'lookup_contact_types', 10, 'Types', '2003-12-22 09:59:15.535', 2);
INSERT INTO lookup_lists_lookup VALUES (5, 2, 2, 'lookupList', 'lookup_contactemail_types', 20, 'Email Types', '2003-12-22 09:59:15.551', 2);
INSERT INTO lookup_lists_lookup VALUES (6, 2, 3, 'lookupList', 'lookup_contactaddress_types', 30, 'Address Types', '2003-12-22 09:59:15.555', 2);
INSERT INTO lookup_lists_lookup VALUES (7, 2, 4, 'lookupList', 'lookup_contactphone_types', 40, 'Phone Types', '2003-12-22 09:59:15.565', 2);
INSERT INTO lookup_lists_lookup VALUES (8, 4, 1, 'lookupList', 'lookup_stage', 10, 'Stage', '2003-12-22 09:59:15.684', 4);
INSERT INTO lookup_lists_lookup VALUES (9, 4, 2, 'lookupList', 'lookup_opportunity_types', 20, 'Opportunity Types', '2003-12-22 09:59:15.688', 4);
INSERT INTO lookup_lists_lookup VALUES (10, 8, 1, 'lookupList', 'lookup_ticketsource', 10, 'Ticket Source', '2003-12-22 09:59:15.891', 8);
INSERT INTO lookup_lists_lookup VALUES (11, 8, 2, 'lookupList', 'ticket_severity', 20, 'Ticket Severity', '2003-12-22 09:59:15.894', 8);
INSERT INTO lookup_lists_lookup VALUES (12, 8, 3, 'lookupList', 'ticket_priority', 30, 'Ticket Priority', '2003-12-22 09:59:15.899', 8);
INSERT INTO lookup_lists_lookup VALUES (13, 15, 1111031132, 'lookupList', 'lookup_department', 10, 'Departments', '2003-12-22 09:59:16.168', 15);


--
-- Data for TOC entry 572 (OID 131125)
-- Name: viewpoint; Type: TABLE DATA; Schema: public; Owner: matt
--



--
-- Data for TOC entry 573 (OID 131151)
-- Name: viewpoint_permission; Type: TABLE DATA; Schema: public; Owner: matt
--



--
-- Data for TOC entry 574 (OID 131170)
-- Name: report; Type: TABLE DATA; Schema: public; Owner: matt
--

INSERT INTO report VALUES (1, 1, NULL, 'accounts_type.xml', 1, 'Accounts by Type', 'What are my accounts by type?', '2003-12-22 09:59:15.273', 0, '2003-12-22 09:59:15.273', 0, true, false);
INSERT INTO report VALUES (2, 1, NULL, 'accounts_recent.xml', 1, 'Accounts by Date Added', 'What are my recent accounts?', '2003-12-22 09:59:15.412', 0, '2003-12-22 09:59:15.412', 0, true, false);
INSERT INTO report VALUES (3, 1, NULL, 'accounts_expire.xml', 1, 'Accounts by Contract End Date', 'Which accounts are expiring?', '2003-12-22 09:59:15.419', 0, '2003-12-22 09:59:15.419', 0, true, false);
INSERT INTO report VALUES (4, 1, NULL, 'accounts_current.xml', 1, 'Current Accounts', 'What are my current accounts?', '2003-12-22 09:59:15.424', 0, '2003-12-22 09:59:15.424', 0, true, false);
INSERT INTO report VALUES (5, 1, NULL, 'accounts_contacts.xml', 1, 'Account Contacts', 'Who are the contacts in each account?', '2003-12-22 09:59:15.429', 0, '2003-12-22 09:59:15.429', 0, true, false);
INSERT INTO report VALUES (6, 1, NULL, 'folder_accounts.xml', 1, 'Account Folders', 'What is the folder data for each account?', '2003-12-22 09:59:15.437', 0, '2003-12-22 09:59:15.437', 0, true, false);
INSERT INTO report VALUES (7, 2, NULL, 'contacts_user.xml', 1, 'Contacts', 'Who are my contacts?', '2003-12-22 09:59:15.569', 0, '2003-12-22 09:59:15.569', 0, true, false);
INSERT INTO report VALUES (8, 4, NULL, 'opportunity_pipeline.xml', 1, 'Opportunities by Stage', 'What are my upcoming opportunities by stage?', '2003-12-22 09:59:15.692', 0, '2003-12-22 09:59:15.692', 0, true, false);
INSERT INTO report VALUES (9, 4, NULL, 'opportunity_account.xml', 1, 'Opportunities by Account', 'What are all the accounts associated with my opportunities?', '2003-12-22 09:59:15.696', 0, '2003-12-22 09:59:15.696', 0, true, false);
INSERT INTO report VALUES (10, 4, NULL, 'opportunity_owner.xml', 1, 'Opportunities by Owner', 'What are all the opportunities based on ownership?', '2003-12-22 09:59:15.701', 0, '2003-12-22 09:59:15.701', 0, true, false);
INSERT INTO report VALUES (11, 4, NULL, 'opportunity_contact.xml', 1, 'Opportunity Contacts', 'Who are the contacts of my opportunities?', '2003-12-22 09:59:15.705', 0, '2003-12-22 09:59:15.705', 0, true, false);
INSERT INTO report VALUES (12, 6, NULL, 'campaign.xml', 1, 'Campaigns by date', 'What are my active campaigns?', '2003-12-22 09:59:15.796', 0, '2003-12-22 09:59:15.796', 0, true, false);
INSERT INTO report VALUES (13, 8, NULL, 'tickets_department.xml', 1, 'Tickets by Department', 'What tickets are there in each department?', '2003-12-22 09:59:15.903', 0, '2003-12-22 09:59:15.903', 0, true, false);
INSERT INTO report VALUES (14, 8, NULL, 'ticket_summary_date.xml', 1, 'Ticket counts by Department', 'How man tickets are there in the system on a particular date?', '2003-12-22 09:59:15.908', 0, '2003-12-22 09:59:15.908', 0, true, false);
INSERT INTO report VALUES (15, 8, NULL, 'ticket_summary_range.xml', 1, 'Ticket activity by Department', 'How many tickets exist within a date range?', '2003-12-22 09:59:15.912', 0, '2003-12-22 09:59:15.912', 0, true, false);
INSERT INTO report VALUES (16, 9, NULL, 'users.xml', 1, 'System Users', 'Who are all the users of the system?', '2003-12-22 09:59:16.005', 0, '2003-12-22 09:59:16.005', 0, true, false);
INSERT INTO report VALUES (17, 12, NULL, 'task_date.xml', 1, 'Task list by due date', 'What are the tasks due withing a date range?', '2003-12-22 09:59:16.116', 0, '2003-12-22 09:59:16.116', 0, true, false);
INSERT INTO report VALUES (18, 12, NULL, 'task_nodate.xml', 1, 'Task list', 'What are all the tasks in the system?', '2003-12-22 09:59:16.12', 0, '2003-12-22 09:59:16.12', 0, true, false);
INSERT INTO report VALUES (19, 15, NULL, 'employees.xml', 1, 'Employees', 'Who are the employees in my organization?', '2003-12-22 09:59:16.172', 0, '2003-12-22 09:59:16.172', 0, true, false);


--
-- Data for TOC entry 575 (OID 131201)
-- Name: report_criteria; Type: TABLE DATA; Schema: public; Owner: matt
--



--
-- Data for TOC entry 576 (OID 131227)
-- Name: report_criteria_parameter; Type: TABLE DATA; Schema: public; Owner: matt
--



--
-- Data for TOC entry 577 (OID 131241)
-- Name: report_queue; Type: TABLE DATA; Schema: public; Owner: matt
--



--
-- Data for TOC entry 578 (OID 131260)
-- Name: report_queue_criteria; Type: TABLE DATA; Schema: public; Owner: matt
--



--
-- Data for TOC entry 579 (OID 131274)
-- Name: action_list; Type: TABLE DATA; Schema: public; Owner: matt
--



--
-- Data for TOC entry 580 (OID 131296)
-- Name: action_item; Type: TABLE DATA; Schema: public; Owner: matt
--



--
-- Data for TOC entry 581 (OID 131318)
-- Name: action_item_log; Type: TABLE DATA; Schema: public; Owner: matt
--



--
-- Data for TOC entry 582 (OID 131340)
-- Name: database_version; Type: TABLE DATA; Schema: public; Owner: matt
--

INSERT INTO database_version VALUES (1, 'att/source/dhv/cfs2/src/sql/init/workflow.bsh', 'att/source/dhv/cfs2/src/sql/init/workflow', '2003-12-22 09:59:30.429');


--
-- Data for TOC entry 583 (OID 131465)
-- Name: lookup_call_types; Type: TABLE DATA; Schema: public; Owner: matt
--

INSERT INTO lookup_call_types VALUES (1, 'Phone Call', true, 10, true);
INSERT INTO lookup_call_types VALUES (2, 'Fax', false, 20, true);
INSERT INTO lookup_call_types VALUES (3, 'In-Person', false, 30, true);


--
-- Data for TOC entry 584 (OID 131475)
-- Name: lookup_opportunity_types; Type: TABLE DATA; Schema: public; Owner: matt
--

INSERT INTO lookup_opportunity_types VALUES (1, NULL, 'Type 1', false, 0, true);
INSERT INTO lookup_opportunity_types VALUES (2, NULL, 'Type 2', false, 1, true);
INSERT INTO lookup_opportunity_types VALUES (3, NULL, 'Type 3', false, 2, true);
INSERT INTO lookup_opportunity_types VALUES (4, NULL, 'Type 4', false, 3, true);


--
-- Data for TOC entry 585 (OID 131485)
-- Name: opportunity_header; Type: TABLE DATA; Schema: public; Owner: matt
--



--
-- Data for TOC entry 586 (OID 131504)
-- Name: opportunity_component; Type: TABLE DATA; Schema: public; Owner: matt
--



--
-- Data for TOC entry 587 (OID 131538)
-- Name: opportunity_component_levels; Type: TABLE DATA; Schema: public; Owner: matt
--



--
-- Data for TOC entry 588 (OID 131552)
-- Name: call_log; Type: TABLE DATA; Schema: public; Owner: matt
--



--
-- Data for TOC entry 589 (OID 131605)
-- Name: ticket_level; Type: TABLE DATA; Schema: public; Owner: matt
--

INSERT INTO ticket_level VALUES (1, 'Entry level', false, 0, true);
INSERT INTO ticket_level VALUES (2, 'First level', false, 1, true);
INSERT INTO ticket_level VALUES (3, 'Second level', false, 2, true);
INSERT INTO ticket_level VALUES (4, 'Third level', false, 3, true);
INSERT INTO ticket_level VALUES (5, 'Top level', false, 4, true);


--
-- Data for TOC entry 590 (OID 131617)
-- Name: ticket_severity; Type: TABLE DATA; Schema: public; Owner: matt
--

INSERT INTO ticket_severity VALUES (1, 'Normal', 'background-color:lightgreen;color:black;', false, 0, true);
INSERT INTO ticket_severity VALUES (2, 'Important', 'background-color:yellow;color:black;', false, 1, true);
INSERT INTO ticket_severity VALUES (3, 'Critical', 'background-color:red;color:black;font-weight:bold;', false, 2, true);


--
-- Data for TOC entry 591 (OID 131633)
-- Name: lookup_ticketsource; Type: TABLE DATA; Schema: public; Owner: matt
--

INSERT INTO lookup_ticketsource VALUES (1, 'Phone', false, 1, true);
INSERT INTO lookup_ticketsource VALUES (2, 'Email', false, 2, true);
INSERT INTO lookup_ticketsource VALUES (3, 'Letter', false, 3, true);
INSERT INTO lookup_ticketsource VALUES (4, 'Other', false, 4, true);


--
-- Data for TOC entry 592 (OID 131645)
-- Name: ticket_priority; Type: TABLE DATA; Schema: public; Owner: matt
--

INSERT INTO ticket_priority VALUES (1, 'Scheduled', 'background-color:lightgreen;color:black;', false, 0, true);
INSERT INTO ticket_priority VALUES (2, 'Next', 'background-color:yellow;color:black;', false, 1, true);
INSERT INTO ticket_priority VALUES (3, 'Immediate', 'background-color:red;color:black;font-weight:bold;', false, 2, true);


--
-- Data for TOC entry 593 (OID 131661)
-- Name: ticket_category; Type: TABLE DATA; Schema: public; Owner: matt
--

INSERT INTO ticket_category VALUES (1, 0, 0, 'Sales', '', false, 1, true);
INSERT INTO ticket_category VALUES (2, 0, 0, 'Billing', '', false, 2, true);
INSERT INTO ticket_category VALUES (3, 0, 0, 'Technical', '', false, 3, true);
INSERT INTO ticket_category VALUES (4, 0, 0, 'Order', '', false, 4, true);
INSERT INTO ticket_category VALUES (5, 0, 0, 'Other', '', false, 5, true);


--
-- Data for TOC entry 594 (OID 131676)
-- Name: ticket_category_draft; Type: TABLE DATA; Schema: public; Owner: matt
--



--
-- Data for TOC entry 595 (OID 131692)
-- Name: ticket; Type: TABLE DATA; Schema: public; Owner: matt
--



--
-- Data for TOC entry 596 (OID 131746)
-- Name: ticketlog; Type: TABLE DATA; Schema: public; Owner: matt
--



--
-- Data for TOC entry 597 (OID 131806)
-- Name: module_field_categorylink; Type: TABLE DATA; Schema: public; Owner: matt
--

INSERT INTO module_field_categorylink VALUES (1, 1, 1, 10, 'Accounts', '2003-12-22 09:59:15.145');
INSERT INTO module_field_categorylink VALUES (2, 2, 2, 10, 'Contacts', '2003-12-22 09:59:15.529');
INSERT INTO module_field_categorylink VALUES (3, 8, 11072003, 10, 'Tickets', '2003-12-22 09:59:15.887');


--
-- Data for TOC entry 598 (OID 131824)
-- Name: custom_field_category; Type: TABLE DATA; Schema: public; Owner: matt
--



--
-- Data for TOC entry 599 (OID 131846)
-- Name: custom_field_group; Type: TABLE DATA; Schema: public; Owner: matt
--



--
-- Data for TOC entry 600 (OID 131865)
-- Name: custom_field_info; Type: TABLE DATA; Schema: public; Owner: matt
--



--
-- Data for TOC entry 601 (OID 131886)
-- Name: custom_field_lookup; Type: TABLE DATA; Schema: public; Owner: matt
--



--
-- Data for TOC entry 602 (OID 131902)
-- Name: custom_field_record; Type: TABLE DATA; Schema: public; Owner: matt
--



--
-- Data for TOC entry 603 (OID 131923)
-- Name: custom_field_data; Type: TABLE DATA; Schema: public; Owner: matt
--



--
-- Data for TOC entry 604 (OID 131940)
-- Name: lookup_project_activity; Type: TABLE DATA; Schema: public; Owner: matt
--

INSERT INTO lookup_project_activity VALUES (1, 'Project Initialization', false, 1, true, 0, 0);
INSERT INTO lookup_project_activity VALUES (2, 'Analysis/Software Requirements', false, 2, true, 0, 0);
INSERT INTO lookup_project_activity VALUES (3, 'Functional Specifications', false, 3, true, 0, 0);
INSERT INTO lookup_project_activity VALUES (4, 'Prototype', false, 4, true, 0, 0);
INSERT INTO lookup_project_activity VALUES (5, 'System Development', false, 5, true, 0, 0);
INSERT INTO lookup_project_activity VALUES (6, 'Testing', false, 6, true, 0, 0);
INSERT INTO lookup_project_activity VALUES (7, 'Training', false, 7, true, 0, 0);
INSERT INTO lookup_project_activity VALUES (8, 'Documentation', false, 8, true, 0, 0);
INSERT INTO lookup_project_activity VALUES (9, 'Deployment', false, 9, true, 0, 0);
INSERT INTO lookup_project_activity VALUES (10, 'Post Implementation Review', false, 10, true, 0, 0);


--
-- Data for TOC entry 605 (OID 131952)
-- Name: lookup_project_priority; Type: TABLE DATA; Schema: public; Owner: matt
--

INSERT INTO lookup_project_priority VALUES (1, 'Low', false, 1, true, 0, NULL, 10);
INSERT INTO lookup_project_priority VALUES (2, 'Normal', true, 2, true, 0, NULL, 20);
INSERT INTO lookup_project_priority VALUES (3, 'High', false, 3, true, 0, NULL, 30);


--
-- Data for TOC entry 606 (OID 131963)
-- Name: lookup_project_issues; Type: TABLE DATA; Schema: public; Owner: matt
--

INSERT INTO lookup_project_issues VALUES (1, 'Status Update', false, 0, true, 0);
INSERT INTO lookup_project_issues VALUES (2, 'Bug Report', false, 0, true, 0);
INSERT INTO lookup_project_issues VALUES (3, 'Network', false, 0, true, 0);
INSERT INTO lookup_project_issues VALUES (4, 'Hardware', false, 0, true, 0);
INSERT INTO lookup_project_issues VALUES (5, 'Permissions', false, 0, true, 0);
INSERT INTO lookup_project_issues VALUES (6, 'User', false, 0, true, 0);
INSERT INTO lookup_project_issues VALUES (7, 'Documentation', false, 0, true, 0);
INSERT INTO lookup_project_issues VALUES (8, 'Feature', false, 0, true, 0);
INSERT INTO lookup_project_issues VALUES (9, 'Procedure', false, 0, true, 0);
INSERT INTO lookup_project_issues VALUES (10, 'Training', false, 0, true, 0);
INSERT INTO lookup_project_issues VALUES (11, '3rd-Party Software', false, 0, true, 0);
INSERT INTO lookup_project_issues VALUES (12, 'Database', false, 0, true, 0);
INSERT INTO lookup_project_issues VALUES (13, 'Information', false, 0, true, 0);
INSERT INTO lookup_project_issues VALUES (14, 'Testing', false, 0, true, 0);
INSERT INTO lookup_project_issues VALUES (15, 'Security', false, 0, true, 0);


--
-- Data for TOC entry 607 (OID 131974)
-- Name: lookup_project_status; Type: TABLE DATA; Schema: public; Owner: matt
--

INSERT INTO lookup_project_status VALUES (1, 'Not Started', false, 1, true, 0, 'box.gif', 1);
INSERT INTO lookup_project_status VALUES (2, 'In Progress', false, 2, true, 0, 'box.gif', 2);
INSERT INTO lookup_project_status VALUES (3, 'On Hold', false, 5, true, 0, 'box-hold.gif', 5);
INSERT INTO lookup_project_status VALUES (4, 'Waiting on Reqs', false, 6, true, 0, 'box-hold.gif', 5);
INSERT INTO lookup_project_status VALUES (5, 'Complete', false, 3, true, 0, 'box-checked.gif', 3);
INSERT INTO lookup_project_status VALUES (6, 'Closed', false, 4, true, 0, 'box-checked.gif', 4);


--
-- Data for TOC entry 608 (OID 131985)
-- Name: lookup_project_loe; Type: TABLE DATA; Schema: public; Owner: matt
--

INSERT INTO lookup_project_loe VALUES (1, 'Minute(s)', 60, false, 1, true, 0);
INSERT INTO lookup_project_loe VALUES (2, 'Hour(s)', 3600, true, 1, true, 0);
INSERT INTO lookup_project_loe VALUES (3, 'Day(s)', 86400, false, 1, true, 0);
INSERT INTO lookup_project_loe VALUES (4, 'Week(s)', 604800, false, 1, true, 0);
INSERT INTO lookup_project_loe VALUES (5, 'Month(s)', 18144000, false, 1, true, 0);


--
-- Data for TOC entry 609 (OID 131997)
-- Name: projects; Type: TABLE DATA; Schema: public; Owner: matt
--



--
-- Data for TOC entry 610 (OID 132020)
-- Name: project_requirements; Type: TABLE DATA; Schema: public; Owner: matt
--



--
-- Data for TOC entry 611 (OID 132060)
-- Name: project_assignments; Type: TABLE DATA; Schema: public; Owner: matt
--



--
-- Data for TOC entry 612 (OID 132117)
-- Name: project_assignments_status; Type: TABLE DATA; Schema: public; Owner: matt
--



--
-- Data for TOC entry 613 (OID 132136)
-- Name: project_issues; Type: TABLE DATA; Schema: public; Owner: matt
--



--
-- Data for TOC entry 614 (OID 132168)
-- Name: project_issue_replies; Type: TABLE DATA; Schema: public; Owner: matt
--



--
-- Data for TOC entry 615 (OID 132193)
-- Name: project_folders; Type: TABLE DATA; Schema: public; Owner: matt
--



--
-- Data for TOC entry 616 (OID 132203)
-- Name: project_files; Type: TABLE DATA; Schema: public; Owner: matt
--



--
-- Data for TOC entry 617 (OID 132230)
-- Name: project_files_version; Type: TABLE DATA; Schema: public; Owner: matt
--



--
-- Data for TOC entry 618 (OID 132253)
-- Name: project_files_download; Type: TABLE DATA; Schema: public; Owner: matt
--



--
-- Data for TOC entry 619 (OID 132265)
-- Name: project_team; Type: TABLE DATA; Schema: public; Owner: matt
--



--
-- Data for TOC entry 620 (OID 132326)
-- Name: saved_criterialist; Type: TABLE DATA; Schema: public; Owner: matt
--



--
-- Data for TOC entry 621 (OID 132349)
-- Name: campaign; Type: TABLE DATA; Schema: public; Owner: matt
--



--
-- Data for TOC entry 622 (OID 132379)
-- Name: campaign_run; Type: TABLE DATA; Schema: public; Owner: matt
--



--
-- Data for TOC entry 623 (OID 132396)
-- Name: excluded_recipient; Type: TABLE DATA; Schema: public; Owner: matt
--



--
-- Data for TOC entry 624 (OID 132409)
-- Name: campaign_list_groups; Type: TABLE DATA; Schema: public; Owner: matt
--



--
-- Data for TOC entry 625 (OID 132421)
-- Name: active_campaign_groups; Type: TABLE DATA; Schema: public; Owner: matt
--



--
-- Data for TOC entry 626 (OID 132435)
-- Name: scheduled_recipient; Type: TABLE DATA; Schema: public; Owner: matt
--



--
-- Data for TOC entry 627 (OID 132454)
-- Name: lookup_survey_types; Type: TABLE DATA; Schema: public; Owner: matt
--

INSERT INTO lookup_survey_types VALUES (1, 'Open-Ended', false, 0, true);
INSERT INTO lookup_survey_types VALUES (2, 'Quantitative (no comments)', false, 0, true);
INSERT INTO lookup_survey_types VALUES (3, 'Quantitative (with comments)', false, 0, true);
INSERT INTO lookup_survey_types VALUES (4, 'Item List', false, 0, true);


--
-- Data for TOC entry 628 (OID 132464)
-- Name: survey; Type: TABLE DATA; Schema: public; Owner: matt
--



--
-- Data for TOC entry 629 (OID 132486)
-- Name: campaign_survey_link; Type: TABLE DATA; Schema: public; Owner: matt
--



--
-- Data for TOC entry 630 (OID 132498)
-- Name: survey_questions; Type: TABLE DATA; Schema: public; Owner: matt
--



--
-- Data for TOC entry 631 (OID 132515)
-- Name: survey_items; Type: TABLE DATA; Schema: public; Owner: matt
--



--
-- Data for TOC entry 632 (OID 132527)
-- Name: active_survey; Type: TABLE DATA; Schema: public; Owner: matt
--



--
-- Data for TOC entry 633 (OID 132557)
-- Name: active_survey_questions; Type: TABLE DATA; Schema: public; Owner: matt
--



--
-- Data for TOC entry 634 (OID 132582)
-- Name: active_survey_items; Type: TABLE DATA; Schema: public; Owner: matt
--



--
-- Data for TOC entry 635 (OID 132594)
-- Name: active_survey_responses; Type: TABLE DATA; Schema: public; Owner: matt
--



--
-- Data for TOC entry 636 (OID 132607)
-- Name: active_survey_answers; Type: TABLE DATA; Schema: public; Owner: matt
--



--
-- Data for TOC entry 637 (OID 132626)
-- Name: active_survey_answer_items; Type: TABLE DATA; Schema: public; Owner: matt
--



--
-- Data for TOC entry 638 (OID 132644)
-- Name: active_survey_answer_avg; Type: TABLE DATA; Schema: public; Owner: matt
--



--
-- Data for TOC entry 639 (OID 132660)
-- Name: field_types; Type: TABLE DATA; Schema: public; Owner: matt
--

INSERT INTO field_types VALUES (1, 0, 'string', '=', 'is', true);
INSERT INTO field_types VALUES (2, 0, 'string', '!=', 'is not', true);
INSERT INTO field_types VALUES (3, 0, 'string', '= | or field_name is null', 'is empty', false);
INSERT INTO field_types VALUES (4, 0, 'string', '!= | and field_name is not null', 'is not empty', false);
INSERT INTO field_types VALUES (5, 0, 'string', 'like %search_value%', 'contains', false);
INSERT INTO field_types VALUES (6, 0, 'string', 'not like %search_value%', 'does not contain', false);
INSERT INTO field_types VALUES (7, 1, 'date', '<', 'before', true);
INSERT INTO field_types VALUES (8, 1, 'date', '>', 'after', true);
INSERT INTO field_types VALUES (9, 1, 'date', 'between', 'between', false);
INSERT INTO field_types VALUES (10, 1, 'date', '<=', 'on or before', true);
INSERT INTO field_types VALUES (11, 1, 'date', '>=', 'on or after', true);
INSERT INTO field_types VALUES (12, 2, 'number', '>', 'greater than', true);
INSERT INTO field_types VALUES (13, 2, 'number', '<', 'less than', true);
INSERT INTO field_types VALUES (14, 2, 'number', '=', 'equals', true);
INSERT INTO field_types VALUES (15, 2, 'number', '>=', 'greater than or equal to', true);
INSERT INTO field_types VALUES (16, 2, 'number', '<=', 'less than or equal to', true);
INSERT INTO field_types VALUES (17, 2, 'number', 'is not null', 'exist', true);
INSERT INTO field_types VALUES (18, 2, 'number', 'is null', 'does not exist', true);


--
-- Data for TOC entry 640 (OID 132669)
-- Name: search_fields; Type: TABLE DATA; Schema: public; Owner: matt
--

INSERT INTO search_fields VALUES (1, 'company', 'Company Name', true, 0, NULL, NULL, true);
INSERT INTO search_fields VALUES (2, 'namefirst', 'Contact First Name', true, 0, NULL, NULL, true);
INSERT INTO search_fields VALUES (3, 'namelast', 'Contact Last Name', true, 0, NULL, NULL, true);
INSERT INTO search_fields VALUES (4, 'entered', 'Entered Date', true, 1, NULL, NULL, true);
INSERT INTO search_fields VALUES (5, 'zip', 'Zip Code', true, 0, NULL, NULL, true);
INSERT INTO search_fields VALUES (6, 'areacode', 'Area Code', true, 0, NULL, NULL, true);
INSERT INTO search_fields VALUES (7, 'city', 'City', true, 0, NULL, NULL, true);
INSERT INTO search_fields VALUES (8, 'typeId', 'Contact Type', true, 0, NULL, NULL, true);
INSERT INTO search_fields VALUES (9, 'contactId', 'Contact ID', false, 0, NULL, NULL, true);
INSERT INTO search_fields VALUES (10, 'title', 'Contact Title', false, 0, NULL, NULL, true);
INSERT INTO search_fields VALUES (11, 'accountTypeId', 'Account Type', true, 0, NULL, NULL, true);


--
-- Data for TOC entry 641 (OID 132679)
-- Name: message; Type: TABLE DATA; Schema: public; Owner: matt
--



--
-- Data for TOC entry 642 (OID 132704)
-- Name: message_template; Type: TABLE DATA; Schema: public; Owner: matt
--



--
-- Data for TOC entry 643 (OID 132720)
-- Name: saved_criteriaelement; Type: TABLE DATA; Schema: public; Owner: matt
--



--
-- Data for TOC entry 644 (OID 132778)
-- Name: help_module; Type: TABLE DATA; Schema: public; Owner: matt
--

INSERT INTO help_module VALUES (12, 12, 'This is the "Home Page". The top set of tabs shows the individual modules that you can access. The second row are the functions available to you in this module.
If you are looking for a particular module or function you have seen during training or on someone else''s machine, and it''s NOT visible, then it probably means that you do not have permission for that module or function.

Permissions within the system are assigned to Roles and then Users are assigned to Roles by the System Administrator.
', 'The Home Page has several main features.

Welcome: This is the welcome page. Here you will see a calendar of all of your upcoming alerts in the system, as well as for users that report to you.

Mailbox: The message system is designed to support INTERNAL business messaging needs and to prepare OUTGOING emails to addresses who are already in the system. Messaging is NOT a normal email replacement. It will not send email to addresses assigned "on-the-fly" and it will not receive OUTSIDE email.

Tasks: Tasks allows you to create and assign tasks. Tasks created can be assigned to the creator of the task or an employee working in the system. This page lists the tasks present along with their priorities, due dates and age.

Action Lists: Action Lists allow you to create a list of contacts that are related in some way. For each of the contacts in a list, you can add calls, opportunities, tickets, tasks or send a message, which would correspondingly show up in their respective tabs. For example, adding a ticket to the contact would be reflected in the Ticket module.

Re-assignments: You can reassign data from one employee to another employee as long as each employee reports to you. The data can be of different types related to accounts, contacts, opportunities, activities, tickets etc, which the newly reassigned employee could view.

Settings: This feature allows you to modify the information about yourself and your location, and also change your password to the system.');
INSERT INTO help_module VALUES (2, 2, 'The purpose of this module is for the users to view contacts and add new contacts. You can also search for contacts as well as export contact data.
', 'The Contacts module has three main features

Add: A new contact can be added into the system. The contact can be a general contact, or one that is associated with an account. All the details about the contact like the email address, phone numbers, address and some additional details can be added.

Search: Use this page to search for contacts in the system based on different filters.

Export: Contact data can be exported and displayed in different formats, and can be filtered in different ways. The Export page also lets you view the data, download it, and show the number of times the exported data has been downloaded.');
INSERT INTO help_module VALUES (4, 4, 'Pipeline helps in creating opportunities or leads in the company. Each opportunity helps to follow-up on a lead, which might eventually turn into a client. Here you can create an opportunity, search for an existing opportunity in the system, or export the data in different formats. The dashboard displays a progress chart in different views for all the employees working under the hierarchy of the owner of the opportunity.
', 'This Pipeline System has four main features:

Dashboard: Gives you a quick, visual overview of opportunities.

Add: This page lets you add an opportunity into the system. Here a new opportunity can be added by giving the description of the opportunity. You can add a component that is associated with the opportunity. Each component can be assigned to an employee and the type of the component can be selected. For each component the probability of closing the component, the date estimated, the best guess for closing the deal and the duration for that component can be entered.

Search: You can search for an opportunity already existing in the system based on different filters.

Export: The data can be filtered, exported and displayed in different formats.');
INSERT INTO help_module VALUES (1, 1, 'You are looking at the Accounts module homepage, which has a dashboard view of all your accounts. This view is based on a date range selected from the calendar; by default it shows the schedule for the next seven days. You can optionally view the calendar of those below you in your hierarchy. The scheduled actions of each user can also be viewed. In the Accounts Module, new accounts can be added, existing accounts can be searched based on different filters, revenue for each account can be created/maintained and finally, data can be exported to different formats.
', 'The Accounts module has five main features.

Dashboard: Displays a dashboard view account contract expirations.

Add: Allows you to add a new account

Search: This page provides a search feature for the accounts present in the system

Revenue: Graphically visualizes revenue if the historical data is present in the system. All the accounts with revenue are shown along with a list of employees working under you under the progress chart. You can add accounts, search for the existing ones in the system based on different filters and export the data to different formats

Export: Data can be exported and displayed in different formats. The exported data can be filtered in different ways. You can view the data, download it, and see the number of times an exported report has been downloaded ');
INSERT INTO help_module VALUES (6, 6, 'Communications is a "Campaign Manager" Module where you can manage complex email. fax, or mail communications with your customers. Communications allows you to create and choose Groups, Messages, and Schedules to define communications scenarios from the simple to the very complex. Groups can range from a single contact chosen from a pick list to the result of a complex query of the Account/Contact database. Messages can be anything from a single-line email to a rich, multimedia product catalog to an interactive survey.', 'The Communication module has six main features.

Dashboard: Track and analyze campaigns that have been activated and executed.
Messages can be sent out by any combination of email, fax, or mail merge. The Dashboard shows an overview of sent messages and allows you to drill down and view recipients and any survey results.

Add: This page lets you add a new campaign.

Campaign List: This page lets you add a new campaign into the system.

Groups: Each campaign needs at least one group to send a message to. Use criteria to filter the contacts you need to reach and use them over and over again. As new contacts meet the criteria, they will be included in future campaigns. This page lists the group names. It shows the groups created by you or everybody i.e. all the groups. 

Messages: Compose a message to reach your audience. Each campaign requires a message that will be sent to selected groups. Write the message once, then use it in any number of future campaigns. Modified messages will only affect future campaigns. Displays the list of messages, with the description and other details.

Attachments: Customize and configure your Campaigns with attachments. Attachments can include interactive items, like surveys, or provide additional materials like files. ');
INSERT INTO help_module VALUES (8, 8, 'You are looking at the Help Desk module home page. The dashboard shows the most recent tickets that have been assigned to you, as well as tickets that are in your department, and tickets that have been created by you. You can add new tickets, search for existing tickets based on different filters and export ticket data.
', 'The Help Desk module has four main features.

View: Lists all the tickets assigned to you and the tickets assigned in your department. Details such as the ticket number, priority, age, i.e. how old the ticket is, the company and the tickets assignment are displayed.

Add: You can add a new ticket here.

Search: Form used for searching the tickets that already exist in the system based on different filters and parameters.

Export: This page shows exported data. The data can be exported to different formats. The exported data can be viewed with its subject, the size of the exported data file, when it was created and by whom. It also shows the number of times that particular exported file was downloaded. The exported data, created by you or all the employees can be viewed in two different views. A new data file can also be exported. ');
INSERT INTO help_module VALUES (15, 15, 'You are looking at the Employee module home page. This page displays the details of all the employees present in the system.', 'The main feature of the employee module is the view.

View: This page displays the details of each employee, which can be viewed, modified or deleted. Each employee record contains details such as the name of the employee, their department, title and phone number. This also lets you add a new employee into the system.');
INSERT INTO help_module VALUES (14, 14, 'You are looking at the Reports module home page. This page displays a list of generated reports that are ready to be downloaded. It also displays a list of reports that are scheduled to be processed by server. You can add new reports too.
', 'The Reports module has two main features.

Queue: Queue shows the list of reports that are scheduled to be processed by the server.

Add: This shows the different modules present and displays the list of corresponding reports present in each module, allowing you to add a report to the schedule queue. ');
INSERT INTO help_module VALUES (9, 9, 'The admin module lets the user review the system usage, configure modules, and configure the global/system parameters.', 'This Admin System has five main features.

Users: This section allows the administrator to view and add users and manage user hierarchies. The users are typically employees in your company who interact with your clients or customers, but can be outsides that you have granted permissions on the system.

Roles: This page lists the different roles you have defined in the system, their role description and the number of people present in the system who carry out that role. New roles can be added into the system at any time.

Modules: This page lets you configure various parameters in the modules that meet the needs of your organization, including configuration of lookup lists and custom fields. There are four types of modules. Each module has different number of configure options. The changes in the module affect all the users.

System: You can configure the system for the session timeout and set the time limit for the time out.

Usage: Current System Usage and Billing Usage Information are displayed.
');
INSERT INTO help_module VALUES (3, 3, 'Auto Guide Brief', 'Auto Guide Detail');
INSERT INTO help_module VALUES (10, 10, 'Help Brief', 'Help Detail');
INSERT INTO help_module VALUES (5, 5, 'Demo Brief', 'Demo Detail');
INSERT INTO help_module VALUES (11, 11, 'System Brief', 'System Detail');


--
-- Data for TOC entry 645 (OID 132792)
-- Name: help_contents; Type: TABLE DATA; Schema: public; Owner: matt
--

INSERT INTO help_contents VALUES (1, 12, 12, 'MyCFS.do', 'Home', NULL, 'Overview', 'You are looking at Home Page view, which has a dashboard view of all your assigned tasks, tickets, assignments, calls you have to make, and accounts that need attention. This view is based on a time selected from the calendar; by default it shows the schedule for the next seven days. You can optionally view the calendar of those below you in your hierarchy.', NULL, NULL, NULL, 0, '2003-12-22 09:59:22.238', 0, '2003-12-22 09:59:22.238', true);
INSERT INTO help_contents VALUES (2, 12, 12, 'MyCFSInbox.do', 'Inbox', NULL, 'Mailbox', 'The messaging feature is designed to support INTERNAL business messaging needs and to prepare OUTGOING emails to addresses who are already in the system. Messaging is NOT a normal email replacement. It will not send email to address assigned "on-the-fly" and it will not receive OUTSIDE email.', NULL, NULL, NULL, 0, '2003-12-22 09:59:22.354', 0, '2003-12-22 09:59:22.354', true);
INSERT INTO help_contents VALUES (3, 12, 12, 'MyCFSInbox.do', 'CFSNoteDetails', NULL, 'Message Details', 'This page shows the message details, shows who sent the mail, when it was received and also the text in the mail box.', NULL, NULL, NULL, 0, '2003-12-22 09:59:22.399', 0, '2003-12-22 09:59:22.399', true);
INSERT INTO help_contents VALUES (4, 12, 12, 'MyCFSInbox.do', 'NewMessage', NULL, 'New Message ', 'Sending mail to other users of the system', NULL, NULL, NULL, 0, '2003-12-22 09:59:22.409', 0, '2003-12-22 09:59:22.409', true);
INSERT INTO help_contents VALUES (5, 12, 12, 'MyCFSInbox.do', 'ReplyToMessage', NULL, 'Reply Message', 'This pages lets you reply to email. You can also select the list of recipients for your email by clicking the Add Recipients link.', NULL, NULL, NULL, 0, '2003-12-22 09:59:22.419', 0, '2003-12-22 09:59:22.419', true);
INSERT INTO help_contents VALUES (6, 12, 12, 'MyCFSInbox.do', 'SendMessage', NULL, NULL, 'This page shows the list of recipients for whom your email has been sent to', NULL, NULL, NULL, 0, '2003-12-22 09:59:22.446', 0, '2003-12-22 09:59:22.446', true);
INSERT INTO help_contents VALUES (7, 12, 12, 'MyCFSInbox.do', 'ForwardMessage', NULL, 'Forward message', 'Each message can be forwarded to any number of recipients', NULL, NULL, NULL, 0, '2003-12-22 09:59:22.452', 0, '2003-12-22 09:59:22.452', true);
INSERT INTO help_contents VALUES (8, 12, 12, 'MyTasks.do', NULL, NULL, 'Tasks', 'Tasks created can be assigned to the owner/creator of the task or an employee working in the system. This page lists the tasks present along with their priorities, their due dates and age.', NULL, NULL, NULL, 0, '2003-12-22 09:59:22.472', 0, '2003-12-22 09:59:22.472', true);
INSERT INTO help_contents VALUES (9, 12, 12, 'MyTasks.do', 'New', NULL, 'Advanced Task', 'Allows an advanced task to be created', NULL, NULL, NULL, 0, '2003-12-22 09:59:22.50', 0, '2003-12-22 09:59:22.50', true);
INSERT INTO help_contents VALUES (10, 12, 12, 'MyTasksForward.do', 'ForwardMessage', NULL, 'Forwarding a Task ', 'A task can be forwarded to any of the recipients. Recipients can either be users of the system or any of the contacts stored in the system. Checking the options fields check box indicates that if the recipient is a user of the system, then a copy of the task is also send to the recipient''s mailbox.', NULL, NULL, NULL, 0, '2003-12-22 09:59:22.531', 0, '2003-12-22 09:59:22.531', true);
INSERT INTO help_contents VALUES (11, 12, 12, 'MyTasks.do', 'Modify', NULL, 'Modify task', 'Allows you to modify any infomation about a task', NULL, NULL, NULL, 0, '2003-12-22 09:59:22.553', 0, '2003-12-22 09:59:22.553', true);
INSERT INTO help_contents VALUES (12, 12, 12, 'MyActionLists.do', 'List', NULL, 'Action Lists', 'Action Lists allow you to create new Action Lists and assign contacts to the Action Lists created. For each of the contacts in a list, you can add a call, opportunity, ticket, task or send a message, which would correspondingly show up in their respective tabs. For example, adding a ticket to the contact would be reflected in the Ticket module.', NULL, NULL, NULL, 0, '2003-12-22 09:59:22.575', 0, '2003-12-22 09:59:22.575', true);
INSERT INTO help_contents VALUES (13, 12, 12, 'MyActionContacts.do', 'List', NULL, 'Action Contacts', 'This page will list out all the contacts present for the particular contact list. This also shows the status of the call, opportunity, ticket, task, or the message associated with the contact. This also shows when the contact information was last updated.', NULL, NULL, NULL, 0, '2003-12-22 09:59:22.594', 0, '2003-12-22 09:59:22.594', true);
INSERT INTO help_contents VALUES (14, 12, 12, 'MyActionLists.do', 'Add', NULL, 'Add Action List', 'Allows you to add an action list. Basically, you describe the group of contacts you will add, then visually design a query to generate the group of contacts.', NULL, NULL, NULL, 0, '2003-12-22 09:59:22.618', 0, '2003-12-22 09:59:22.618', true);
INSERT INTO help_contents VALUES (15, 12, 12, 'MyActionLists.do', 'Modify', NULL, 'Modify Action', 'The Action Lists details, like the description and status of the Action Lists, can be modified.', NULL, NULL, NULL, 0, '2003-12-22 09:59:22.654', 0, '2003-12-22 09:59:22.654', true);
INSERT INTO help_contents VALUES (16, 12, 12, 'Reassignments.do', 'Reassign', NULL, 'Re-assignments', 'A user can reassign data from one employee to another employee working under him. The data can be of different types related to accounts, contacts opportunities, activities, tickets etc, which the newly reassigned employee could view in his schedule. ', NULL, NULL, NULL, 0, '2003-12-22 09:59:22.668', 0, '2003-12-22 09:59:22.668', true);
INSERT INTO help_contents VALUES (17, 12, 12, 'MyCFS.do', 'MyProfile', NULL, 'My Settings', 'This is the personal settings page, where you can modify the information about yourself, your location and also change your password to the system.', NULL, NULL, NULL, 0, '2003-12-22 09:59:22.699', 0, '2003-12-22 09:59:22.699', true);
INSERT INTO help_contents VALUES (18, 12, 12, 'MyCFSProfile.do', 'MyCFSProfile', NULL, 'Personal Information ', 'This page lets you update/add your personal information.', NULL, NULL, NULL, 0, '2003-12-22 09:59:22.728', 0, '2003-12-22 09:59:22.728', true);
INSERT INTO help_contents VALUES (19, 12, 12, 'MyCFSSettings.do', 'MyCFSSettings', NULL, 'Location Settings', 'You can change your location settings', NULL, NULL, NULL, 0, '2003-12-22 09:59:22.742', 0, '2003-12-22 09:59:22.742', true);
INSERT INTO help_contents VALUES (20, 12, 12, 'MyCFSPassword.do', 'MyCFSPassword', NULL, 'Update password', 'Your password to the system can be changed', NULL, NULL, NULL, 0, '2003-12-22 09:59:22.752', 0, '2003-12-22 09:59:22.752', true);
INSERT INTO help_contents VALUES (21, 12, 12, 'MyTasks.do', 'ListTasks', NULL, NULL, NULL, NULL, NULL, NULL, 0, '2003-12-22 09:59:22.765', 0, '2003-12-22 09:59:22.765', true);
INSERT INTO help_contents VALUES (22, 12, 12, 'MyTasks.do', NULL, NULL, NULL, NULL, NULL, NULL, NULL, 0, '2003-12-22 09:59:22.822', 0, '2003-12-22 09:59:22.822', true);
INSERT INTO help_contents VALUES (23, 12, 12, 'MyCFS.do', 'Home ', NULL, NULL, NULL, NULL, NULL, NULL, 0, '2003-12-22 09:59:22.835', 0, '2003-12-22 09:59:22.835', true);
INSERT INTO help_contents VALUES (24, 12, 12, 'MyTasksForward.do', 'SendMessage', NULL, NULL, NULL, NULL, NULL, NULL, 0, '2003-12-22 09:59:22.84', 0, '2003-12-22 09:59:22.84', true);
INSERT INTO help_contents VALUES (25, 12, 12, 'MyCFSProfile.do', 'UpdateProfile', NULL, NULL, NULL, NULL, NULL, NULL, 0, '2003-12-22 09:59:22.846', 0, '2003-12-22 09:59:22.846', true);
INSERT INTO help_contents VALUES (26, 12, 12, 'MyCFSInbox.do', 'CFSNoteTrash', NULL, NULL, NULL, NULL, NULL, NULL, 0, '2003-12-22 09:59:22.851', 0, '2003-12-22 09:59:22.851', true);
INSERT INTO help_contents VALUES (27, 12, 12, 'MyActionContacts.do', 'Update', NULL, NULL, 'No introduction available', NULL, NULL, NULL, 0, '2003-12-22 09:59:22.859', 0, '2003-12-22 09:59:22.859', true);
INSERT INTO help_contents VALUES (28, 12, 12, 'MyActionContacts.do', 'Prepare', NULL, NULL, 'You can add the new Action List and also select the contacts to be present in the Action List.', NULL, NULL, NULL, 0, '2003-12-22 09:59:22.864', 0, '2003-12-22 09:59:22.864', true);
INSERT INTO help_contents VALUES (29, 12, 12, 'MyTasks.do', 'ListTasks ', NULL, NULL, NULL, NULL, NULL, NULL, 0, '2003-12-22 09:59:22.88', 0, '2003-12-22 09:59:22.88', true);
INSERT INTO help_contents VALUES (30, 12, 12, 'MyCFSInbox.do', 'Inbox ', NULL, NULL, NULL, NULL, NULL, NULL, 0, '2003-12-22 09:59:22.895', 0, '2003-12-22 09:59:22.895', true);
INSERT INTO help_contents VALUES (31, 12, 12, 'MyActionContacts.do', 'Modify', NULL, 'Modify Action List', 'Allows you to manually add or remove contacts to or from an existing Action List.', NULL, NULL, NULL, 0, '2003-12-22 09:59:22.907', 0, '2003-12-22 09:59:22.907', true);
INSERT INTO help_contents VALUES (32, 12, 12, 'Reassignments.do', 'DoReassign', NULL, NULL, NULL, NULL, NULL, NULL, 0, '2003-12-22 09:59:22.925', 0, '2003-12-22 09:59:22.925', true);
INSERT INTO help_contents VALUES (33, 12, 12, 'TaskForm.do', 'Prepare', NULL, NULL, 'Addition of a new Advanced task that can be assigned to the owner or any other employee working  under him.', NULL, NULL, NULL, 0, '2003-12-22 09:59:22.93', 0, '2003-12-22 09:59:22.93', true);
INSERT INTO help_contents VALUES (34, 2, 2, 'ExternalContacts.do', 'Prepare', NULL, 'Add a Contact', 'A new contact can be added to the system. The contact can be a general contact, or one that is associated with an account. All the details about the contact such as the email address, phone numbers, address and some additional details can be added.', NULL, NULL, NULL, 0, '2003-12-22 09:59:22.945', 0, '2003-12-22 09:59:22.945', true);
INSERT INTO help_contents VALUES (35, 2, 2, 'ExternalContacts.do', 'SearchContactsForm', NULL, 'Search Contacts ', 'Use this page to search for contacts in the system based on different filters', NULL, NULL, NULL, 0, '2003-12-22 09:59:23.015', 0, '2003-12-22 09:59:23.015', true);
INSERT INTO help_contents VALUES (36, 2, 2, 'ExternalContacts.do', 'Reports', NULL, 'Export Data ', 'Contact data can be exported and displayed in different formats, and can be filtered in different ways. The Export page also lets you view the data, download it, and shows the number of times the exported data has been downloaded.', NULL, NULL, NULL, 0, '2003-12-22 09:59:23.024', 0, '2003-12-22 09:59:23.024', true);
INSERT INTO help_contents VALUES (37, 2, 2, 'ExternalContacts.do', 'GenerateForm', NULL, 'Exporting data', 'Use this page to generate a Contacts export report.', NULL, NULL, NULL, 0, '2003-12-22 09:59:23.041', 0, '2003-12-22 09:59:23.041', true);
INSERT INTO help_contents VALUES (38, 2, 2, 'ExternalContacts.do', 'ModifyContact', NULL, 'Modify Contact ', 'The details about the contact can be modified here.', NULL, NULL, NULL, 0, '2003-12-22 09:59:23.064', 0, '2003-12-22 09:59:23.064', true);
INSERT INTO help_contents VALUES (39, 2, 2, 'ExternalContacts.do ', NULL, NULL, NULL, NULL, NULL, NULL, NULL, 0, '2003-12-22 09:59:23.073', 0, '2003-12-22 09:59:23.073', true);
INSERT INTO help_contents VALUES (40, 2, 2, 'ExternalContacts.do', 'Save', NULL, NULL, NULL, NULL, NULL, NULL, 0, '2003-12-22 09:59:23.078', 0, '2003-12-22 09:59:23.078', true);
INSERT INTO help_contents VALUES (41, 2, 2, 'ExternalContactsCalls.do', 'View', NULL, 'Call Details', 'The calls related to the contact are listed here along with the other details such as the length of the call and the date the call was made. You can also add a call.', NULL, NULL, NULL, 0, '2003-12-22 09:59:23.083', 0, '2003-12-22 09:59:23.083', true);
INSERT INTO help_contents VALUES (42, 2, 2, 'ExternalContactsCalls.do', 'Add', NULL, 'Adding a Call', 'A new call can be added which is associated with the contact. The type of call can be selected using the drop down list present.', NULL, NULL, NULL, 0, '2003-12-22 09:59:23.10', 0, '2003-12-22 09:59:23.10', true);
INSERT INTO help_contents VALUES (43, 2, 2, 'ExternalContactsCallsForward.do', 'ForwardMessage', NULL, NULL, NULL, NULL, NULL, NULL, 0, '2003-12-22 09:59:23.108', 0, '2003-12-22 09:59:23.108', true);
INSERT INTO help_contents VALUES (44, 2, 2, 'ExternalContactsCallsForward.do', 'SendMessage', NULL, NULL, NULL, NULL, NULL, NULL, 0, '2003-12-22 09:59:23.114', 0, '2003-12-22 09:59:23.114', true);
INSERT INTO help_contents VALUES (45, 2, 2, 'ExternalContactsOpps.do', 'ViewOpps', NULL, 'Opportunity Details', 'All the opportunities associated with the contact are shown here, with its best possible total and the when the opportunity was last modified. You can filter the different types of opportunities using the drop down.', NULL, NULL, NULL, 0, '2003-12-22 09:59:23.119', 0, '2003-12-22 09:59:23.119', true);
INSERT INTO help_contents VALUES (46, 2, 2, 'ExternalContactsCalls.do', 'Details', NULL, 'Call Details', 'Calls associated with the contacts are displayed. The call details are shown with the length of the call, associated notes, alert description, alert date etc.', NULL, NULL, NULL, 0, '2003-12-22 09:59:23.142', 0, '2003-12-22 09:59:23.142', true);
INSERT INTO help_contents VALUES (47, 2, 2, 'ExternalContactsOppComponents.do', 'Prepare', NULL, 'Add a component', 'A component can be added to an opportunity and associated to any employee present in the system. The component type can also be selected.', NULL, NULL, NULL, 0, '2003-12-22 09:59:23.151', 0, '2003-12-22 09:59:23.151', true);
INSERT INTO help_contents VALUES (48, 2, 2, 'ExternalContactsOpps.do', 'DetailsOpp', NULL, 'Opportunity Details ', 'You can view all the details about the components here, such as the status, the guess amount and the current stage. A new component can also be added to an existing opportunity. ', NULL, NULL, NULL, 0, '2003-12-22 09:59:23.163', 0, '2003-12-22 09:59:23.163', true);
INSERT INTO help_contents VALUES (49, 2, 2, 'ExternalContactsOppComponents.do', 'DetailsComponent', NULL, 'Component Details ', 'This page shows the details about the opportunity such as the probability of closing the opportunity, the current stage of the opportunity, etc.', NULL, NULL, NULL, 0, '2003-12-22 09:59:23.183', 0, '2003-12-22 09:59:23.183', true);
INSERT INTO help_contents VALUES (50, 2, 2, 'ExternalContactsCalls.do', 'Modify', NULL, 'Modifying call details ', 'You can modify all the details of the calls.', NULL, NULL, NULL, 0, '2003-12-22 09:59:23.208', 0, '2003-12-22 09:59:23.208', true);
INSERT INTO help_contents VALUES (51, 2, 2, 'ExternalContacts.do', 'InsertFields', NULL, NULL, NULL, NULL, NULL, NULL, 0, '2003-12-22 09:59:23.217', 0, '2003-12-22 09:59:23.217', true);
INSERT INTO help_contents VALUES (52, 2, 2, 'ExternalContacts.do', 'UpdateFields', NULL, NULL, NULL, NULL, NULL, NULL, 0, '2003-12-22 09:59:23.222', 0, '2003-12-22 09:59:23.222', true);
INSERT INTO help_contents VALUES (53, 2, 2, 'ExternalContacts.do', 'ListContacts', NULL, NULL, NULL, NULL, NULL, NULL, 0, '2003-12-22 09:59:23.228', 0, '2003-12-22 09:59:23.228', true);
INSERT INTO help_contents VALUES (54, 2, 2, 'ExternalContacts.do', 'Clone', NULL, NULL, NULL, NULL, NULL, NULL, 0, '2003-12-22 09:59:23.233', 0, '2003-12-22 09:59:23.233', true);
INSERT INTO help_contents VALUES (55, 2, 2, 'ExternalContacts.do', 'AddFolderRecord', NULL, NULL, NULL, NULL, NULL, NULL, 0, '2003-12-22 09:59:23.239', 0, '2003-12-22 09:59:23.239', true);
INSERT INTO help_contents VALUES (56, 2, 2, 'ExternalContactsOpps.do', 'Save', NULL, NULL, NULL, NULL, NULL, NULL, 0, '2003-12-22 09:59:23.244', 0, '2003-12-22 09:59:23.244', true);
INSERT INTO help_contents VALUES (57, 2, 2, 'ExternalContacts.do', 'SearchContacts ', NULL, NULL, NULL, NULL, NULL, NULL, 0, '2003-12-22 09:59:23.249', 0, '2003-12-22 09:59:23.249', true);
INSERT INTO help_contents VALUES (58, 2, 2, 'ExternalContacts.do', 'MessageDetails', NULL, NULL, 'The selected message is displayed with the message text and attachments, if any.', NULL, NULL, NULL, 0, '2003-12-22 09:59:23.254', 0, '2003-12-22 09:59:23.254', true);
INSERT INTO help_contents VALUES (59, 2, 2, 'ExternalContactsOppComponents.do', 'SaveComponent', NULL, NULL, 'This page shows the details of an opportunity, such as the probability of closing the opportunity, the current stage of the opportunity, etc.', NULL, NULL, NULL, 0, '2003-12-22 09:59:23.263', 0, '2003-12-22 09:59:23.263', true);
INSERT INTO help_contents VALUES (60, 2, 2, 'ExternalContacts.do', 'SearchContacts', NULL, 'List of Contacts', 'This page shows the list of contacts in the system. The name of the contact along with the company name and phone numbers are shown. If the name of the contact is an account, it''s shown right next to it. You can also add a contact.', NULL, NULL, NULL, 0, '2003-12-22 09:59:23.272', 0, '2003-12-22 09:59:23.272', true);
INSERT INTO help_contents VALUES (61, 2, 2, 'ExternalContacts.do', 'ExportReport', NULL, 'Overview', 'Data can be filtered, exported and displayed in different formats. This also shows the number of times an exported data has been downloaded. ', NULL, NULL, NULL, 0, '2003-12-22 09:59:23.292', 0, '2003-12-22 09:59:23.292', true);
INSERT INTO help_contents VALUES (62, 2, 2, 'ExternalContacts.do', 'ContactDetails', NULL, 'Contact Details ', 'The details about the contact are displayed here along with the record information containing the owner, the employee who entered the details and finally the person who last modified these details.', NULL, NULL, NULL, 0, '2003-12-22 09:59:23.308', 0, '2003-12-22 09:59:23.308', true);
INSERT INTO help_contents VALUES (63, 2, 2, 'ExternalContacts.do', 'ViewMessages', NULL, 'Message Details', 'This page lists all the messages associated with the contact, showing the name of the message, its date and its status.', NULL, NULL, NULL, 0, '2003-12-22 09:59:23.317', 0, '2003-12-22 09:59:23.317', true);
INSERT INTO help_contents VALUES (64, 2, 2, 'ExternalContactsCallsForward.do', 'ForwardCall', NULL, 'Forwarding a call', 'The details of the calls that are associated with a contact can be forwarded to different employees present in the system.', NULL, NULL, NULL, 0, '2003-12-22 09:59:23.33', 0, '2003-12-22 09:59:23.33', true);
INSERT INTO help_contents VALUES (65, 2, 2, 'ExternalContactsCallsForward.do', 'SendCall', NULL, 'List of recipients', 'This page shows the list of recipients to whom the call details that are associated with a contact have been forwarded.', NULL, NULL, NULL, 0, '2003-12-22 09:59:23.339', 0, '2003-12-22 09:59:23.339', true);
INSERT INTO help_contents VALUES (66, 2, 2, 'ExternalContactsOppComponents.do', 'ModifyComponent', NULL, 'Modifying the component details ', 'The details of the component associated with an opportunity can be modified.', NULL, NULL, NULL, 0, '2003-12-22 09:59:23.349', 0, '2003-12-22 09:59:23.349', true);
INSERT INTO help_contents VALUES (67, 2, 2, 'ExternalContactsOpps.do', 'ModifyOpp', NULL, 'Modify the opportunity', 'The description of the opportunity can be renamed / updated.', NULL, NULL, NULL, 0, '2003-12-22 09:59:23.361', 0, '2003-12-22 09:59:23.361', true);
INSERT INTO help_contents VALUES (68, 2, 2, 'ExternalContacts.do', 'Fields', NULL, 'List of Folder Records', 'Each contact can have several folders, and each folder further can have multiple records. You can add a record to a folder. Each record present in the folder displays the record name, when it was entered, who modified this record last and when.', NULL, NULL, NULL, 0, '2003-12-22 09:59:23.37', 0, '2003-12-22 09:59:23.37', true);
INSERT INTO help_contents VALUES (69, 2, 2, 'ExternalContacts.do', 'ModifyFields', NULL, 'Modify Folder Record ', 'Here you can modify the details of the folder record.', NULL, NULL, NULL, 0, '2003-12-22 09:59:23.394', 0, '2003-12-22 09:59:23.394', true);
INSERT INTO help_contents VALUES (70, 2, 2, 'ExternalContactsOpps.do', 'UpdateOpp', NULL, 'Opportunity Details', 'All the opportunities associated with the contact are shown here, with its best possible total and the when the opportunity was last modified. You can filter the different types of opportunities that can be selected using the drop down and display them.', NULL, NULL, NULL, 0, '2003-12-22 09:59:23.403', 0, '2003-12-22 09:59:23.403', true);
INSERT INTO help_contents VALUES (71, 2, 2, 'ExternalContacts.do', NULL, NULL, 'Overview', 'If a contact already exists in the system, you can search for that contact by name, company, title, contact type or source, by typing the search term in the appropriate field, and clicking the Search button.', NULL, NULL, NULL, 0, '2003-12-22 09:59:23.423', 0, '2003-12-22 09:59:23.423', true);
INSERT INTO help_contents VALUES (72, 2, 2, 'ContactsList.do', 'ContactList', NULL, NULL, 'Enables you to select contacts from a list and then add them to the Action List. It shows the name of the contact along with his email and type of contact. 

', NULL, NULL, NULL, 0, '2003-12-22 09:59:23.442', 0, '2003-12-22 09:59:23.442', true);
INSERT INTO help_contents VALUES (73, 2, 2, 'Contacts.do', 'Prepare', NULL, NULL, NULL, NULL, NULL, NULL, 0, '2003-12-22 09:59:23.457', 0, '2003-12-22 09:59:23.457', true);
INSERT INTO help_contents VALUES (74, 2, 2, 'Contacts.do', 'Details', NULL, 'Contact detail page', 'The contact details associated with the account are displayed here. The details such as the account number, email address, phone number and the addresses are shown.', NULL, NULL, NULL, 0, '2003-12-22 09:59:23.462', 0, '2003-12-22 09:59:23.462', true);
INSERT INTO help_contents VALUES (75, 2, 2, 'Contacts.do', 'Modify', NULL, 'Modify contact', 'The details of a contact can be modified or updated here.', NULL, NULL, NULL, 0, '2003-12-22 09:59:23.475', 0, '2003-12-22 09:59:23.475', true);
INSERT INTO help_contents VALUES (76, 2, 2, 'Contacts.do', 'ViewMessages', NULL, 'List of Messages', 'The list of messages related to the contacts.', NULL, NULL, NULL, 0, '2003-12-22 09:59:23.49', 0, '2003-12-22 09:59:23.49', true);
INSERT INTO help_contents VALUES (77, 2, 2, 'ContactForm.do', 'Prepare', NULL, NULL, 'Adding/Modifying a new contact', NULL, NULL, NULL, 0, '2003-12-22 09:59:23.499', 0, '2003-12-22 09:59:23.499', true);
INSERT INTO help_contents VALUES (78, 4, 4, 'Leads.do', 'Dashboard', NULL, 'Overview', 'The progress chart is displayed in different views for all the employees working under the owner or creator of the opportunity. The opportunities are shown, with their names and the probable gross revenue associated with that opportunity. Finally the list of employees reporting to a particular employee/supervisor is also shown below the progress chart', NULL, NULL, NULL, 0, '2003-12-22 09:59:23.513', 0, '2003-12-22 09:59:23.513', true);
INSERT INTO help_contents VALUES (79, 4, 4, 'Leads.do', 'Prepare', NULL, 'Add a Opportunity', 'This page lets you add a opportunity into the system.

Here a new opportunity can be added by giving a description of the opportunity, then adding a component that is associated with the opportunity. An opportunity can have one or more components. Each component can be assigned to a different employee and the type of the component can be selected. For each component the probability of closing the component, the date estimated, the best guess for closing the deal and the duration for that component are required. 
', NULL, NULL, NULL, 0, '2003-12-22 09:59:23.577', 0, '2003-12-22 09:59:23.577', true);
INSERT INTO help_contents VALUES (80, 4, 4, 'Leads.do', 'SearchForm', NULL, 'Search Opportunities ', 'You can search for an existing opportunity based on different filters.', NULL, NULL, NULL, 0, '2003-12-22 09:59:23.605', 0, '2003-12-22 09:59:23.605', true);
INSERT INTO help_contents VALUES (81, 4, 4, 'LeadsReports.do', 'Default', NULL, 'Export Data', 'Pipeline data can be exported, filtered, and displayed in different formats. You can also view the data online in html format, and see number of times the exported data has been downloaded.', NULL, NULL, NULL, 0, '2003-12-22 09:59:23.614', 0, '2003-12-22 09:59:23.614', true);
INSERT INTO help_contents VALUES (82, 4, 4, 'Leads.do', 'SearchOpp', NULL, NULL, NULL, NULL, NULL, NULL, 0, '2003-12-22 09:59:23.63', 0, '2003-12-22 09:59:23.63', true);
INSERT INTO help_contents VALUES (83, 4, 4, 'Leads.do', 'Reports', NULL, NULL, NULL, NULL, NULL, NULL, 0, '2003-12-22 09:59:23.636', 0, '2003-12-22 09:59:23.636', true);
INSERT INTO help_contents VALUES (84, 4, 4, 'LeadsComponents.do', 'ModifyComponent', NULL, 'Modify Component', 'You can modify the component details associated with an opportunity in a pipeline.', NULL, NULL, NULL, 0, '2003-12-22 09:59:23.641', 0, '2003-12-22 09:59:23.641', true);
INSERT INTO help_contents VALUES (85, 4, 4, 'LeadsCalls.do', 'Add', NULL, 'Adding a call', 'You can add a new call here associated with the opportunity. ', NULL, NULL, NULL, 0, '2003-12-22 09:59:23.681', 0, '2003-12-22 09:59:23.681', true);
INSERT INTO help_contents VALUES (86, 4, 4, 'Leads.do', 'ModifyOpp', NULL, 'Modify the opportunity:', 'The description of the opportunity can be modified / updated.', NULL, NULL, NULL, 0, '2003-12-22 09:59:23.695', 0, '2003-12-22 09:59:23.695', true);
INSERT INTO help_contents VALUES (87, 4, 4, 'LeadsCalls.do', 'Insert', NULL, NULL, NULL, NULL, NULL, NULL, 0, '2003-12-22 09:59:23.723', 0, '2003-12-22 09:59:23.723', true);
INSERT INTO help_contents VALUES (88, 4, 4, 'LeadsDocuments.do', 'Modify', NULL, 'Modify Document', 'Modify the Subject or filename of a document.', NULL, NULL, NULL, 0, '2003-12-22 09:59:23.728', 0, '2003-12-22 09:59:23.728', true);
INSERT INTO help_contents VALUES (89, 4, 4, 'LeadsCallsForward.do', 'ForwardMessage', NULL, NULL, NULL, NULL, NULL, NULL, 0, '2003-12-22 09:59:23.739', 0, '2003-12-22 09:59:23.739', true);
INSERT INTO help_contents VALUES (90, 4, 4, 'Leads.do', 'Save', NULL, NULL, NULL, NULL, NULL, NULL, 0, '2003-12-22 09:59:23.744', 0, '2003-12-22 09:59:23.744', true);
INSERT INTO help_contents VALUES (91, 4, 4, 'Leads.do', 'GenerateForm', NULL, NULL, NULL, NULL, NULL, NULL, 0, '2003-12-22 09:59:23.749', 0, '2003-12-22 09:59:23.749', true);
INSERT INTO help_contents VALUES (92, 4, 4, 'LeadsComponents.do', 'DetailsComponent', NULL, 'Component Details', 'The component details for the opportunity are shown here. ', NULL, NULL, NULL, 0, '2003-12-22 09:59:23.754', 0, '2003-12-22 09:59:23.754', true);
INSERT INTO help_contents VALUES (93, 4, 4, 'LeadsDocuments.do', 'AddVersion', NULL, 'Upload a new version of document', 'You can upload a new version of the document and the new version of the file can be selected and uploaded.', NULL, NULL, NULL, 0, '2003-12-22 09:59:23.763', 0, '2003-12-22 09:59:23.763', true);
INSERT INTO help_contents VALUES (94, 4, 4, 'Leads.do', 'Search', NULL, 'List of components', 'The components resulted from the search are shown here. Different views of the components and its types are displayed. The name of the component with the estimated amount of money associated with the opportunity and the probability of that components being a success is shown. This also displays the time for closing the deal (term) and the organization name or the contact name if they are associated with the opportunity. A new opportunity can also be added.', NULL, NULL, NULL, 0, '2003-12-22 09:59:23.775', 0, '2003-12-22 09:59:23.775', true);
INSERT INTO help_contents VALUES (95, 4, 4, 'Leads.do', 'UpdateOpp', NULL, 'Opportunity Details', 'You can view all the details about the components here and also add a new component to a particular opportunity. Calls and the documents can be associated with the opportunity', NULL, NULL, NULL, 0, '2003-12-22 09:59:23.796', 0, '2003-12-22 09:59:23.796', true);
INSERT INTO help_contents VALUES (96, 4, 4, 'LeadsCallsForward.do', 'ForwardCall', NULL, 'Forwarding a call', 'The details of calls associated with a contact can be forwarded to different users present in the system.', NULL, NULL, NULL, 0, '2003-12-22 09:59:23.83', 0, '2003-12-22 09:59:23.83', true);
INSERT INTO help_contents VALUES (97, 4, 4, 'LeadsDocuments.do', 'View', NULL, 'Document Details', 'In the Documents tab, the documents associated with a particular opportunity can be added to, and viewed.', NULL, NULL, NULL, 0, '2003-12-22 09:59:23.85', 0, '2003-12-22 09:59:23.85', true);
INSERT INTO help_contents VALUES (98, 4, 4, 'LeadsCalls.do', 'Modify', NULL, 'Modify call details', 'You can modify the details of the calls.', NULL, NULL, NULL, 0, '2003-12-22 09:59:23.867', 0, '2003-12-22 09:59:23.867', true);
INSERT INTO help_contents VALUES (99, 4, 4, 'Leads.do', 'DetailsOpp', NULL, 'Opportunity Details', 'You can view all the details about an opportunity components here and also add a new component to a particular opportunity. Calls and documents can also be added to an opportunity or viewed by clicking on the appropriate tab.', NULL, NULL, NULL, 0, '2003-12-22 09:59:23.876', 0, '2003-12-22 09:59:23.876', true);
INSERT INTO help_contents VALUES (100, 4, 4, 'LeadsCalls.do', 'View', NULL, 'Call Details', 'Calls associated with the opportunity are shown. Calls can be added to the opportunity, and details about listed calls can be examined.', NULL, NULL, NULL, 0, '2003-12-22 09:59:23.907', 0, '2003-12-22 09:59:23.907', true);
INSERT INTO help_contents VALUES (101, 4, 4, 'Leads.do', 'ViewOpp', NULL, NULL, 'The opportunities resulted from the search are shown here. Different views of the opportunities and its types are displayed. The name of the component with the estimated amount of money associated with the opportunity and the probability of that opportunity being a success are shown. This also displays the time for closing the deal (term) and the organization name or the contact name if they are associated with the opportunity.', NULL, NULL, NULL, 0, '2003-12-22 09:59:23.921', 0, '2003-12-22 09:59:23.921', true);
INSERT INTO help_contents VALUES (102, 4, 4, 'Leads.do', NULL, NULL, NULL, 'Pipeline helps in creating prospective opportunities or leads in the company. Each opportunity helps to follow up a lead, who might eventually turn into a client. Here you can create an opportunity, search for an existing opportunity in the system, export the data to different formats. The dashboard reflects the progress chart in different views for all the employees working under the owner/creator of the opportunity. ', NULL, NULL, NULL, 0, '2003-12-22 09:59:23.942', 0, '2003-12-22 09:59:23.942', true);
INSERT INTO help_contents VALUES (103, 4, 4, 'LeadsComponents.do', 'SaveComponent', NULL, 'Component Details', '
The component details for the opportunity are shown here.
', NULL, NULL, NULL, 0, '2003-12-22 09:59:23.96', 0, '2003-12-22 09:59:23.96', true);
INSERT INTO help_contents VALUES (104, 4, 4, 'LeadsComponents.do', 'Prepare', NULL, 'Add a component', 'A component can be added to an opportunity and assigned to any employee in the system. The component type can also be selected.', NULL, NULL, NULL, 0, '2003-12-22 09:59:23.969', 0, '2003-12-22 09:59:23.969', true);
INSERT INTO help_contents VALUES (105, 4, 4, 'LeadsCalls.do', 'Update', NULL, 'Call Details', 'The calls associated with the opportunity are shown. Calls can be added to the opportunity.', NULL, NULL, NULL, 0, '2003-12-22 09:59:23.982', 0, '2003-12-22 09:59:23.982', true);
INSERT INTO help_contents VALUES (106, 4, 4, 'LeadsCalls.do', 'Details', NULL, 'Call Details ', 'Details about the call associated with the opportunity', NULL, NULL, NULL, 0, '2003-12-22 09:59:23.994', 0, '2003-12-22 09:59:23.994', true);
INSERT INTO help_contents VALUES (107, 4, 4, 'LeadsDocuments.do', 'Add', NULL, 'Upload a document', 'New documents related to the opportunity can be uploaded into the system.', NULL, NULL, NULL, 0, '2003-12-22 09:59:24.005', 0, '2003-12-22 09:59:24.005', true);
INSERT INTO help_contents VALUES (108, 4, 4, 'LeadsDocuments.do', 'Details', NULL, 'Document Details ', 'This shows all versions of the updated document. The name of the file with it''s size, version and the number of downloads are shown here.', NULL, NULL, NULL, 0, '2003-12-22 09:59:24.024', 0, '2003-12-22 09:59:24.024', true);
INSERT INTO help_contents VALUES (109, 4, 4, 'LeadsReports.do', 'ExportList', NULL, 'List of exported data', 'The data present can be used to export data and display that in different formats. The exported data can be filtered in different ways. This would also let you view the data download it. This also shows the number of times an exported data has been downloaded', NULL, NULL, NULL, 0, '2003-12-22 09:59:24.033', 0, '2003-12-22 09:59:24.033', true);
INSERT INTO help_contents VALUES (110, 4, 4, 'LeadsReports.do', 'ExportForm', NULL, 'Generating Export data', 'Generate an exported report from pipeline data', NULL, NULL, NULL, 0, '2003-12-22 09:59:24.053', 0, '2003-12-22 09:59:24.053', true);
INSERT INTO help_contents VALUES (111, 1, 1, 'Accounts.do', 'Dashboard', NULL, 'Overview', 'The date range can be modified which is shown in the right hand window by clicking on a specific date on the calendar. Accounts with contract end dates or other required actions appear in the right hand window reminding the user to take action on them. The schedule, actions, alert dates and contract end dates are displayed for user or the employees under him by using the dropdown at the top of the page. Clicking on the alert link will let the user modify the details of the account owner. ', NULL, NULL, NULL, 0, '2003-12-22 09:59:24.083', 0, '2003-12-22 09:59:24.083', true);
INSERT INTO help_contents VALUES (112, 1, 1, 'Accounts.do', 'Add', NULL, 'Add an Account', 'A new account can be added here', NULL, NULL, NULL, 0, '2003-12-22 09:59:24.15', 0, '2003-12-22 09:59:24.15', true);
INSERT INTO help_contents VALUES (113, 1, 1, 'Accounts.do', 'Modify', NULL, 'Modify Account', 'The details of an account can be modified here', NULL, NULL, NULL, 0, '2003-12-22 09:59:24.178', 0, '2003-12-22 09:59:24.178', true);
INSERT INTO help_contents VALUES (114, 1, 1, 'Contacts.do', 'View', NULL, 'Contact Details', 'A contact can be associated with an account. The lists of the contacts associated with the account are shown along with the title.', NULL, NULL, NULL, 0, '2003-12-22 09:59:24.198', 0, '2003-12-22 09:59:24.198', true);
INSERT INTO help_contents VALUES (115, 1, 1, 'Accounts.do', 'Fields', NULL, 'Folder Record Details', 'You create folders for accounts. Each folder can have one or more records associated with it, depending on the type of the folder. The details about records associated with the folder are shown', NULL, NULL, NULL, 0, '2003-12-22 09:59:24.214', 0, '2003-12-22 09:59:24.214', true);
INSERT INTO help_contents VALUES (116, 1, 1, 'Opportunities.do', 'View', NULL, 'Opportunity Details', 'Opportunities associated with the contact, showing the best guess total and last modified date.', NULL, NULL, NULL, 0, '2003-12-22 09:59:24.234', 0, '2003-12-22 09:59:24.234', true);
INSERT INTO help_contents VALUES (117, 1, 1, 'RevenueManager.do', 'View', NULL, 'Revenue Details', 'The revenue associated with the account is shown here. The details about the revenue like the description, the date and the amount associated are displayed.', NULL, NULL, NULL, 0, '2003-12-22 09:59:24.257', 0, '2003-12-22 09:59:24.257', true);
INSERT INTO help_contents VALUES (118, 1, 1, 'RevenueManager.do', 'View', NULL, 'Revenue Details', 'The revenue associated with the account is shown here. Details about the revenue such as the description, the date, and the amount associated are displayed.', NULL, NULL, NULL, 0, '2003-12-22 09:59:24.277', 0, '2003-12-22 09:59:24.277', true);
INSERT INTO help_contents VALUES (119, 1, 1, 'RevenueManager.do', 'Add', NULL, 'Add Revenue ', 'Adding new revenue to an account', NULL, NULL, NULL, 0, '2003-12-22 09:59:24.297', 0, '2003-12-22 09:59:24.297', true);
INSERT INTO help_contents VALUES (120, 1, 1, 'RevenueManager.do', 'Modify', NULL, 'Modify Revenue ', 'Here revenue details can be modified', NULL, NULL, NULL, 0, '2003-12-22 09:59:24.306', 0, '2003-12-22 09:59:24.306', true);
INSERT INTO help_contents VALUES (121, 1, 1, 'Accounts.do', 'ViewTickets', NULL, 'Ticket Details', 'This page shows the complete list of the tickets related to an account, and lets you add a new ticket', NULL, NULL, NULL, 0, '2003-12-22 09:59:24.319', 0, '2003-12-22 09:59:24.319', true);
INSERT INTO help_contents VALUES (122, 1, 1, 'AccountsDocuments.do', 'View', NULL, 'Document Details', 'Here the documents associated with the account are listed. New documents related to the account can be added.', NULL, NULL, NULL, 0, '2003-12-22 09:59:24.336', 0, '2003-12-22 09:59:24.336', true);
INSERT INTO help_contents VALUES (123, 1, 1, 'Accounts.do', 'SearchForm', NULL, 'Search Accounts ', 'This page provides the search feature for accounts in the system.', NULL, NULL, NULL, 0, '2003-12-22 09:59:24.361', 0, '2003-12-22 09:59:24.361', true);
INSERT INTO help_contents VALUES (124, 1, 1, 'Accounts.do', 'Details', NULL, 'Account Details', 'This shows the details of the account, which can be modified. Each account can have folders, contacts, opportunities, revenue, tickets, and documents, for which there are separate tabs.', NULL, NULL, NULL, 0, '2003-12-22 09:59:24.37', 0, '2003-12-22 09:59:24.37', true);
INSERT INTO help_contents VALUES (125, 1, 1, 'RevenueManager.do', 'Dashboard', NULL, 'Revenue Dashboard ', 'This revenue dashboard shows a progress chart for different years and types. All the accounts with revenue are also shown along with a list of employees working under you are also listed under the progress chart. You can add accounts, search for the existing ones in the system based on different filters and export the data in different formats.', NULL, NULL, NULL, 0, '2003-12-22 09:59:24.379', 0, '2003-12-22 09:59:24.379', true);
INSERT INTO help_contents VALUES (126, 1, 1, 'Accounts.do', 'Reports', NULL, 'Export Data ', 'The data can be filtered, exported, displayed, and downloaded in different formats.You can also see the number of times an exported report has been downloaded.', NULL, NULL, NULL, 0, '2003-12-22 09:59:24.395', 0, '2003-12-22 09:59:24.395', true);
INSERT INTO help_contents VALUES (127, 1, 1, 'Accounts.do', 'ModifyFields', NULL, 'Modify folder record ', 'The Folder record details can be updated. ', NULL, NULL, NULL, 0, '2003-12-22 09:59:24.415', 0, '2003-12-22 09:59:24.415', true);
INSERT INTO help_contents VALUES (128, 1, 1, 'AccountTickets.do', 'ReopenTicket', NULL, NULL, NULL, NULL, NULL, NULL, 0, '2003-12-22 09:59:24.423', 0, '2003-12-22 09:59:24.423', true);
INSERT INTO help_contents VALUES (129, 1, 1, 'Accounts.do', 'Delete', NULL, NULL, NULL, NULL, NULL, NULL, 0, '2003-12-22 09:59:24.428', 0, '2003-12-22 09:59:24.428', true);
INSERT INTO help_contents VALUES (130, 1, 1, 'Accounts.do', 'GenerateForm', NULL, 'Generate New Export', 'To generate the Export data', NULL, NULL, NULL, 0, '2003-12-22 09:59:24.433', 0, '2003-12-22 09:59:24.433', true);
INSERT INTO help_contents VALUES (131, 1, 1, 'AccountContactsCalls.do', 'View', NULL, 'Call Details', 'Calls associated with the contact', NULL, NULL, NULL, 0, '2003-12-22 09:59:24.442', 0, '2003-12-22 09:59:24.442', true);
INSERT INTO help_contents VALUES (132, 1, 1, 'Accounts.do', 'AddFolderRecord', NULL, 'Add folder record', 'A new Folder record can be added to the Folder.', NULL, NULL, NULL, 0, '2003-12-22 09:59:24.459', 0, '2003-12-22 09:59:24.459', true);
INSERT INTO help_contents VALUES (133, 1, 1, 'AccountContactsCalls.do', 'Add', NULL, 'Add a call', 'You can add a new call, which is associated with a particular contact.', NULL, NULL, NULL, 0, '2003-12-22 09:59:24.468', 0, '2003-12-22 09:59:24.468', true);
INSERT INTO help_contents VALUES (134, 1, 1, 'AccountsDocuments.do', 'Add', NULL, 'Upload Document ', 'New documents can be uploaded and associated with an account', NULL, NULL, NULL, 0, '2003-12-22 09:59:24.481', 0, '2003-12-22 09:59:24.481', true);
INSERT INTO help_contents VALUES (135, 1, 1, 'AccountsDocuments.do', 'Add ', NULL, NULL, NULL, NULL, NULL, NULL, 0, '2003-12-22 09:59:24.491', 0, '2003-12-22 09:59:24.491', true);
INSERT INTO help_contents VALUES (136, 1, 1, 'AccountContactsOpps.do', 'UpdateOpp', NULL, NULL, NULL, NULL, NULL, NULL, 0, '2003-12-22 09:59:24.496', 0, '2003-12-22 09:59:24.496', true);
INSERT INTO help_contents VALUES (137, 1, 1, 'AccountTicketsDocuments.do', 'AddVersion', NULL, NULL, 'Upload a New Version of an existing Document ', NULL, NULL, NULL, 0, '2003-12-22 09:59:24.501', 0, '2003-12-22 09:59:24.501', true);
INSERT INTO help_contents VALUES (138, 1, 1, 'Accounts.do', 'Details ', NULL, NULL, NULL, NULL, NULL, NULL, 0, '2003-12-22 09:59:24.51', 0, '2003-12-22 09:59:24.51', true);
INSERT INTO help_contents VALUES (139, 1, 1, 'Accounts.do', 'View', NULL, NULL, NULL, NULL, NULL, NULL, 0, '2003-12-22 09:59:24.515', 0, '2003-12-22 09:59:24.515', true);
INSERT INTO help_contents VALUES (140, 1, 1, 'AccountTickets.do', 'AddTicket', NULL, 'Adding a new Ticket', 'This page lets you create a new ticket for the account ', NULL, NULL, NULL, 0, '2003-12-22 09:59:24.52', 0, '2003-12-22 09:59:24.52', true);
INSERT INTO help_contents VALUES (141, 1, 1, 'AccountTicketsDocuments.do', 'View', NULL, 'Document Details', 'Here the documents associated with the ticket are listed. New documents related to the ticket can be added', NULL, NULL, NULL, 0, '2003-12-22 09:59:24.53', 0, '2003-12-22 09:59:24.53', true);
INSERT INTO help_contents VALUES (142, 1, 1, 'AccountTickets.do', 'UpdateTicket', NULL, NULL, NULL, NULL, NULL, NULL, 0, '2003-12-22 09:59:24.55', 0, '2003-12-22 09:59:24.55', true);
INSERT INTO help_contents VALUES (143, 1, 1, 'AccountContactsOppComponents.do', 'Prepare', NULL, NULL, NULL, NULL, NULL, NULL, 0, '2003-12-22 09:59:24.555', 0, '2003-12-22 09:59:24.555', true);
INSERT INTO help_contents VALUES (144, 1, 1, 'Accounts.do', 'InsertFields', NULL, NULL, NULL, NULL, NULL, NULL, 0, '2003-12-22 09:59:24.56', 0, '2003-12-22 09:59:24.56', true);
INSERT INTO help_contents VALUES (145, 1, 1, 'AccountContactsOpps.do', 'Save', NULL, NULL, NULL, NULL, NULL, NULL, 0, '2003-12-22 09:59:24.565', 0, '2003-12-22 09:59:24.565', true);
INSERT INTO help_contents VALUES (146, 1, 1, 'Accounts.do', 'Search', NULL, NULL, 'Lists the Accounts present and also lets you create an account', NULL, NULL, NULL, 0, '2003-12-22 09:59:24.571', 0, '2003-12-22 09:59:24.571', true);
INSERT INTO help_contents VALUES (147, 1, 1, 'AccountTicketsDocuments.do', 'Details', NULL, NULL, 'Page shows all the versions of the current document', NULL, NULL, NULL, 0, '2003-12-22 09:59:24.587', 0, '2003-12-22 09:59:24.587', true);
INSERT INTO help_contents VALUES (148, 1, 1, 'AccountTicketsDocuments.do', 'Modify', NULL, NULL, 'Modify the current document', NULL, NULL, NULL, 0, '2003-12-22 09:59:24.596', 0, '2003-12-22 09:59:24.596', true);
INSERT INTO help_contents VALUES (149, 1, 1, 'Accounts.do', 'Insert', NULL, 'Account Details', 'Displays the details of the account, which can be modified. Each account can have folders, the contacts, opportunities, revenue, and tickets. You can update several documents associated with each account. ', NULL, NULL, NULL, 0, '2003-12-22 09:59:24.607', 0, '2003-12-22 09:59:24.607', true);
INSERT INTO help_contents VALUES (150, 1, 1, 'AccountContactsCalls.do', 'Details', NULL, 'Call details', 'The details of the call are shown here which can be modified, deleted or forwarded to any of the users.', NULL, NULL, NULL, 0, '2003-12-22 09:59:24.616', 0, '2003-12-22 09:59:24.616', true);
INSERT INTO help_contents VALUES (151, 1, 1, 'AccountContactsCalls.do', 'Modify', NULL, 'Add / update a call', 'You can add a new call to a contact.', NULL, NULL, NULL, 0, '2003-12-22 09:59:24.624', 0, '2003-12-22 09:59:24.624', true);
INSERT INTO help_contents VALUES (152, 1, 1, 'AccountContactsCalls.do', 'Save', NULL, 'Call details', 'The details of the call are shown here, and can be modified, deleted or forwarded to any of the employees', NULL, NULL, NULL, 0, '2003-12-22 09:59:24.637', 0, '2003-12-22 09:59:24.637', true);
INSERT INTO help_contents VALUES (153, 1, 1, 'AccountContactsCalls.do', 'ForwardCall', NULL, 'Forward Call ', 'The details of the calls that are associated with a contact can be forwarded to different employees.', NULL, NULL, NULL, 0, '2003-12-22 09:59:24.646', 0, '2003-12-22 09:59:24.646', true);
INSERT INTO help_contents VALUES (154, 1, 1, 'AccountContactsOpps.do', 'ViewOpps', NULL, 'List of Opportunities', 'Opportunities associated with the contact, showing the best guess total and last modified date.', NULL, NULL, NULL, 0, '2003-12-22 09:59:24.654', 0, '2003-12-22 09:59:24.654', true);
INSERT INTO help_contents VALUES (155, 1, 1, 'AccountContactsOpps.do', 'DetailsOpp', NULL, 'Opportunity Details', 'You can view all the details about the components here and also add a new component to a particular opportunity. The opportunity can be renamed and its details can be modified', NULL, NULL, NULL, 0, '2003-12-22 09:59:24.674', 0, '2003-12-22 09:59:24.674', true);
INSERT INTO help_contents VALUES (156, 1, 1, 'AccountTickets.do', 'TicketDetails', NULL, 'Ticket Details ', 'This page lets you view the details of the ticket, and also lets you modify or delete the ticket.', NULL, NULL, NULL, 0, '2003-12-22 09:59:24.69', 0, '2003-12-22 09:59:24.69', true);
INSERT INTO help_contents VALUES (157, 1, 1, 'AccountTickets.do', 'ModifyTicket', NULL, 'Modify ticket', 'This page lets you modify the ticket information and update its details', NULL, NULL, NULL, 0, '2003-12-22 09:59:24.703', 0, '2003-12-22 09:59:24.703', true);
INSERT INTO help_contents VALUES (158, 1, 1, 'AccountTicketTasks.do', 'List', NULL, 'Task Details', 'This page lists the tasks assigned for a particular account. New tasks can be added, which would then appear in the list of tasks, showing their priority and their assignment.', NULL, NULL, NULL, 0, '2003-12-22 09:59:24.719', 0, '2003-12-22 09:59:24.719', true);
INSERT INTO help_contents VALUES (159, 1, 1, 'AccountTicketsDocuments.do', 'Add', NULL, 'Uploading a Document', 'Upload a new document related to the account.', NULL, NULL, NULL, 0, '2003-12-22 09:59:24.735', 0, '2003-12-22 09:59:24.735', true);
INSERT INTO help_contents VALUES (160, 1, 1, 'AccountTickets.do', 'ViewHistory', NULL, 'Ticket Log History', 'This page maintains a complete log history of each ticket from its creation till the ticket is closed.', NULL, NULL, NULL, 0, '2003-12-22 09:59:24.744', 0, '2003-12-22 09:59:24.744', true);
INSERT INTO help_contents VALUES (161, 1, 1, 'AccountsDocuments.do', 'Details', NULL, 'Document Details ', 'All the versions of the current document are listed here', NULL, NULL, NULL, 0, '2003-12-22 09:59:24.75', 0, '2003-12-22 09:59:24.75', true);
INSERT INTO help_contents VALUES (162, 1, 1, 'AccountsDocuments.do', 'Modify', NULL, 'Modify Document ', 'Modify the document information', NULL, NULL, NULL, 0, '2003-12-22 09:59:24.759', 0, '2003-12-22 09:59:24.759', true);
INSERT INTO help_contents VALUES (163, 1, 1, 'AccountsDocuments.do', 'AddVersion', NULL, 'Upload New Version ', 'Upload a new document version', NULL, NULL, NULL, 0, '2003-12-22 09:59:24.768', 0, '2003-12-22 09:59:24.768', true);
INSERT INTO help_contents VALUES (164, 1, 1, 'Accounts.do', 'ExportReport', NULL, 'List of Exported data', 'The data can be filtered, exported and displayed in different formats. You can then view the data and also download it.', NULL, NULL, NULL, 0, '2003-12-22 09:59:24.777', 0, '2003-12-22 09:59:24.777', true);
INSERT INTO help_contents VALUES (165, 1, 1, 'RevenueManager.do', 'Details', NULL, 'Revenue Details ', 'Details about revenue', NULL, NULL, NULL, 0, '2003-12-22 09:59:24.793', 0, '2003-12-22 09:59:24.793', true);
INSERT INTO help_contents VALUES (166, 1, 1, 'RevenueManager.do', 'Dashboard ', NULL, NULL, NULL, NULL, NULL, NULL, 0, '2003-12-22 09:59:24.802', 0, '2003-12-22 09:59:24.802', true);
INSERT INTO help_contents VALUES (167, 1, 1, 'OpportunityForm.do', 'Prepare', NULL, 'Add Opportunity', 'A new opportunity associated with the contact can be added ', NULL, NULL, NULL, 0, '2003-12-22 09:59:24.807', 0, '2003-12-22 09:59:24.807', true);
INSERT INTO help_contents VALUES (168, 1, 1, 'Opportunities.do', 'Add', NULL, 'Add opportunity ', 'A new opportunity associated with the contact can be added', NULL, NULL, NULL, 0, '2003-12-22 09:59:24.815', 0, '2003-12-22 09:59:24.815', true);
INSERT INTO help_contents VALUES (169, 1, 1, 'Opportunities.do', 'Details', NULL, 'Opportunity Details', 'You can view all the details about the components here like the status, the guess amount and the current stage. A new component can also be added to a particular opportunity. ', NULL, NULL, NULL, 0, '2003-12-22 09:59:24.825', 0, '2003-12-22 09:59:24.825', true);
INSERT INTO help_contents VALUES (170, 1, 1, 'Opportunities.do', 'Modify', NULL, 'Modify Opportunity ', 'The details of the opportunity can be modified', NULL, NULL, NULL, 0, '2003-12-22 09:59:24.845', 0, '2003-12-22 09:59:24.845', true);
INSERT INTO help_contents VALUES (171, 1, 1, 'OpportunitiesComponents.do', 'DetailsComponent', NULL, 'Component Details ', 'This page shows the details about the opportunity like what is the probability of closing the opportunity, what is the current stage of the opportunity etc', NULL, NULL, NULL, 0, '2003-12-22 09:59:24.854', 0, '2003-12-22 09:59:24.854', true);
INSERT INTO help_contents VALUES (172, 1, 1, 'OpportunitiesComponents.do', 'Prepare', NULL, 'Add a component', 'A component can be added to an opportunity and assigned to any employee present in the system. The component type can also be selected.', NULL, NULL, NULL, 0, '2003-12-22 09:59:24.863', 0, '2003-12-22 09:59:24.863', true);
INSERT INTO help_contents VALUES (173, 1, 1, 'OpportunitiesComponents.do', 'ModifyComponent', NULL, 'Modify Component ', 'The details of the component can be added / updated to an opportunity and assigned to any employee present in the system. The component type can also be selected.', NULL, NULL, NULL, 0, '2003-12-22 09:59:24.88', 0, '2003-12-22 09:59:24.88', true);
INSERT INTO help_contents VALUES (174, 1, 1, 'OpportunitiesComponents.do', 'SaveComponent', NULL, 'Component Details', 'This page shows the details about the opportunity like what is the probability of closing the opportunity, what is the current stage of the opportunity etc', NULL, NULL, NULL, 0, '2003-12-22 09:59:24.898', 0, '2003-12-22 09:59:24.898', true);
INSERT INTO help_contents VALUES (175, 6, 6, 'CampaignManager.do', 'Dashboard', NULL, 'Communications Dashboard ', 'Track and analyze campaigns that have been activated and executed.

Messages can be sent out by any combination of email, fax, or mail merge. The Dashboard shows an overview of sent messages and allows you to drill down and view recipients and any survey results.', NULL, NULL, NULL, 0, '2003-12-22 09:59:24.917', 0, '2003-12-22 09:59:24.917', true);
INSERT INTO help_contents VALUES (176, 6, 6, 'CampaignManager.do', 'Add', NULL, 'Add a campaign', 'This page lets you add a new campaign into the system.', NULL, NULL, NULL, 0, '2003-12-22 09:59:24.979', 0, '2003-12-22 09:59:24.979', true);
INSERT INTO help_contents VALUES (177, 6, 6, 'CampaignManager.do', 'View', NULL, 'Campaign List ', 'Create or work on existing campaigns.

The Campaign Builder allows you to select groups of contacts that you would like to send a message to, as well as schedule a delivery date. Additional options are available.
', NULL, NULL, NULL, 0, '2003-12-22 09:59:24.99', 0, '2003-12-22 09:59:24.99', true);
INSERT INTO help_contents VALUES (178, 6, 6, 'CampaignManagerGroup.do', 'View', NULL, 'View Groups ', 'Each campaign needs at least one group to which to send a message. Use criteria to filter the contacts you need to reach and use them over and over again. As new contacts meet the criteria, they will be automatically included in future campaigns. This page lists the group names. It shows the groups created by you or everybody; i.e. all the groups.', NULL, NULL, NULL, 0, '2003-12-22 09:59:25.014', 0, '2003-12-22 09:59:25.014', true);
INSERT INTO help_contents VALUES (179, 6, 6, 'CampaignManagerGroup.do', 'Add', NULL, 'Add a Group', 'A new contact group can be added. Separate criteria can be specified when creating the group. The criteria can be defined to generate a list. The list to be added can be previewed before saving the group details. ', NULL, NULL, NULL, 0, '2003-12-22 09:59:25.033', 0, '2003-12-22 09:59:25.033', true);
INSERT INTO help_contents VALUES (180, 6, 6, 'CampaignManagerMessage.do', 'View', NULL, 'Message List ', 'Compose a message to reach your audience.
Each campaign requires a message that will be sent to selected groups. Write the message once, then use it in any number of future campaigns. Modified messages will only affect future campaigns. Displays the list of messages, with the description and other details.', NULL, NULL, NULL, 0, '2003-12-22 09:59:25.053', 0, '2003-12-22 09:59:25.053', true);
INSERT INTO help_contents VALUES (181, 6, 6, 'CampaignManagerMessage.do', 'Add', NULL, 'Adding a Message', 'You can add a new message for the campaign, which would show up in the message list.', NULL, NULL, NULL, 0, '2003-12-22 09:59:25.073', 0, '2003-12-22 09:59:25.073', true);
INSERT INTO help_contents VALUES (182, 6, 6, 'CampaignManagerAttachment.do', NULL, NULL, 'Create Attachments ', 'Customize and configure your Campaigns with attachments. Attachments can include interactive items, like surveys, or provide additional materials like files.
', NULL, NULL, NULL, 0, '2003-12-22 09:59:25.086', 0, '2003-12-22 09:59:25.086', true);
INSERT INTO help_contents VALUES (183, 6, 6, 'CampaignManagerGroup.do', 'Details', NULL, NULL, 'Contacts of the group are displayed', NULL, NULL, NULL, 0, '2003-12-22 09:59:25.094', 0, '2003-12-22 09:59:25.094', true);
INSERT INTO help_contents VALUES (184, 6, 6, 'CampaignDocuments.do', 'AddVersion', NULL, NULL, 'version change of a document', NULL, NULL, NULL, 0, '2003-12-22 09:59:25.107', 0, '2003-12-22 09:59:25.107', true);
INSERT INTO help_contents VALUES (185, 6, 6, 'CampaignManager.do', 'Dashboard ', NULL, NULL, NULL, NULL, NULL, NULL, 0, '2003-12-22 09:59:25.116', 0, '2003-12-22 09:59:25.116', true);
INSERT INTO help_contents VALUES (186, 6, 6, 'CampaignManagerMessage.do', 'Insert', NULL, NULL, NULL, NULL, NULL, NULL, 0, '2003-12-22 09:59:25.121', 0, '2003-12-22 09:59:25.121', true);
INSERT INTO help_contents VALUES (187, 6, 6, 'CampaignManagerGroup.do', 'Update', NULL, NULL, NULL, NULL, NULL, NULL, 0, '2003-12-22 09:59:25.126', 0, '2003-12-22 09:59:25.126', true);
INSERT INTO help_contents VALUES (188, 6, 6, 'CampaignDocuments.do', 'Add', NULL, NULL, 'New documents can be uploaded and be associated with the campaign.', NULL, NULL, NULL, 0, '2003-12-22 09:59:25.131', 0, '2003-12-22 09:59:25.131', true);
INSERT INTO help_contents VALUES (189, 6, 6, 'CampaignManager.do', 'ResponseDetails', NULL, NULL, NULL, NULL, NULL, NULL, 0, '2003-12-22 09:59:25.14', 0, '2003-12-22 09:59:25.14', true);
INSERT INTO help_contents VALUES (190, 6, 6, 'CampaignManagerGroup.do', 'Preview', NULL, NULL, 'Here details about the contacts, i.e. the name, their company, and their email address are displayed.', NULL, NULL, NULL, 0, '2003-12-22 09:59:25.145', 0, '2003-12-22 09:59:25.145', true);
INSERT INTO help_contents VALUES (191, 6, 6, 'CampaignManager.do', 'PrepareDownload', NULL, 'Campaign Details', 'This page shows the details about the campaign and also shows the list of available documents.', NULL, NULL, NULL, 0, '2003-12-22 09:59:25.157', 0, '2003-12-22 09:59:25.157', true);
INSERT INTO help_contents VALUES (192, 6, 6, 'CampaignManager.do', 'ViewGroups', NULL, 'Groups', 'The group name along with the contacts present in the Group are listed ', NULL, NULL, NULL, 0, '2003-12-22 09:59:25.167', 0, '2003-12-22 09:59:25.167', true);
INSERT INTO help_contents VALUES (193, 6, 6, 'CampaignManagerSurvey.do', 'Add', NULL, 'Adding a survey', 'You can add a new survey here', NULL, NULL, NULL, 0, '2003-12-22 09:59:25.172', 0, '2003-12-22 09:59:25.172', true);
INSERT INTO help_contents VALUES (194, 6, 6, 'CampaignManagerSurvey.do', 'MoveQuestion', NULL, NULL, NULL, NULL, NULL, NULL, 0, '2003-12-22 09:59:25.18', 0, '2003-12-22 09:59:25.18', true);
INSERT INTO help_contents VALUES (195, 6, 6, 'CampaignManager.do', 'Details', NULL, 'Campaign Details ', 'Campaign details are the number of groups selected for the campaign, the text message of the campaign, when is it scheduled to run, how the delivery of the message done, who entered these details and who modified it are shown here.', NULL, NULL, NULL, 0, '2003-12-22 09:59:25.186', 0, '2003-12-22 09:59:25.186', true);
INSERT INTO help_contents VALUES (196, 6, 6, 'CampaignDocuments.do', 'Details', NULL, NULL, 'All Versions of this current Document are shown here with the details like the size of the uploaded file, the number of downloads etc.', NULL, NULL, NULL, 0, '2003-12-22 09:59:25.194', 0, '2003-12-22 09:59:25.194', true);
INSERT INTO help_contents VALUES (197, 6, 6, 'CampaignDocuments.do', 'Modify', NULL, NULL, NULL, NULL, NULL, NULL, 0, '2003-12-22 09:59:25.203', 0, '2003-12-22 09:59:25.203', true);
INSERT INTO help_contents VALUES (198, 6, 6, 'CampaignManager.do', 'Insert', NULL, NULL, NULL, NULL, NULL, NULL, 0, '2003-12-22 09:59:25.208', 0, '2003-12-22 09:59:25.208', true);
INSERT INTO help_contents VALUES (199, 6, 6, 'CampaignManagerSurvey.do', 'ViewReturn', NULL, NULL, NULL, NULL, NULL, NULL, 0, '2003-12-22 09:59:25.213', 0, '2003-12-22 09:59:25.213', true);
INSERT INTO help_contents VALUES (200, 6, 6, 'CampaignManagerMessage.do', 'Details ', NULL, NULL, NULL, NULL, NULL, NULL, 0, '2003-12-22 09:59:25.218', 0, '2003-12-22 09:59:25.218', true);
INSERT INTO help_contents VALUES (201, 6, 6, 'CampaignManager.do', 'ViewSchedule', NULL, NULL, 'For the campaign you can schedule a delivery date to send the message to the recipients.', NULL, NULL, NULL, 0, '2003-12-22 09:59:25.223', 0, '2003-12-22 09:59:25.223', true);
INSERT INTO help_contents VALUES (202, 6, 6, 'CampaignManagerGroup.do', 'Modify', NULL, NULL, 'Here you can update the group details and also the update contact criteria.', NULL, NULL, NULL, 0, '2003-12-22 09:59:25.233', 0, '2003-12-22 09:59:25.233', true);
INSERT INTO help_contents VALUES (203, 6, 6, 'CampaignManager.do', 'PreviewRecipients', NULL, 'List of Recipients', 'The page displays a list of recipients with their name, company name, the date when the campaign was sent to those recipients and its status. ', NULL, NULL, NULL, 0, '2003-12-22 09:59:25.249', 0, '2003-12-22 09:59:25.249', true);
INSERT INTO help_contents VALUES (204, 6, 6, 'CampaignManager.do', 'PreviewMessage', NULL, 'Message Details ', 'The message details are shown here, in the form of an email with a subject and message.', NULL, NULL, NULL, 0, '2003-12-22 09:59:25.255', 0, '2003-12-22 09:59:25.255', true);
INSERT INTO help_contents VALUES (205, 6, 6, 'CampaignManager.do', 'PreviewSchedule', NULL, 'Campaign Schedule', 'This shows the delivery date and the delivery method or the campaign. ', NULL, NULL, NULL, 0, '2003-12-22 09:59:25.282', 0, '2003-12-22 09:59:25.282', true);
INSERT INTO help_contents VALUES (206, 6, 6, 'CampaignManager.do', 'ViewResults', NULL, 'Campaign Results', 'This page shows the results of the responses received from all the recipients in the group. This also shows the Last response received.', NULL, NULL, NULL, 0, '2003-12-22 09:59:25.287', 0, '2003-12-22 09:59:25.287', true);
INSERT INTO help_contents VALUES (207, 6, 6, 'CampaignManager.do', 'ViewResponse', NULL, 'Campaign Response', 'This page shows the responses of all the recipients along with their system IP addresses and their email address', NULL, NULL, NULL, 0, '2003-12-22 09:59:25.292', 0, '2003-12-22 09:59:25.292', true);
INSERT INTO help_contents VALUES (208, 6, 6, 'CampaignDocuments.do', 'View', NULL, 'Campaign Document details', 'This page lists all the documents associated with this campaign and for each document it lists the size of the file, the extension and the version of the file.', NULL, NULL, NULL, 0, '2003-12-22 09:59:25.298', 0, '2003-12-22 09:59:25.298', true);
INSERT INTO help_contents VALUES (209, 6, 6, 'CampaignManager.do', 'ViewDetails', NULL, 'Campaign Details', 'This is the detail page for the campaign, where step-by-step information is given on how to activate the campaign; i.e. what should be selected before a campaign is activated.

This campaign can be configured and can now be activated.
Once activated, today''s campaigns will begin processing in under 5 minutes and cannot be cancelled.
', NULL, NULL, NULL, 0, '2003-12-22 09:59:25.318', 0, '2003-12-22 09:59:25.318', true);
INSERT INTO help_contents VALUES (210, 6, 6, 'CampaignManager.do', 'AddGroups', NULL, 'Choose Groups ', 'Selecting or updating the group / groups for the campaign can be done here.', NULL, NULL, NULL, 0, '2003-12-22 09:59:25.333', 0, '2003-12-22 09:59:25.333', true);
INSERT INTO help_contents VALUES (211, 6, 6, 'CampaignManager.do', 'ViewMessage', NULL, 'Message Details', 'Updating a message for the campaign', NULL, NULL, NULL, 0, '2003-12-22 09:59:25.351', 0, '2003-12-22 09:59:25.351', true);
INSERT INTO help_contents VALUES (212, 6, 6, 'CampaignManager.do', 'ViewAttachmentsOverview', NULL, 'Attachment Details', 'For each message, we can add the attachments.', NULL, NULL, NULL, 0, '2003-12-22 09:59:25.368', 0, '2003-12-22 09:59:25.368', true);
INSERT INTO help_contents VALUES (213, 6, 6, 'CampaignManager.do', 'ViewAttachment', NULL, 'Surveys ', 'A survey can be selected for this campaign.', NULL, NULL, NULL, 0, '2003-12-22 09:59:25.379', 0, '2003-12-22 09:59:25.379', true);
INSERT INTO help_contents VALUES (214, 6, 6, 'CampaignManager.do', 'ManageFileAttachments', NULL, 'File Attachments ', 'Campaign can also have a file as an attachment', NULL, NULL, NULL, 0, '2003-12-22 09:59:25.388', 0, '2003-12-22 09:59:25.388', true);
INSERT INTO help_contents VALUES (215, 6, 6, 'CampaignManager.do', 'Modify', NULL, 'Modify Campaign Details', 'Updating the campaign name /description', NULL, NULL, NULL, 0, '2003-12-22 09:59:25.397', 0, '2003-12-22 09:59:25.397', true);
INSERT INTO help_contents VALUES (216, 6, 6, 'CampaignManagerMessage.do', 'Details', NULL, 'Message Details ', 'This page shows the details of the message.', NULL, NULL, NULL, 0, '2003-12-22 09:59:25.405', 0, '2003-12-22 09:59:25.405', true);
INSERT INTO help_contents VALUES (217, 6, 6, 'CampaignManagerMessage.do', 'Modify', NULL, 'Modify Message ', 'This page lets you Add/Update a new message. The message can have an access type, limiting who can view a message.', NULL, NULL, NULL, 0, '2003-12-22 09:59:25.415', 0, '2003-12-22 09:59:25.415', true);
INSERT INTO help_contents VALUES (218, 6, 6, 'CampaignManagerMessage.do', 'Update', NULL, 'Message Details ', 'This page shows the details of the message.', NULL, NULL, NULL, 0, '2003-12-22 09:59:25.428', 0, '2003-12-22 09:59:25.428', true);
INSERT INTO help_contents VALUES (219, 6, 6, 'CampaignManagerMessage.do', 'Clone', NULL, 'Adding a Message ', 'This page lets you Add a new message or Update an existing one. The message can have an access type, defining who can view it.', NULL, NULL, NULL, 0, '2003-12-22 09:59:25.437', 0, '2003-12-22 09:59:25.437', true);
INSERT INTO help_contents VALUES (220, 6, 6, 'CampaignManagerSurvey.do', 'View', NULL, 'List of Surveys', 'This page displays the surveys created and lets you update them.', NULL, NULL, NULL, 0, '2003-12-22 09:59:25.454', 0, '2003-12-22 09:59:25.454', true);
INSERT INTO help_contents VALUES (221, 6, 6, 'CampaignManagerSurvey.do', 'InsertAndAdd', NULL, 'Survey Questions', 'Here you can add a new survey question. If the question type is "Item List", you can edit the list of items present in that list and also mark whether the particular question is required or not.', NULL, NULL, NULL, 0, '2003-12-22 09:59:25.474', 0, '2003-12-22 09:59:25.474', true);
INSERT INTO help_contents VALUES (222, 6, 6, 'CampaignManagerSurvey.do', 'Details', NULL, 'Survey Details ', 'The details about the survey are displayed here along with the option to modify, delete and preview the survey. ', NULL, NULL, NULL, 0, '2003-12-22 09:59:25.493', 0, '2003-12-22 09:59:25.493', true);
INSERT INTO help_contents VALUES (223, 6, 6, 'CampaignManagerSurvey.do', 'Modify', NULL, 'Survey Details', 'This page displays all the questions added to a particular survey. It also enables you to add new questions. The order of the questions can be changed by moving questions up or down in the list. Questions can also be edited or deleted. ', NULL, NULL, NULL, 0, '2003-12-22 09:59:25.509', 0, '2003-12-22 09:59:25.509', true);
INSERT INTO help_contents VALUES (224, 6, 6, 'CampaignManager.do', NULL, NULL, 'Overview', 'You are looking at the communications module. This page reviews and manages campaigns with the following options: Dashboard, Campaign Builder, Build groups, Create messages and create attachments.', NULL, NULL, NULL, 0, '2003-12-22 09:59:25.533', 0, '2003-12-22 09:59:25.533', true);
INSERT INTO help_contents VALUES (225, 8, 8, 'TroubleTickets.do', 'Details', NULL, 'Ticket Details ', 'This page lets you view the details of the ticket also lets you modify or delete the ticket.', NULL, NULL, NULL, 0, '2003-12-22 09:59:25.564', 0, '2003-12-22 09:59:25.564', true);
INSERT INTO help_contents VALUES (226, 8, 8, 'TroubleTickets.do', 'Add', NULL, 'Add a Ticket', 'You can add a new ticket here', NULL, NULL, NULL, 0, '2003-12-22 09:59:25.62', 0, '2003-12-22 09:59:25.62', true);
INSERT INTO help_contents VALUES (227, 8, 8, 'TroubleTickets.do', 'SearchTicketsForm', NULL, 'Search Existing Tickets', 'Form used for searching existing tickets based on different filters and parameters.', NULL, NULL, NULL, 0, '2003-12-22 09:59:25.629', 0, '2003-12-22 09:59:25.629', true);
INSERT INTO help_contents VALUES (228, 8, 8, 'TroubleTickets.do', 'Reports', NULL, 'Export Data ', 'This is the page shows exported data.
The data can be exported in different formats. The exported data can be viewed with its subject, the size of the exported data file, when it was created and by whom. It also shows the number of times that particular exported file was downloaded. A new data file can also be exported.
', NULL, NULL, NULL, 0, '2003-12-22 09:59:25.638', 0, '2003-12-22 09:59:25.638', true);
INSERT INTO help_contents VALUES (229, 8, 8, 'TroubleTickets.do', 'Modify', NULL, 'Modify Ticket Details', 'Here you can modify ticket details like information, classification, assignment and resolution.', NULL, NULL, NULL, 0, '2003-12-22 09:59:25.658', 0, '2003-12-22 09:59:25.658', true);
INSERT INTO help_contents VALUES (230, 8, 8, 'TroubleTickets.do', 'Modify', NULL, 'Modify Ticket Details', 'Here you can modify the ticket details like ticket information, it''s classification, the tickets assignment and it''s resolution.', NULL, NULL, NULL, 0, '2003-12-22 09:59:25.667', 0, '2003-12-22 09:59:25.667', true);
INSERT INTO help_contents VALUES (231, 8, 8, 'TroubleTicketTasks.do', 'List', NULL, 'List of Tasks', 'This page lists the tasks assigned for a particular ticket. New tasks can be added, which would then appear in the list of tasks, showing their priority, their assignment and other details.', NULL, NULL, NULL, 0, '2003-12-22 09:59:25.676', 0, '2003-12-22 09:59:25.676', true);
INSERT INTO help_contents VALUES (232, 8, 8, 'TroubleTicketsDocuments.do', 'View', NULL, 'List of Documents ', 'Here the documents associated with a ticket are listed. New documents related to the ticket can be added. ', NULL, NULL, NULL, 0, '2003-12-22 09:59:25.692', 0, '2003-12-22 09:59:25.692', true);
INSERT INTO help_contents VALUES (233, 8, 8, 'TroubleTicketsFolders.do', 'Fields', NULL, 'List of Folder Records', 'New folders can be created for each ticket. New Folders are defined and configured in the Admin Module. This page also displays a list of records with their details such as when the record was created, last modified, the action performed on the record etc.', NULL, NULL, NULL, 0, '2003-12-22 09:59:25.713', 0, '2003-12-22 09:59:25.713', true);
INSERT INTO help_contents VALUES (234, 8, 8, 'TroubleTicketsFolders.do', 'AddFolderRecord', NULL, 'Add Folder Record', 'The details of the record are added
', NULL, NULL, NULL, 0, '2003-12-22 09:59:25.726', 0, '2003-12-22 09:59:25.726', true);
INSERT INTO help_contents VALUES (235, 8, 8, 'TroubleTickets.do', 'ViewHistory', NULL, 'Ticket Log History', 'The log history of the ticket is maintained. ', NULL, NULL, NULL, 0, '2003-12-22 09:59:25.734', 0, '2003-12-22 09:59:25.734', true);
INSERT INTO help_contents VALUES (236, 8, 8, 'TroubleTickets.do', NULL, NULL, NULL, NULL, NULL, NULL, NULL, 0, '2003-12-22 09:59:25.743', 0, '2003-12-22 09:59:25.743', true);
INSERT INTO help_contents VALUES (237, 8, 8, 'TroubleTickets.do', 'Insert', NULL, NULL, NULL, NULL, NULL, NULL, 0, '2003-12-22 09:59:25.748', 0, '2003-12-22 09:59:25.748', true);
INSERT INTO help_contents VALUES (238, 8, 8, 'TroubleTicketsFolders.do', 'InsertFields', NULL, NULL, NULL, NULL, NULL, NULL, 0, '2003-12-22 09:59:25.753', 0, '2003-12-22 09:59:25.753', true);
INSERT INTO help_contents VALUES (239, 8, 8, 'TroubleTickets.do', 'GenerateForm', NULL, NULL, NULL, NULL, NULL, NULL, 0, '2003-12-22 09:59:25.759', 0, '2003-12-22 09:59:25.759', true);
INSERT INTO help_contents VALUES (240, 8, 8, 'TroubleTickets.do', 'Details ', NULL, NULL, NULL, NULL, NULL, NULL, 0, '2003-12-22 09:59:25.764', 0, '2003-12-22 09:59:25.764', true);
INSERT INTO help_contents VALUES (241, 8, 8, 'TroubleTickets.do', 'Update', NULL, NULL, NULL, NULL, NULL, NULL, 0, '2003-12-22 09:59:25.769', 0, '2003-12-22 09:59:25.769', true);
INSERT INTO help_contents VALUES (242, 8, 8, 'TroubleTickets.do', 'ExportReport', NULL, NULL, NULL, NULL, NULL, NULL, 0, '2003-12-22 09:59:25.775', 0, '2003-12-22 09:59:25.775', true);
INSERT INTO help_contents VALUES (243, 8, 8, 'TroubleTicketsFolders.do', 'ModifyFields', NULL, 'Modify Folder Record', 'This lists the details of the folder record, which can be modified.', NULL, NULL, NULL, 0, '2003-12-22 09:59:25.78', 0, '2003-12-22 09:59:25.78', true);
INSERT INTO help_contents VALUES (244, 8, 8, 'TroubleTicketsFolders.do', 'UpdateFields', NULL, 'Folder Record Details ', 'The details about the folder along with the record information such as when the record was created and when it was modified is displayed here.', NULL, NULL, NULL, 0, '2003-12-22 09:59:25.789', 0, '2003-12-22 09:59:25.789', true);
INSERT INTO help_contents VALUES (245, 8, 8, 'TroubleTickets.do', 'SearchTickets', NULL, NULL, NULL, NULL, NULL, NULL, 0, '2003-12-22 09:59:25.799', 0, '2003-12-22 09:59:25.799', true);
INSERT INTO help_contents VALUES (246, 8, 8, 'TroubleTickets.do', 'Home ', NULL, NULL, NULL, NULL, NULL, NULL, 0, '2003-12-22 09:59:25.805', 0, '2003-12-22 09:59:25.805', true);
INSERT INTO help_contents VALUES (247, 8, 8, 'TroubleTicketsDocuments.do', 'Add', NULL, 'Adding a Document', 'A new document related to a ticket can be uploaded.', NULL, NULL, NULL, 0, '2003-12-22 09:59:25.81', 0, '2003-12-22 09:59:25.81', true);
INSERT INTO help_contents VALUES (248, 8, 8, 'TroubleTicketsDocuments.do', 'Details', NULL, 'Document Details', 'This page shows all the versions of the current document.', NULL, NULL, NULL, 0, '2003-12-22 09:59:25.818', 0, '2003-12-22 09:59:25.818', true);
INSERT INTO help_contents VALUES (249, 8, 8, 'TroubleTicketsDocuments.do', 'Modify', NULL, 'Modify Document Details', 'This page lets you modify the ticket information and update the details.', NULL, NULL, NULL, 0, '2003-12-22 09:59:25.827', 0, '2003-12-22 09:59:25.827', true);
INSERT INTO help_contents VALUES (250, 8, 8, 'TroubleTicketsDocuments.do', 'AddVersion', NULL, 'Add version number to Documents', 'You can upload a new version of an existing document.', NULL, NULL, NULL, 0, '2003-12-22 09:59:25.839', 0, '2003-12-22 09:59:25.839', true);
INSERT INTO help_contents VALUES (251, 8, 8, 'TroubleTickets.do', 'Home', NULL, 'Overview', 'This page displays the complete list of the tickets assigned to the user, the list of the tickets present in his department and finally the list of the tickets created by the user. For each ticket, the details about the ticket, such as the ticket number, priority, age of the ticket, the company and finally the assignment details are displayed. The issue details are also shown separately for each ticket.', NULL, NULL, NULL, 0, '2003-12-22 09:59:25.848', 0, '2003-12-22 09:59:25.848', true);
INSERT INTO help_contents VALUES (252, 15, 15, 'CompanyDirectory.do', 'ListEmployees', NULL, 'Overview', 'The details of each employee can be viewed, modified or deleted and a new detailed employee record can be added.', NULL, NULL, NULL, 0, '2003-12-22 09:59:25.894', 0, '2003-12-22 09:59:25.894', true);
INSERT INTO help_contents VALUES (253, 15, 15, 'CompanyDirectory.do', 'EmployeeDetails', NULL, 'Employee Details ', 'This is the employee detail page. This page displays the email, phone number, addresses and additional details of each employee.', NULL, NULL, NULL, 0, '2003-12-22 09:59:25.95', 0, '2003-12-22 09:59:25.95', true);
INSERT INTO help_contents VALUES (254, 15, 15, 'CompanyDirectory.do', 'Prepare', NULL, 'Add an Employee', 'You can add an employee into the system. The details of the employee such as his email address; phone numbers, address and other additional details can be given along with his name', NULL, NULL, NULL, 0, '2003-12-22 09:59:25.959', 0, '2003-12-22 09:59:25.959', true);
INSERT INTO help_contents VALUES (255, 15, 15, 'CompanyDirectory.do', 'ModifyEmployee', NULL, 'Modify Employee Details ', 'Employee details such as the name of the employee, email address, phone numbers and address can be modified here.', NULL, NULL, NULL, 0, '2003-12-22 09:59:25.973', 0, '2003-12-22 09:59:25.973', true);
INSERT INTO help_contents VALUES (256, 15, 15, 'CompanyDirectory.do', 'Save', NULL, NULL, 'This page shows the details of the employee record, which can be modified or deleted.', NULL, NULL, NULL, 0, '2003-12-22 09:59:25.982', 0, '2003-12-22 09:59:25.982', true);
INSERT INTO help_contents VALUES (257, 14, 14, 'Reports.do', 'ViewQueue', NULL, 'Overview', 'This is the home of the reports. 

A list of customized reports can be viewed and the queue of the reports that are scheduled to be processed by the server are also displayed. Each report that is ready to be retrieved is displayed along with its details such as the subject of the report, the date when the report was generated, report status and finally the size of the report for the user to download.', NULL, NULL, NULL, 0, '2003-12-22 09:59:25.996', 0, '2003-12-22 09:59:25.996', true);
INSERT INTO help_contents VALUES (258, 14, 14, 'Reports.do', 'RunReport', NULL, 'List of Modules', 'This shows the different modules present and displays the list of corresponding reports present in each module.', NULL, NULL, NULL, 0, '2003-12-22 09:59:26.054', 0, '2003-12-22 09:59:26.054', true);
INSERT INTO help_contents VALUES (259, 14, 14, 'Reports.do ', NULL, NULL, NULL, NULL, NULL, NULL, NULL, 0, '2003-12-22 09:59:26.063', 0, '2003-12-22 09:59:26.063', true);
INSERT INTO help_contents VALUES (260, 14, 14, 'Reports.do', 'CancelReport', NULL, NULL, NULL, NULL, NULL, NULL, 0, '2003-12-22 09:59:26.068', 0, '2003-12-22 09:59:26.068', true);
INSERT INTO help_contents VALUES (261, 14, 14, 'Reports.do', 'ParameterList', NULL, 'Parameters specification', 'This page takes the parameters that need to be specified to run the report.', NULL, NULL, NULL, 0, '2003-12-22 09:59:26.073', 0, '2003-12-22 09:59:26.073', true);
INSERT INTO help_contents VALUES (262, 14, 14, 'Reports.do', 'ListReports', NULL, 'Lis of Reports', 'In this module, you can choose the report that you want to run from the list of the reports.', NULL, NULL, NULL, 0, '2003-12-22 09:59:26.085', 0, '2003-12-22 09:59:26.085', true);
INSERT INTO help_contents VALUES (263, 14, 14, 'Reports.do', 'CriteriaList', NULL, 'Criteria List ', 'You can choose to base this report on previously saved criteria, or continue and create new criteria.', NULL, NULL, NULL, 0, '2003-12-22 09:59:26.094', 0, '2003-12-22 09:59:26.094', true);
INSERT INTO help_contents VALUES (264, 14, 14, 'Reports.do', 'GenerateReport', NULL, 'Reports Added To Queue', 'This page shows that the requested report is added to the queue. Also lets you know the details about the report and queue status.', NULL, NULL, NULL, 0, '2003-12-22 09:59:26.104', 0, '2003-12-22 09:59:26.104', true);
INSERT INTO help_contents VALUES (265, 14, 14, 'Reports.do', NULL, NULL, 'Overview', '
', NULL, NULL, NULL, 0, '2003-12-22 09:59:26.112', 0, '2003-12-22 09:59:26.112', true);
INSERT INTO help_contents VALUES (266, 9, 9, 'Users.do', 'ListUsers', NULL, 'List of Users', 'This section allows the administrator to view and add users and manage user hierarchies. The users are typically employees in your company who interact with your clients or customers.', NULL, NULL, NULL, 0, '2003-12-22 09:59:26.176', 0, '2003-12-22 09:59:26.176', true);
INSERT INTO help_contents VALUES (267, 9, 9, 'Users.do', 'InsertUserForm', NULL, 'Adding a New User', 'This form allows new users to be added to the system and records their contact information.', NULL, NULL, NULL, 0, '2003-12-22 09:59:26.207', 0, '2003-12-22 09:59:26.207', true);
INSERT INTO help_contents VALUES (268, 9, 9, 'Users.do', 'ModifyUser', NULL, 'Modify User Details', 'This form provides the administrator with an editable view of the user information, and also allows the administrator to view the users login history and view points.', NULL, NULL, NULL, 0, '2003-12-22 09:59:26.238', 0, '2003-12-22 09:59:26.238', true);
INSERT INTO help_contents VALUES (269, 9, 9, 'Users.do', 'ViewLog', NULL, 'User Login History', 'Provides a login history of the chosen user.', NULL, NULL, NULL, 0, '2003-12-22 09:59:26.258', 0, '2003-12-22 09:59:26.258', true);
INSERT INTO help_contents VALUES (270, 9, 9, 'Viewpoints.do', 'ListViewpoints', NULL, 'Viewpoints of User', 'The page displays the viewpoints of the employees regarding a particular module in the system. Lets you add a new viewpoint. The details displayed are when the viewpoint was entered and whether it is enabled or not.', NULL, NULL, NULL, 0, '2003-12-22 09:59:26.271', 0, '2003-12-22 09:59:26.271', true);
INSERT INTO help_contents VALUES (271, 9, 9, 'Viewpoints.do', 'InsertViewpointForm', NULL, 'Add Viewpoint', 'The contact name can be selected and the permissions /access for the modules can be given.', NULL, NULL, NULL, 0, '2003-12-22 09:59:26.287', 0, '2003-12-22 09:59:26.287', true);
INSERT INTO help_contents VALUES (272, 9, 9, 'Viewpoints.do', 'ViewpointDetails', NULL, 'Update Viewpoint ', 'You can update a viewpoint and set the permissions to access different modules.', NULL, NULL, NULL, 0, '2003-12-22 09:59:26.303', 0, '2003-12-22 09:59:26.303', true);
INSERT INTO help_contents VALUES (273, 9, 9, 'Roles.do', 'ListRoles', NULL, 'List of Roles', 'You are looking at roles. 

This page lists the different roles present in the system, their role descriptions and the number of people present in the system who are assigned that role. New roles can be added at any time.', NULL, NULL, NULL, 0, '2003-12-22 09:59:26.319', 0, '2003-12-22 09:59:26.319', true);
INSERT INTO help_contents VALUES (274, 9, 9, 'Roles.do', 'InsertRoleForm', NULL, 'Add a New Role', 'This page will let you Add/Update the roles in the system. Also lets you change the permissions. The permissions can be changed or set for each module separately depending on the role.', NULL, NULL, NULL, 0, '2003-12-22 09:59:26.335', 0, '2003-12-22 09:59:26.335', true);
INSERT INTO help_contents VALUES (275, 9, 9, 'Roles.do', 'RoleDetails', NULL, 'Update Role ', 'This page will let you update the roles in the system. Also lets you change the permissions. The permissions can be changed or set for each module separately depending on the role.', NULL, NULL, NULL, 0, '2003-12-22 09:59:26.344', 0, '2003-12-22 09:59:26.344', true);
INSERT INTO help_contents VALUES (276, 9, 9, 'Admin.do', 'Config', NULL, 'Configure Modules', 'This page lets you configure modules that meet the needs of your organization, including configuration of lookup lists and custom fields. Depending on permissions, each module that you can configure is listed and each module has a different number of configure options. The changes typically affect all users immediately.', NULL, NULL, NULL, 0, '2003-12-22 09:59:26.353', 0, '2003-12-22 09:59:26.353', true);
INSERT INTO help_contents VALUES (277, 9, 9, 'Admin.do', 'ConfigDetails', NULL, 'Configuration Options ', 'You can configure different options in each module.The following are some of the configuration options that you might see in the modules. Some of these options are specific to the module so they might NOT be present in all the modules.', NULL, NULL, NULL, 0, '2003-12-22 09:59:26.371', 0, '2003-12-22 09:59:26.371', true);
INSERT INTO help_contents VALUES (278, 9, 9, 'Admin.do', 'ModifyList', NULL, 'Edit Lookup List ', 'This page lets you edit and add to the list items.', NULL, NULL, NULL, 0, '2003-12-22 09:59:26.399', 0, '2003-12-22 09:59:26.399', true);
INSERT INTO help_contents VALUES (279, 9, 9, 'AdminFieldsFolder.do', 'AddFolder', NULL, 'Adding a New Folder', 'Add/Update the existing folder here', NULL, NULL, NULL, 0, '2003-12-22 09:59:26.412', 0, '2003-12-22 09:59:26.412', true);
INSERT INTO help_contents VALUES (280, 9, 9, 'AdminFieldsFolder.do', 'ModifyFolder', NULL, 'Modify Existing Folder', 'Update the existing folder here', NULL, NULL, NULL, 0, '2003-12-22 09:59:26.42', 0, '2003-12-22 09:59:26.42', true);
INSERT INTO help_contents VALUES (281, 9, 9, 'AdminConfig.do', 'ListGlobalParams', NULL, 'Configure System', 'You can configure the system for the session idle timeout and set the time for the time out.', NULL, NULL, NULL, 0, '2003-12-22 09:59:26.432', 0, '2003-12-22 09:59:26.432', true);
INSERT INTO help_contents VALUES (282, 9, 9, 'AdminConfig.do', 'ModifyTimeout', NULL, 'Modify Timeout ', 'The session timeout is the time in which a user will automatically be logged out if the specified period of inactivity is reached.
', NULL, NULL, NULL, 0, '2003-12-22 09:59:26.441', 0, '2003-12-22 09:59:26.441', true);
INSERT INTO help_contents VALUES (283, 9, 9, 'Admin.do', 'Usage', NULL, 'Resource Usage Details', 'Current System Usage and Billing Usage Information are displayed.', NULL, NULL, NULL, 0, '2003-12-22 09:59:26.449', 0, '2003-12-22 09:59:26.449', true);
INSERT INTO help_contents VALUES (284, 9, 9, 'Admin.do ', NULL, NULL, NULL, NULL, NULL, NULL, NULL, 0, '2003-12-22 09:59:26.465', 0, '2003-12-22 09:59:26.465', true);
INSERT INTO help_contents VALUES (285, 9, 9, 'Users.do', 'DisableUserConfirm', NULL, NULL, NULL, NULL, NULL, NULL, 0, '2003-12-22 09:59:26.47', 0, '2003-12-22 09:59:26.47', true);
INSERT INTO help_contents VALUES (286, 9, 9, 'AdminFieldsFolder.do', NULL, NULL, 'Custom Folders ', 'This page lists all the custom folders created in the General Contacts; let''s you edit them and also allow you to enable/disable the folders.', NULL, NULL, NULL, 0, '2003-12-22 09:59:26.475', 0, '2003-12-22 09:59:26.475', true);
INSERT INTO help_contents VALUES (287, 9, 9, 'AdminFieldsFolder.do', 'ListFolders', NULL, 'List of Custom Folders ', 'This page lists all the custom folders created in the General Contacts; let''s you edit them and also allow you to enable/disable the folders.
', NULL, NULL, NULL, 0, '2003-12-22 09:59:26.503', 0, '2003-12-22 09:59:26.503', true);
INSERT INTO help_contents VALUES (288, 9, 9, 'AdminFields.do', 'ModifyField', NULL, NULL, NULL, NULL, NULL, NULL, 0, '2003-12-22 09:59:26.526', 0, '2003-12-22 09:59:26.526', true);
INSERT INTO help_contents VALUES (289, 9, 9, 'Admin.do', 'ListGlobalParams', NULL, NULL, NULL, NULL, NULL, NULL, 0, '2003-12-22 09:59:26.531', 0, '2003-12-22 09:59:26.531', true);
INSERT INTO help_contents VALUES (290, 9, 9, 'Admin.do', 'ModifyTimeout', NULL, NULL, NULL, NULL, NULL, NULL, 0, '2003-12-22 09:59:26.536', 0, '2003-12-22 09:59:26.536', true);
INSERT INTO help_contents VALUES (291, 9, 9, 'AdminObjectEvents.do', NULL, NULL, 'Object Events:', 'The list of Object Events are displayed along with the corresponding Triggered Processes. The number of components and whether that Object Event is available or not is also shown.', NULL, NULL, NULL, 0, '2003-12-22 09:59:26.541', 0, '2003-12-22 09:59:26.541', true);
INSERT INTO help_contents VALUES (292, 9, 9, 'AdminFieldsGroup.do', 'AddGroup', NULL, NULL, 'Add a group', NULL, NULL, NULL, 0, '2003-12-22 09:59:26.557', 0, '2003-12-22 09:59:26.557', true);
INSERT INTO help_contents VALUES (293, 9, 9, 'AdminFields.do', 'AddField', NULL, NULL, NULL, NULL, NULL, NULL, 0, '2003-12-22 09:59:26.566', 0, '2003-12-22 09:59:26.566', true);
INSERT INTO help_contents VALUES (294, 9, 9, 'Admin.do', 'UpdateList', NULL, NULL, 'The Lookup List displays all the list names, which can be edited, the number of items can be known and the ones present can be previewed.

', NULL, NULL, NULL, 0, '2003-12-22 09:59:26.571', 0, '2003-12-22 09:59:26.571', true);
INSERT INTO help_contents VALUES (295, 9, 9, 'AdminScheduledEvents.do', NULL, NULL, NULL, NULL, NULL, NULL, NULL, 0, '2003-12-22 09:59:26.585', 0, '2003-12-22 09:59:26.585', true);
INSERT INTO help_contents VALUES (296, 9, 9, 'Admin.do', 'Config ', NULL, NULL, NULL, NULL, NULL, NULL, 0, '2003-12-22 09:59:26.589', 0, '2003-12-22 09:59:26.589', true);
INSERT INTO help_contents VALUES (297, 9, 9, 'Admin.do', 'EditLists', NULL, 'Lookup Lists ', 'The Lookup List displays all the list names, which can be edited, the number of items is displayed and the ones present can be previewed.', NULL, NULL, NULL, 0, '2003-12-22 09:59:26.595', 0, '2003-12-22 09:59:26.595', true);
INSERT INTO help_contents VALUES (298, 9, 9, 'AdminFieldsGroup.do', 'ListGroups', NULL, 'Folder Details', 'This page lists the folder details and the groups added to this folder. Each group can further have a custom field created or deleted. You can also place it in the desired position in the dropdown list.', NULL, NULL, NULL, 0, '2003-12-22 09:59:26.608', 0, '2003-12-22 09:59:26.608', true);
INSERT INTO help_contents VALUES (299, 9, 9, 'AdminCategories.do', 'ViewActive', NULL, 'Active Category Details', 'The four different levels for the "Active" and "Draft" categories are displayed. The level1 has the category name, which is further classified into sub directories/levels. The level1 has the sublevel called level2 which in turn has sublevel called level3 and so on.

', NULL, NULL, NULL, 0, '2003-12-22 09:59:26.64', 0, '2003-12-22 09:59:26.64', true);
INSERT INTO help_contents VALUES (300, 9, 9, 'AdminCategories.do', 'View', NULL, 'Draft Category Details', 'The four different levels for the active and the draft categories are displayed. The level1 has the category name, which is further classified into sub directories/levels. The level1 has the sublevel called level2 which in turn has sublevel called level3 and so on. The draft categories can be edited and activated. The activated draft categories would be then reflected in the Active Categories list. The modified/updated draft category can also be reverted to its original state.', NULL, NULL, NULL, 0, '2003-12-22 09:59:26.653', 0, '2003-12-22 09:59:26.653', true);
INSERT INTO help_contents VALUES (301, 9, 9, 'Users.do', 'InsertUserForm ', NULL, NULL, NULL, NULL, NULL, NULL, 0, '2003-12-22 09:59:26.676', 0, '2003-12-22 09:59:26.676', true);
INSERT INTO help_contents VALUES (302, 9, 9, 'Users.do', 'UpdateUser', NULL, NULL, NULL, NULL, NULL, NULL, 0, '2003-12-22 09:59:26.682', 0, '2003-12-22 09:59:26.682', true);
INSERT INTO help_contents VALUES (303, 9, 9, 'Users.do', 'AddUser', NULL, NULL, NULL, NULL, NULL, NULL, 0, '2003-12-22 09:59:26.687', 0, '2003-12-22 09:59:26.687', true);
INSERT INTO help_contents VALUES (304, 9, 9, 'Users.do', 'UserDetails', NULL, 'User Details', 'This form provides the administrator with more information about the user, namely information pertaining to the users login history and view points.', NULL, NULL, NULL, 0, '2003-12-22 09:59:26.692', 0, '2003-12-22 09:59:26.692', true);
INSERT INTO help_contents VALUES (305, 9, 9, 'Roles.do', NULL, NULL, NULL, NULL, NULL, NULL, NULL, 0, '2003-12-22 09:59:26.712', 0, '2003-12-22 09:59:26.712', true);
INSERT INTO help_contents VALUES (306, 9, 9, 'Roles.do', 'ListRoles ', NULL, NULL, NULL, NULL, NULL, NULL, 0, '2003-12-22 09:59:26.717', 0, '2003-12-22 09:59:26.717', true);
INSERT INTO help_contents VALUES (307, 9, 9, 'Viewpoints.do', 'InsertViewpoint ', NULL, NULL, NULL, NULL, NULL, NULL, 0, '2003-12-22 09:59:26.722', 0, '2003-12-22 09:59:26.722', true);
INSERT INTO help_contents VALUES (308, 9, 9, 'Viewpoints.do', 'InsertViewpoint', NULL, NULL, NULL, NULL, NULL, NULL, 0, '2003-12-22 09:59:26.727', 0, '2003-12-22 09:59:26.727', true);
INSERT INTO help_contents VALUES (309, 9, 9, 'Admin.do', NULL, NULL, 'Overview', 'You are looking at the Admin module home page. Here you can manage the system by reviewing its usage, configuring specific modules and system parameters. 
', NULL, NULL, NULL, 0, '2003-12-22 09:59:26.732', 0, '2003-12-22 09:59:26.732', true);
INSERT INTO help_contents VALUES (310, 11, 11, 'Search.do', 'SiteSearch ', NULL, NULL, NULL, NULL, NULL, NULL, 0, '2003-12-22 09:59:26.85', 0, '2003-12-22 09:59:26.85', true);
INSERT INTO help_contents VALUES (311, 11, 11, 'Search.do', 'SiteSearch', NULL, 'General Search', 'You can search the system for data associated with a particular key term. This can be done using the search data text box present on the left side of the window. The data associated with the corresponding key term is looked for in different modules for a match and the results are displayed per module. The search results are shown with detail description.', NULL, NULL, NULL, 0, '2003-12-22 09:59:26.857', 0, '2003-12-22 09:59:26.857', true);


--
-- Data for TOC entry 646 (OID 132833)
-- Name: help_tableof_contents; Type: TABLE DATA; Schema: public; Owner: matt
--

INSERT INTO help_tableof_contents VALUES (1, 'Modules', NULL, NULL, NULL, NULL, 1, 5, 0, '2003-12-22 09:59:26.889', 0, '2003-12-22 09:59:26.889', true);
INSERT INTO help_tableof_contents VALUES (2, 'My Home Page', NULL, NULL, 1, 12, 2, 5, 0, '2003-12-22 09:59:26.947', 0, '2003-12-22 09:59:26.947', true);
INSERT INTO help_tableof_contents VALUES (3, 'Overview', NULL, NULL, 2, 12, 3, 5, 0, '2003-12-22 09:59:26.954', 0, '2003-12-22 09:59:26.954', true);
INSERT INTO help_tableof_contents VALUES (4, 'Mailbox', NULL, NULL, 2, 12, 3, 10, 0, '2003-12-22 09:59:26.972', 0, '2003-12-22 09:59:26.972', true);
INSERT INTO help_tableof_contents VALUES (5, 'Message Details', NULL, NULL, 4, 12, 4, 15, 0, '2003-12-22 09:59:26.981', 0, '2003-12-22 09:59:26.981', true);
INSERT INTO help_tableof_contents VALUES (6, 'New Message ', NULL, NULL, 4, 12, 4, 20, 0, '2003-12-22 09:59:26.99', 0, '2003-12-22 09:59:26.99', true);
INSERT INTO help_tableof_contents VALUES (7, 'Reply Message', NULL, NULL, 4, 12, 4, 25, 0, '2003-12-22 09:59:26.998', 0, '2003-12-22 09:59:26.998', true);
INSERT INTO help_tableof_contents VALUES (8, 'SendMessage', NULL, NULL, 4, 12, 4, 30, 0, '2003-12-22 09:59:27.007', 0, '2003-12-22 09:59:27.007', true);
INSERT INTO help_tableof_contents VALUES (9, 'Forward message', NULL, NULL, 4, 12, 4, 35, 0, '2003-12-22 09:59:27.015', 0, '2003-12-22 09:59:27.015', true);
INSERT INTO help_tableof_contents VALUES (10, 'Tasks', NULL, NULL, 2, 12, 3, 40, 0, '2003-12-22 09:59:27.024', 0, '2003-12-22 09:59:27.024', true);
INSERT INTO help_tableof_contents VALUES (11, 'Advanced Task', NULL, NULL, 10, 12, 4, 45, 0, '2003-12-22 09:59:27.032', 0, '2003-12-22 09:59:27.032', true);
INSERT INTO help_tableof_contents VALUES (12, 'Forwarding a Task ', NULL, NULL, 10, 12, 4, 50, 0, '2003-12-22 09:59:27.041', 0, '2003-12-22 09:59:27.041', true);
INSERT INTO help_tableof_contents VALUES (13, 'Modify task', NULL, NULL, 10, 12, 4, 55, 0, '2003-12-22 09:59:27.049', 0, '2003-12-22 09:59:27.049', true);
INSERT INTO help_tableof_contents VALUES (14, 'Action Lists', NULL, NULL, 2, 12, 3, 60, 0, '2003-12-22 09:59:27.058', 0, '2003-12-22 09:59:27.058', true);
INSERT INTO help_tableof_contents VALUES (15, 'Action Contacts', NULL, NULL, 14, 12, 4, 65, 0, '2003-12-22 09:59:27.067', 0, '2003-12-22 09:59:27.067', true);
INSERT INTO help_tableof_contents VALUES (16, 'Add Action List', NULL, NULL, 14, 12, 4, 70, 0, '2003-12-22 09:59:27.075', 0, '2003-12-22 09:59:27.075', true);
INSERT INTO help_tableof_contents VALUES (17, 'Modify Action', NULL, NULL, 14, 12, 4, 75, 0, '2003-12-22 09:59:27.084', 0, '2003-12-22 09:59:27.084', true);
INSERT INTO help_tableof_contents VALUES (18, 'Re-assignments', NULL, NULL, 2, 12, 3, 80, 0, '2003-12-22 09:59:27.092', 0, '2003-12-22 09:59:27.092', true);
INSERT INTO help_tableof_contents VALUES (19, 'My Settings', NULL, NULL, 2, 12, 3, 85, 0, '2003-12-22 09:59:27.101', 0, '2003-12-22 09:59:27.101', true);
INSERT INTO help_tableof_contents VALUES (20, 'Personal Information ', NULL, NULL, 19, 12, 4, 90, 0, '2003-12-22 09:59:27.109', 0, '2003-12-22 09:59:27.109', true);
INSERT INTO help_tableof_contents VALUES (21, 'Location Settings', NULL, NULL, 19, 12, 4, 95, 0, '2003-12-22 09:59:27.118', 0, '2003-12-22 09:59:27.118', true);
INSERT INTO help_tableof_contents VALUES (22, 'Update password', NULL, NULL, 19, 12, 4, 100, 0, '2003-12-22 09:59:27.126', 0, '2003-12-22 09:59:27.126', true);
INSERT INTO help_tableof_contents VALUES (23, 'Contacts', NULL, NULL, 1, 2, 2, 10, 0, '2003-12-22 09:59:27.134', 0, '2003-12-22 09:59:27.134', true);
INSERT INTO help_tableof_contents VALUES (24, 'Add a Contact', NULL, NULL, 23, 2, 3, 5, 0, '2003-12-22 09:59:27.139', 0, '2003-12-22 09:59:27.139', true);
INSERT INTO help_tableof_contents VALUES (25, 'Search Contacts ', NULL, NULL, 23, 2, 3, 10, 0, '2003-12-22 09:59:27.148', 0, '2003-12-22 09:59:27.148', true);
INSERT INTO help_tableof_contents VALUES (26, 'Export Data ', NULL, NULL, 23, 2, 3, 15, 0, '2003-12-22 09:59:27.156', 0, '2003-12-22 09:59:27.156', true);
INSERT INTO help_tableof_contents VALUES (27, 'Exporting data', NULL, NULL, 23, 2, 3, 20, 0, '2003-12-22 09:59:27.166', 0, '2003-12-22 09:59:27.166', true);
INSERT INTO help_tableof_contents VALUES (28, 'Pipeline', NULL, NULL, 1, 4, 2, 15, 0, '2003-12-22 09:59:27.175', 0, '2003-12-22 09:59:27.175', true);
INSERT INTO help_tableof_contents VALUES (29, 'Overview', NULL, NULL, 28, 4, 3, 5, 0, '2003-12-22 09:59:27.18', 0, '2003-12-22 09:59:27.18', true);
INSERT INTO help_tableof_contents VALUES (30, 'Add a Opportunity', NULL, NULL, 28, 4, 3, 10, 0, '2003-12-22 09:59:27.19', 0, '2003-12-22 09:59:27.19', true);
INSERT INTO help_tableof_contents VALUES (31, 'Search Opportunities ', NULL, NULL, 28, 4, 3, 15, 0, '2003-12-22 09:59:27.199', 0, '2003-12-22 09:59:27.199', true);
INSERT INTO help_tableof_contents VALUES (32, 'Export Data', NULL, NULL, 28, 4, 3, 20, 0, '2003-12-22 09:59:27.209', 0, '2003-12-22 09:59:27.209', true);
INSERT INTO help_tableof_contents VALUES (33, 'Accounts', NULL, NULL, 1, 1, 2, 20, 0, '2003-12-22 09:59:27.218', 0, '2003-12-22 09:59:27.218', true);
INSERT INTO help_tableof_contents VALUES (34, 'Overview', NULL, NULL, 33, 1, 3, 5, 0, '2003-12-22 09:59:27.223', 0, '2003-12-22 09:59:27.223', true);
INSERT INTO help_tableof_contents VALUES (35, 'Add an Account', NULL, NULL, 33, 1, 3, 10, 0, '2003-12-22 09:59:27.232', 0, '2003-12-22 09:59:27.232', true);
INSERT INTO help_tableof_contents VALUES (36, 'Modify Account', NULL, NULL, 33, 1, 3, 15, 0, '2003-12-22 09:59:27.24', 0, '2003-12-22 09:59:27.24', true);
INSERT INTO help_tableof_contents VALUES (37, 'Contact Details', NULL, NULL, 36, 1, 4, 20, 0, '2003-12-22 09:59:27.249', 0, '2003-12-22 09:59:27.249', true);
INSERT INTO help_tableof_contents VALUES (38, 'Folder Record Details', NULL, NULL, 36, 1, 4, 25, 0, '2003-12-22 09:59:27.257', 0, '2003-12-22 09:59:27.257', true);
INSERT INTO help_tableof_contents VALUES (39, 'Opportunity Details', NULL, NULL, 36, 1, 4, 30, 0, '2003-12-22 09:59:27.266', 0, '2003-12-22 09:59:27.266', true);
INSERT INTO help_tableof_contents VALUES (40, 'Revenue Details', NULL, NULL, 36, 1, 4, 35, 0, '2003-12-22 09:59:27.274', 0, '2003-12-22 09:59:27.274', true);
INSERT INTO help_tableof_contents VALUES (41, 'Revenue Details', NULL, NULL, 40, 1, 5, 40, 0, '2003-12-22 09:59:27.283', 0, '2003-12-22 09:59:27.283', true);
INSERT INTO help_tableof_contents VALUES (42, 'Add Revenue ', NULL, NULL, 40, 1, 5, 45, 0, '2003-12-22 09:59:27.292', 0, '2003-12-22 09:59:27.292', true);
INSERT INTO help_tableof_contents VALUES (43, 'Modify Revenue ', NULL, NULL, 40, 1, 5, 50, 0, '2003-12-22 09:59:27.30', 0, '2003-12-22 09:59:27.30', true);
INSERT INTO help_tableof_contents VALUES (44, 'Ticket Details', NULL, NULL, 36, 1, 4, 55, 0, '2003-12-22 09:59:27.309', 0, '2003-12-22 09:59:27.309', true);
INSERT INTO help_tableof_contents VALUES (45, 'Document Details', NULL, NULL, 36, 1, 4, 60, 0, '2003-12-22 09:59:27.318', 0, '2003-12-22 09:59:27.318', true);
INSERT INTO help_tableof_contents VALUES (46, 'Search Accounts ', NULL, NULL, 33, 1, 3, 65, 0, '2003-12-22 09:59:27.327', 0, '2003-12-22 09:59:27.327', true);
INSERT INTO help_tableof_contents VALUES (47, 'Account Details', NULL, NULL, 33, 1, 3, 70, 0, '2003-12-22 09:59:27.335', 0, '2003-12-22 09:59:27.335', true);
INSERT INTO help_tableof_contents VALUES (48, 'Revenue Dashboard ', NULL, NULL, 33, 1, 3, 75, 0, '2003-12-22 09:59:27.343', 0, '2003-12-22 09:59:27.343', true);
INSERT INTO help_tableof_contents VALUES (49, 'Export Data ', NULL, NULL, 33, 1, 3, 80, 0, '2003-12-22 09:59:27.352', 0, '2003-12-22 09:59:27.352', true);
INSERT INTO help_tableof_contents VALUES (50, 'Communications', NULL, NULL, 1, 6, 2, 25, 0, '2003-12-22 09:59:27.36', 0, '2003-12-22 09:59:27.36', true);
INSERT INTO help_tableof_contents VALUES (51, 'Communications Dashboard ', NULL, NULL, 50, 6, 3, 5, 0, '2003-12-22 09:59:27.365', 0, '2003-12-22 09:59:27.365', true);
INSERT INTO help_tableof_contents VALUES (52, 'Add a campaign', NULL, NULL, 50, 6, 3, 10, 0, '2003-12-22 09:59:27.375', 0, '2003-12-22 09:59:27.375', true);
INSERT INTO help_tableof_contents VALUES (53, 'Campaign List ', NULL, NULL, 50, 6, 3, 15, 0, '2003-12-22 09:59:27.383', 0, '2003-12-22 09:59:27.383', true);
INSERT INTO help_tableof_contents VALUES (54, 'View Groups ', NULL, NULL, 50, 6, 3, 20, 0, '2003-12-22 09:59:27.398', 0, '2003-12-22 09:59:27.398', true);
INSERT INTO help_tableof_contents VALUES (55, 'Add a Group', NULL, NULL, 50, 6, 3, 25, 0, '2003-12-22 09:59:27.406', 0, '2003-12-22 09:59:27.406', true);
INSERT INTO help_tableof_contents VALUES (56, 'Message List ', NULL, NULL, 50, 6, 3, 30, 0, '2003-12-22 09:59:27.415', 0, '2003-12-22 09:59:27.415', true);
INSERT INTO help_tableof_contents VALUES (57, 'Adding a Message', NULL, NULL, 50, 6, 3, 35, 0, '2003-12-22 09:59:27.423', 0, '2003-12-22 09:59:27.423', true);
INSERT INTO help_tableof_contents VALUES (58, 'Create Attachments ', NULL, NULL, 50, 6, 3, 40, 0, '2003-12-22 09:59:27.432', 0, '2003-12-22 09:59:27.432', true);
INSERT INTO help_tableof_contents VALUES (59, 'Help Desk', NULL, NULL, 1, 8, 2, 30, 0, '2003-12-22 09:59:27.44', 0, '2003-12-22 09:59:27.44', true);
INSERT INTO help_tableof_contents VALUES (60, 'Ticket Details ', NULL, NULL, 59, 8, 3, 5, 0, '2003-12-22 09:59:27.445', 0, '2003-12-22 09:59:27.445', true);
INSERT INTO help_tableof_contents VALUES (61, 'Add a Ticket', NULL, NULL, 59, 8, 3, 10, 0, '2003-12-22 09:59:27.454', 0, '2003-12-22 09:59:27.454', true);
INSERT INTO help_tableof_contents VALUES (62, 'Search Existing Tickets', NULL, NULL, 59, 8, 3, 15, 0, '2003-12-22 09:59:27.463', 0, '2003-12-22 09:59:27.463', true);
INSERT INTO help_tableof_contents VALUES (63, 'Export Data ', NULL, NULL, 59, 8, 3, 20, 0, '2003-12-22 09:59:27.471', 0, '2003-12-22 09:59:27.471', true);
INSERT INTO help_tableof_contents VALUES (64, 'Modify Ticket Details', NULL, NULL, 59, 8, 3, 25, 0, '2003-12-22 09:59:27.479', 0, '2003-12-22 09:59:27.479', true);
INSERT INTO help_tableof_contents VALUES (65, 'Modify Ticket Details', NULL, NULL, 64, 8, 4, 30, 0, '2003-12-22 09:59:27.488', 0, '2003-12-22 09:59:27.488', true);
INSERT INTO help_tableof_contents VALUES (66, 'List of Tasks', NULL, NULL, 64, 8, 4, 35, 0, '2003-12-22 09:59:27.497', 0, '2003-12-22 09:59:27.497', true);
INSERT INTO help_tableof_contents VALUES (67, 'List of Documents ', NULL, NULL, 64, 8, 4, 40, 0, '2003-12-22 09:59:27.506', 0, '2003-12-22 09:59:27.506', true);
INSERT INTO help_tableof_contents VALUES (68, 'List of Folder Records', NULL, NULL, 64, 8, 4, 45, 0, '2003-12-22 09:59:27.514', 0, '2003-12-22 09:59:27.514', true);
INSERT INTO help_tableof_contents VALUES (69, 'Add Folder Record', NULL, NULL, 64, 8, 4, 50, 0, '2003-12-22 09:59:27.523', 0, '2003-12-22 09:59:27.523', true);
INSERT INTO help_tableof_contents VALUES (70, 'Ticket Log History', NULL, NULL, 64, 8, 4, 55, 0, '2003-12-22 09:59:27.531', 0, '2003-12-22 09:59:27.531', true);
INSERT INTO help_tableof_contents VALUES (71, 'Employees', NULL, NULL, 1, 15, 2, 35, 0, '2003-12-22 09:59:27.54', 0, '2003-12-22 09:59:27.54', true);
INSERT INTO help_tableof_contents VALUES (72, 'Overview', NULL, NULL, 71, 15, 3, 5, 0, '2003-12-22 09:59:27.545', 0, '2003-12-22 09:59:27.545', true);
INSERT INTO help_tableof_contents VALUES (73, 'Employee Details ', NULL, NULL, 71, 15, 3, 10, 0, '2003-12-22 09:59:27.553', 0, '2003-12-22 09:59:27.553', true);
INSERT INTO help_tableof_contents VALUES (74, 'Add an Employee', NULL, NULL, 71, 15, 3, 15, 0, '2003-12-22 09:59:27.561', 0, '2003-12-22 09:59:27.561', true);
INSERT INTO help_tableof_contents VALUES (75, 'Modify Employee Details ', NULL, NULL, 71, 15, 3, 20, 0, '2003-12-22 09:59:27.57', 0, '2003-12-22 09:59:27.57', true);
INSERT INTO help_tableof_contents VALUES (76, 'Reports', NULL, NULL, 1, 14, 2, 40, 0, '2003-12-22 09:59:27.578', 0, '2003-12-22 09:59:27.578', true);
INSERT INTO help_tableof_contents VALUES (77, 'Overview', NULL, NULL, 76, 14, 3, 5, 0, '2003-12-22 09:59:27.583', 0, '2003-12-22 09:59:27.583', true);
INSERT INTO help_tableof_contents VALUES (78, 'List of Modules', NULL, NULL, 76, 14, 3, 10, 0, '2003-12-22 09:59:27.592', 0, '2003-12-22 09:59:27.592', true);
INSERT INTO help_tableof_contents VALUES (79, 'Admin', NULL, NULL, 1, 9, 2, 45, 0, '2003-12-22 09:59:27.601', 0, '2003-12-22 09:59:27.601', true);
INSERT INTO help_tableof_contents VALUES (80, 'List of Users', NULL, NULL, 79, 9, 3, 5, 0, '2003-12-22 09:59:27.606', 0, '2003-12-22 09:59:27.606', true);
INSERT INTO help_tableof_contents VALUES (81, 'Adding a New User', NULL, NULL, 80, 9, 4, 10, 0, '2003-12-22 09:59:27.618', 0, '2003-12-22 09:59:27.618', true);
INSERT INTO help_tableof_contents VALUES (82, 'Modify User Details', NULL, NULL, 80, 9, 4, 15, 0, '2003-12-22 09:59:27.626', 0, '2003-12-22 09:59:27.626', true);
INSERT INTO help_tableof_contents VALUES (83, 'User Login History', NULL, NULL, 80, 9, 4, 20, 0, '2003-12-22 09:59:27.634', 0, '2003-12-22 09:59:27.634', true);
INSERT INTO help_tableof_contents VALUES (84, 'Viewpoints of User', NULL, NULL, 80, 9, 4, 25, 0, '2003-12-22 09:59:27.643', 0, '2003-12-22 09:59:27.643', true);
INSERT INTO help_tableof_contents VALUES (85, 'Add Viewpoint', NULL, NULL, 84, 9, 5, 30, 0, '2003-12-22 09:59:27.653', 0, '2003-12-22 09:59:27.653', true);
INSERT INTO help_tableof_contents VALUES (86, 'Update Viewpoint ', NULL, NULL, 84, 9, 5, 35, 0, '2003-12-22 09:59:27.662', 0, '2003-12-22 09:59:27.662', true);
INSERT INTO help_tableof_contents VALUES (87, 'List of Roles', NULL, NULL, 79, 9, 3, 40, 0, '2003-12-22 09:59:27.67', 0, '2003-12-22 09:59:27.67', true);
INSERT INTO help_tableof_contents VALUES (88, 'Add a New Role', NULL, NULL, 87, 9, 4, 45, 0, '2003-12-22 09:59:27.679', 0, '2003-12-22 09:59:27.679', true);
INSERT INTO help_tableof_contents VALUES (89, 'Update Role ', NULL, NULL, 87, 9, 4, 50, 0, '2003-12-22 09:59:27.688', 0, '2003-12-22 09:59:27.688', true);
INSERT INTO help_tableof_contents VALUES (90, 'Configure Modules', NULL, NULL, 79, 9, 3, 55, 0, '2003-12-22 09:59:27.696', 0, '2003-12-22 09:59:27.696', true);
INSERT INTO help_tableof_contents VALUES (91, 'Configuration Options ', NULL, NULL, 90, 9, 4, 60, 0, '2003-12-22 09:59:27.705', 0, '2003-12-22 09:59:27.705', true);
INSERT INTO help_tableof_contents VALUES (92, 'Edit Lookup List ', NULL, NULL, 91, 9, 5, 65, 0, '2003-12-22 09:59:27.713', 0, '2003-12-22 09:59:27.713', true);
INSERT INTO help_tableof_contents VALUES (93, 'Adding a New Folder', NULL, NULL, 91, 9, 5, 70, 0, '2003-12-22 09:59:27.722', 0, '2003-12-22 09:59:27.722', true);
INSERT INTO help_tableof_contents VALUES (94, 'Modify Existing Folder', NULL, NULL, 91, 9, 5, 75, 0, '2003-12-22 09:59:27.731', 0, '2003-12-22 09:59:27.731', true);
INSERT INTO help_tableof_contents VALUES (95, 'Configure System', NULL, NULL, 79, 9, 3, 80, 0, '2003-12-22 09:59:27.742', 0, '2003-12-22 09:59:27.742', true);
INSERT INTO help_tableof_contents VALUES (96, 'Modify Timeout ', NULL, NULL, 95, 9, 4, 85, 0, '2003-12-22 09:59:27.756', 0, '2003-12-22 09:59:27.756', true);
INSERT INTO help_tableof_contents VALUES (97, 'Resource Usage Details', NULL, NULL, 79, 9, 3, 90, 0, '2003-12-22 09:59:27.764', 0, '2003-12-22 09:59:27.764', true);


--
-- Data for TOC entry 647 (OID 132867)
-- Name: help_tableofcontentitem_links; Type: TABLE DATA; Schema: public; Owner: matt
--

INSERT INTO help_tableofcontentitem_links VALUES (1, 3, 1, 0, '2003-12-22 09:59:26.959', 0, '2003-12-22 09:59:26.959', true);
INSERT INTO help_tableofcontentitem_links VALUES (2, 4, 2, 0, '2003-12-22 09:59:26.977', 0, '2003-12-22 09:59:26.977', true);
INSERT INTO help_tableofcontentitem_links VALUES (3, 5, 3, 0, '2003-12-22 09:59:26.986', 0, '2003-12-22 09:59:26.986', true);
INSERT INTO help_tableofcontentitem_links VALUES (4, 6, 4, 0, '2003-12-22 09:59:26.995', 0, '2003-12-22 09:59:26.995', true);
INSERT INTO help_tableofcontentitem_links VALUES (5, 7, 5, 0, '2003-12-22 09:59:27.003', 0, '2003-12-22 09:59:27.003', true);
INSERT INTO help_tableofcontentitem_links VALUES (6, 8, 6, 0, '2003-12-22 09:59:27.011', 0, '2003-12-22 09:59:27.011', true);
INSERT INTO help_tableofcontentitem_links VALUES (7, 9, 7, 0, '2003-12-22 09:59:27.02', 0, '2003-12-22 09:59:27.02', true);
INSERT INTO help_tableofcontentitem_links VALUES (8, 10, 8, 0, '2003-12-22 09:59:27.028', 0, '2003-12-22 09:59:27.028', true);
INSERT INTO help_tableofcontentitem_links VALUES (9, 11, 9, 0, '2003-12-22 09:59:27.037', 0, '2003-12-22 09:59:27.037', true);
INSERT INTO help_tableofcontentitem_links VALUES (10, 12, 10, 0, '2003-12-22 09:59:27.045', 0, '2003-12-22 09:59:27.045', true);
INSERT INTO help_tableofcontentitem_links VALUES (11, 13, 11, 0, '2003-12-22 09:59:27.054', 0, '2003-12-22 09:59:27.054', true);
INSERT INTO help_tableofcontentitem_links VALUES (12, 14, 12, 0, '2003-12-22 09:59:27.063', 0, '2003-12-22 09:59:27.063', true);
INSERT INTO help_tableofcontentitem_links VALUES (13, 15, 13, 0, '2003-12-22 09:59:27.071', 0, '2003-12-22 09:59:27.071', true);
INSERT INTO help_tableofcontentitem_links VALUES (14, 16, 14, 0, '2003-12-22 09:59:27.08', 0, '2003-12-22 09:59:27.08', true);
INSERT INTO help_tableofcontentitem_links VALUES (15, 17, 15, 0, '2003-12-22 09:59:27.088', 0, '2003-12-22 09:59:27.088', true);
INSERT INTO help_tableofcontentitem_links VALUES (16, 18, 16, 0, '2003-12-22 09:59:27.097', 0, '2003-12-22 09:59:27.097', true);
INSERT INTO help_tableofcontentitem_links VALUES (17, 19, 17, 0, '2003-12-22 09:59:27.105', 0, '2003-12-22 09:59:27.105', true);
INSERT INTO help_tableofcontentitem_links VALUES (18, 20, 18, 0, '2003-12-22 09:59:27.114', 0, '2003-12-22 09:59:27.114', true);
INSERT INTO help_tableofcontentitem_links VALUES (19, 21, 19, 0, '2003-12-22 09:59:27.122', 0, '2003-12-22 09:59:27.122', true);
INSERT INTO help_tableofcontentitem_links VALUES (20, 22, 20, 0, '2003-12-22 09:59:27.131', 0, '2003-12-22 09:59:27.131', true);
INSERT INTO help_tableofcontentitem_links VALUES (21, 24, 34, 0, '2003-12-22 09:59:27.144', 0, '2003-12-22 09:59:27.144', true);
INSERT INTO help_tableofcontentitem_links VALUES (22, 25, 35, 0, '2003-12-22 09:59:27.153', 0, '2003-12-22 09:59:27.153', true);
INSERT INTO help_tableofcontentitem_links VALUES (23, 26, 36, 0, '2003-12-22 09:59:27.161', 0, '2003-12-22 09:59:27.161', true);
INSERT INTO help_tableofcontentitem_links VALUES (24, 27, 37, 0, '2003-12-22 09:59:27.171', 0, '2003-12-22 09:59:27.171', true);
INSERT INTO help_tableofcontentitem_links VALUES (25, 29, 78, 0, '2003-12-22 09:59:27.186', 0, '2003-12-22 09:59:27.186', true);
INSERT INTO help_tableofcontentitem_links VALUES (26, 30, 79, 0, '2003-12-22 09:59:27.195', 0, '2003-12-22 09:59:27.195', true);
INSERT INTO help_tableofcontentitem_links VALUES (27, 31, 80, 0, '2003-12-22 09:59:27.206', 0, '2003-12-22 09:59:27.206', true);
INSERT INTO help_tableofcontentitem_links VALUES (28, 32, 81, 0, '2003-12-22 09:59:27.214', 0, '2003-12-22 09:59:27.214', true);
INSERT INTO help_tableofcontentitem_links VALUES (29, 34, 111, 0, '2003-12-22 09:59:27.228', 0, '2003-12-22 09:59:27.228', true);
INSERT INTO help_tableofcontentitem_links VALUES (30, 35, 112, 0, '2003-12-22 09:59:27.237', 0, '2003-12-22 09:59:27.237', true);
INSERT INTO help_tableofcontentitem_links VALUES (31, 36, 113, 0, '2003-12-22 09:59:27.245', 0, '2003-12-22 09:59:27.245', true);
INSERT INTO help_tableofcontentitem_links VALUES (32, 37, 114, 0, '2003-12-22 09:59:27.254', 0, '2003-12-22 09:59:27.254', true);
INSERT INTO help_tableofcontentitem_links VALUES (33, 38, 115, 0, '2003-12-22 09:59:27.262', 0, '2003-12-22 09:59:27.262', true);
INSERT INTO help_tableofcontentitem_links VALUES (34, 39, 116, 0, '2003-12-22 09:59:27.271', 0, '2003-12-22 09:59:27.271', true);
INSERT INTO help_tableofcontentitem_links VALUES (35, 40, 117, 0, '2003-12-22 09:59:27.279', 0, '2003-12-22 09:59:27.279', true);
INSERT INTO help_tableofcontentitem_links VALUES (36, 41, 118, 0, '2003-12-22 09:59:27.288', 0, '2003-12-22 09:59:27.288', true);
INSERT INTO help_tableofcontentitem_links VALUES (37, 42, 119, 0, '2003-12-22 09:59:27.296', 0, '2003-12-22 09:59:27.296', true);
INSERT INTO help_tableofcontentitem_links VALUES (38, 43, 120, 0, '2003-12-22 09:59:27.305', 0, '2003-12-22 09:59:27.305', true);
INSERT INTO help_tableofcontentitem_links VALUES (39, 44, 121, 0, '2003-12-22 09:59:27.314', 0, '2003-12-22 09:59:27.314', true);
INSERT INTO help_tableofcontentitem_links VALUES (40, 45, 122, 0, '2003-12-22 09:59:27.323', 0, '2003-12-22 09:59:27.323', true);
INSERT INTO help_tableofcontentitem_links VALUES (41, 46, 123, 0, '2003-12-22 09:59:27.331', 0, '2003-12-22 09:59:27.331', true);
INSERT INTO help_tableofcontentitem_links VALUES (42, 47, 124, 0, '2003-12-22 09:59:27.34', 0, '2003-12-22 09:59:27.34', true);
INSERT INTO help_tableofcontentitem_links VALUES (43, 48, 125, 0, '2003-12-22 09:59:27.348', 0, '2003-12-22 09:59:27.348', true);
INSERT INTO help_tableofcontentitem_links VALUES (44, 49, 126, 0, '2003-12-22 09:59:27.357', 0, '2003-12-22 09:59:27.357', true);
INSERT INTO help_tableofcontentitem_links VALUES (45, 51, 175, 0, '2003-12-22 09:59:27.37', 0, '2003-12-22 09:59:27.37', true);
INSERT INTO help_tableofcontentitem_links VALUES (46, 52, 176, 0, '2003-12-22 09:59:27.379', 0, '2003-12-22 09:59:27.379', true);
INSERT INTO help_tableofcontentitem_links VALUES (47, 53, 177, 0, '2003-12-22 09:59:27.394', 0, '2003-12-22 09:59:27.394', true);
INSERT INTO help_tableofcontentitem_links VALUES (48, 54, 178, 0, '2003-12-22 09:59:27.402', 0, '2003-12-22 09:59:27.402', true);
INSERT INTO help_tableofcontentitem_links VALUES (49, 55, 179, 0, '2003-12-22 09:59:27.411', 0, '2003-12-22 09:59:27.411', true);
INSERT INTO help_tableofcontentitem_links VALUES (50, 56, 180, 0, '2003-12-22 09:59:27.42', 0, '2003-12-22 09:59:27.42', true);
INSERT INTO help_tableofcontentitem_links VALUES (51, 57, 181, 0, '2003-12-22 09:59:27.428', 0, '2003-12-22 09:59:27.428', true);
INSERT INTO help_tableofcontentitem_links VALUES (52, 58, 182, 0, '2003-12-22 09:59:27.436', 0, '2003-12-22 09:59:27.436', true);
INSERT INTO help_tableofcontentitem_links VALUES (53, 60, 225, 0, '2003-12-22 09:59:27.45', 0, '2003-12-22 09:59:27.45', true);
INSERT INTO help_tableofcontentitem_links VALUES (54, 61, 226, 0, '2003-12-22 09:59:27.459', 0, '2003-12-22 09:59:27.459', true);
INSERT INTO help_tableofcontentitem_links VALUES (55, 62, 227, 0, '2003-12-22 09:59:27.467', 0, '2003-12-22 09:59:27.467', true);
INSERT INTO help_tableofcontentitem_links VALUES (56, 63, 228, 0, '2003-12-22 09:59:27.476', 0, '2003-12-22 09:59:27.476', true);
INSERT INTO help_tableofcontentitem_links VALUES (57, 64, 229, 0, '2003-12-22 09:59:27.484', 0, '2003-12-22 09:59:27.484', true);
INSERT INTO help_tableofcontentitem_links VALUES (58, 65, 230, 0, '2003-12-22 09:59:27.493', 0, '2003-12-22 09:59:27.493', true);
INSERT INTO help_tableofcontentitem_links VALUES (59, 66, 231, 0, '2003-12-22 09:59:27.502', 0, '2003-12-22 09:59:27.502', true);
INSERT INTO help_tableofcontentitem_links VALUES (60, 67, 232, 0, '2003-12-22 09:59:27.51', 0, '2003-12-22 09:59:27.51', true);
INSERT INTO help_tableofcontentitem_links VALUES (61, 68, 233, 0, '2003-12-22 09:59:27.519', 0, '2003-12-22 09:59:27.519', true);
INSERT INTO help_tableofcontentitem_links VALUES (62, 69, 234, 0, '2003-12-22 09:59:27.527', 0, '2003-12-22 09:59:27.527', true);
INSERT INTO help_tableofcontentitem_links VALUES (63, 70, 235, 0, '2003-12-22 09:59:27.536', 0, '2003-12-22 09:59:27.536', true);
INSERT INTO help_tableofcontentitem_links VALUES (64, 72, 252, 0, '2003-12-22 09:59:27.549', 0, '2003-12-22 09:59:27.549', true);
INSERT INTO help_tableofcontentitem_links VALUES (65, 73, 253, 0, '2003-12-22 09:59:27.558', 0, '2003-12-22 09:59:27.558', true);
INSERT INTO help_tableofcontentitem_links VALUES (66, 74, 254, 0, '2003-12-22 09:59:27.566', 0, '2003-12-22 09:59:27.566', true);
INSERT INTO help_tableofcontentitem_links VALUES (67, 75, 255, 0, '2003-12-22 09:59:27.575', 0, '2003-12-22 09:59:27.575', true);
INSERT INTO help_tableofcontentitem_links VALUES (68, 77, 257, 0, '2003-12-22 09:59:27.588', 0, '2003-12-22 09:59:27.588', true);
INSERT INTO help_tableofcontentitem_links VALUES (69, 78, 258, 0, '2003-12-22 09:59:27.597', 0, '2003-12-22 09:59:27.597', true);
INSERT INTO help_tableofcontentitem_links VALUES (70, 80, 266, 0, '2003-12-22 09:59:27.614', 0, '2003-12-22 09:59:27.614', true);
INSERT INTO help_tableofcontentitem_links VALUES (71, 81, 267, 0, '2003-12-22 09:59:27.622', 0, '2003-12-22 09:59:27.622', true);
INSERT INTO help_tableofcontentitem_links VALUES (72, 82, 268, 0, '2003-12-22 09:59:27.631', 0, '2003-12-22 09:59:27.631', true);
INSERT INTO help_tableofcontentitem_links VALUES (73, 83, 269, 0, '2003-12-22 09:59:27.639', 0, '2003-12-22 09:59:27.639', true);
INSERT INTO help_tableofcontentitem_links VALUES (74, 84, 270, 0, '2003-12-22 09:59:27.648', 0, '2003-12-22 09:59:27.648', true);
INSERT INTO help_tableofcontentitem_links VALUES (75, 85, 271, 0, '2003-12-22 09:59:27.658', 0, '2003-12-22 09:59:27.658', true);
INSERT INTO help_tableofcontentitem_links VALUES (76, 86, 272, 0, '2003-12-22 09:59:27.667', 0, '2003-12-22 09:59:27.667', true);
INSERT INTO help_tableofcontentitem_links VALUES (77, 87, 273, 0, '2003-12-22 09:59:27.675', 0, '2003-12-22 09:59:27.675', true);
INSERT INTO help_tableofcontentitem_links VALUES (78, 88, 274, 0, '2003-12-22 09:59:27.684', 0, '2003-12-22 09:59:27.684', true);
INSERT INTO help_tableofcontentitem_links VALUES (79, 89, 275, 0, '2003-12-22 09:59:27.693', 0, '2003-12-22 09:59:27.693', true);
INSERT INTO help_tableofcontentitem_links VALUES (80, 90, 276, 0, '2003-12-22 09:59:27.701', 0, '2003-12-22 09:59:27.701', true);
INSERT INTO help_tableofcontentitem_links VALUES (81, 91, 277, 0, '2003-12-22 09:59:27.71', 0, '2003-12-22 09:59:27.71', true);
INSERT INTO help_tableofcontentitem_links VALUES (82, 92, 278, 0, '2003-12-22 09:59:27.718', 0, '2003-12-22 09:59:27.718', true);
INSERT INTO help_tableofcontentitem_links VALUES (83, 93, 279, 0, '2003-12-22 09:59:27.727', 0, '2003-12-22 09:59:27.727', true);
INSERT INTO help_tableofcontentitem_links VALUES (84, 94, 280, 0, '2003-12-22 09:59:27.738', 0, '2003-12-22 09:59:27.738', true);
INSERT INTO help_tableofcontentitem_links VALUES (85, 95, 281, 0, '2003-12-22 09:59:27.747', 0, '2003-12-22 09:59:27.747', true);
INSERT INTO help_tableofcontentitem_links VALUES (86, 96, 282, 0, '2003-12-22 09:59:27.76', 0, '2003-12-22 09:59:27.76', true);
INSERT INTO help_tableofcontentitem_links VALUES (87, 97, 283, 0, '2003-12-22 09:59:27.769', 0, '2003-12-22 09:59:27.769', true);


--
-- Data for TOC entry 648 (OID 132893)
-- Name: lookup_help_features; Type: TABLE DATA; Schema: public; Owner: matt
--



--
-- Data for TOC entry 649 (OID 132906)
-- Name: help_features; Type: TABLE DATA; Schema: public; Owner: matt
--

INSERT INTO help_features VALUES (1, 1, NULL, 'You can view the accounts that need attention', 0, '2003-12-22 09:59:22.303', 0, '2003-12-22 09:59:22.303', NULL, NULL, true, 1);
INSERT INTO help_features VALUES (2, 1, NULL, 'You can make calls with the contact information readily accessible', 0, '2003-12-22 09:59:22.315', 0, '2003-12-22 09:59:22.315', NULL, NULL, true, 2);
INSERT INTO help_features VALUES (3, 1, NULL, 'You can view the tasks assigned to you', 0, '2003-12-22 09:59:22.321', 0, '2003-12-22 09:59:22.321', NULL, NULL, true, 3);
INSERT INTO help_features VALUES (4, 1, NULL, 'You can view the tickets assigned to you', 0, '2003-12-22 09:59:22.325', 0, '2003-12-22 09:59:22.325', NULL, NULL, true, 4);
INSERT INTO help_features VALUES (5, 2, NULL, 'The select button can be used to view the details, reply, forward or delete a particular message.', 0, '2003-12-22 09:59:22.362', 0, '2003-12-22 09:59:22.362', NULL, NULL, true, 1);
INSERT INTO help_features VALUES (6, 2, NULL, 'You can add a new message', 0, '2003-12-22 09:59:22.366', 0, '2003-12-22 09:59:22.366', NULL, NULL, true, 2);
INSERT INTO help_features VALUES (7, 2, NULL, 'Clicking on the message will show the details of the message', 0, '2003-12-22 09:59:22.384', 0, '2003-12-22 09:59:22.384', NULL, NULL, true, 3);
INSERT INTO help_features VALUES (8, 2, NULL, 'The drop down can be used to select the messages present in the inbox, sent messages, or archived ones', 0, '2003-12-22 09:59:22.388', 0, '2003-12-22 09:59:22.388', NULL, NULL, true, 4);
INSERT INTO help_features VALUES (9, 2, NULL, 'Sort on one of the column headers by clicking on the column of your choice', 0, '2003-12-22 09:59:22.392', 0, '2003-12-22 09:59:22.392', NULL, NULL, true, 5);
INSERT INTO help_features VALUES (10, 3, NULL, 'You can reply, archive, forward or delete each message by clicking the corresponding button', 0, '2003-12-22 09:59:22.405', 0, '2003-12-22 09:59:22.405', NULL, NULL, true, 1);
INSERT INTO help_features VALUES (11, 4, NULL, 'A new message can be composed either to the contacts or the employees present in the recipients list. The options field can be checked to send a copy to the employees task list apart from sending the employee an email.', 0, '2003-12-22 09:59:22.415', 0, '2003-12-22 09:59:22.415', NULL, NULL, true, 1);
INSERT INTO help_features VALUES (12, 5, NULL, 'You can send the email by clicking the send button', 0, '2003-12-22 09:59:22.425', 0, '2003-12-22 09:59:22.425', NULL, NULL, true, 1);
INSERT INTO help_features VALUES (13, 5, NULL, 'You can add to the list of recipients by using the link "Add Recipients"', 0, '2003-12-22 09:59:22.429', 0, '2003-12-22 09:59:22.429', NULL, NULL, true, 2);
INSERT INTO help_features VALUES (14, 5, NULL, 'You can click the check box to send an Internet email to the recipients', 0, '2003-12-22 09:59:22.437', 0, '2003-12-22 09:59:22.437', NULL, NULL, true, 3);
INSERT INTO help_features VALUES (15, 5, NULL, 'Type directly in the Body test field to modify the message', 0, '2003-12-22 09:59:22.441', 0, '2003-12-22 09:59:22.441', NULL, NULL, true, 4);
INSERT INTO help_features VALUES (16, 7, NULL, 'You can add the list of recipients by using the link "Add Recipients" and also click the check box which would send an email to the recipients ', 0, '2003-12-22 09:59:22.457', 0, '2003-12-22 09:59:22.457', NULL, NULL, true, 1);
INSERT INTO help_features VALUES (17, 7, NULL, 'You can send the email by clicking the send button ', 0, '2003-12-22 09:59:22.463', 0, '2003-12-22 09:59:22.463', NULL, NULL, true, 2);
INSERT INTO help_features VALUES (18, 7, NULL, 'You can edit the message by typing directly in the Body text area', 0, '2003-12-22 09:59:22.467', 0, '2003-12-22 09:59:22.467', NULL, NULL, true, 3);
INSERT INTO help_features VALUES (19, 8, NULL, 'You can add a quick task. This task would have just the description and whether the task is personal or not', 0, '2003-12-22 09:59:22.477', 0, '2003-12-22 09:59:22.477', NULL, NULL, true, 1);
INSERT INTO help_features VALUES (20, 8, NULL, 'For each of the existing tasks, you can view, modify, forward or delete the tasks by clicking on the Action button, and making a selection.', 0, '2003-12-22 09:59:22.486', 0, '2003-12-22 09:59:22.486', NULL, NULL, true, 2);
INSERT INTO help_features VALUES (21, 8, NULL, 'You can select to view your tasks or tasks assigned by you to others working under you. Each can be viewed in three different modes. i.e. the completed tasks, uncompleted tasks or both.', 0, '2003-12-22 09:59:22.49', 0, '2003-12-22 09:59:22.49', NULL, NULL, true, 3);
INSERT INTO help_features VALUES (22, 8, NULL, 'You can add a detailed (advanced) task, where you can set up the priority, status, whether the task is shared or not, task assignment, give the estimated time and add some detailed notes for it.', 0, '2003-12-22 09:59:22.495', 0, '2003-12-22 09:59:22.495', NULL, NULL, true, 4);
INSERT INTO help_features VALUES (23, 9, NULL, 'Link this task to a contact and when you look at the task list, there will be a link to the contact record next to the task, allowing you to go directly to the contact.', 0, '2003-12-22 09:59:22.505', 0, '2003-12-22 09:59:22.505', NULL, NULL, true, 1);
INSERT INTO help_features VALUES (24, 9, NULL, 'Filling in a Due Date will make ths task show up on that date in the Home Page calendar.', 0, '2003-12-22 09:59:22.509', 0, '2003-12-22 09:59:22.509', NULL, NULL, true, 2);
INSERT INTO help_features VALUES (25, 9, NULL, 'Making the task personal will hide it from your hierarchy.', 0, '2003-12-22 09:59:22.513', 0, '2003-12-22 09:59:22.513', NULL, NULL, true, 3);
INSERT INTO help_features VALUES (26, 9, NULL, 'You can assign a task to people lower than you in your hierarchy.', 0, '2003-12-22 09:59:22.517', 0, '2003-12-22 09:59:22.517', NULL, NULL, true, 4);
INSERT INTO help_features VALUES (27, 9, NULL, 'Marking a task as complete will document the task as having been done, and immediately remove it from the Task List.', 0, '2003-12-22 09:59:22.521', 0, '2003-12-22 09:59:22.521', NULL, NULL, true, 5);
INSERT INTO help_features VALUES (28, 10, NULL, 'Allows you to forward a task to one or more users of the system. Checking the options fields check box indicates that if the recipient is a user of the system, then a copy of the task is send to the recipient''s Internet email.', 0, '2003-12-22 09:59:22.537', 0, '2003-12-22 09:59:22.537', NULL, NULL, true, 1);
INSERT INTO help_features VALUES (29, 10, NULL, 'The Subject line is mandatory', 0, '2003-12-22 09:59:22.541', 0, '2003-12-22 09:59:22.541', NULL, NULL, true, 2);
INSERT INTO help_features VALUES (30, 10, NULL, 'You can add more text to the body of the message by typing directly in the Body text area', 0, '2003-12-22 09:59:22.545', 0, '2003-12-22 09:59:22.545', NULL, NULL, true, 3);
INSERT INTO help_features VALUES (31, 11, NULL, 'Due dates will show on the Home Page calendar', 0, '2003-12-22 09:59:22.558', 0, '2003-12-22 09:59:22.558', NULL, NULL, true, 1);
INSERT INTO help_features VALUES (32, 11, NULL, 'Completing a task will remove it from the task list', 0, '2003-12-22 09:59:22.563', 0, '2003-12-22 09:59:22.563', NULL, NULL, true, 2);
INSERT INTO help_features VALUES (33, 11, NULL, 'You can assign a task to someone lower than you in your heirarchy', 0, '2003-12-22 09:59:22.567', 0, '2003-12-22 09:59:22.567', NULL, NULL, true, 3);
INSERT INTO help_features VALUES (34, 11, NULL, 'You can Add or Change the contact that this task is linked to. When viewing the task, you will be able to view the contact information with one click.', 0, '2003-12-22 09:59:22.571', 0, '2003-12-22 09:59:22.571', NULL, NULL, true, 4);
INSERT INTO help_features VALUES (35, 12, NULL, 'You can also view all the in progress Action Lists, completed lists, or both together.', 0, '2003-12-22 09:59:22.581', 0, '2003-12-22 09:59:22.581', NULL, NULL, true, 1);
INSERT INTO help_features VALUES (36, 12, NULL, 'You can also keep track of the progress of your contacts. The number of them Completed and the Total are shown in the Progress Columns.', 0, '2003-12-22 09:59:22.585', 0, '2003-12-22 09:59:22.585', NULL, NULL, true, 2);
INSERT INTO help_features VALUES (37, 12, NULL, 'You can add a new Action List with a description and status. You can select the contacts for this new Action List. For each of the contacts in the Action List, you can select a corresponding action with the Action Button: view details, modify contact, add contacts or delete the Action List.', 0, '2003-12-22 09:59:22.589', 0, '2003-12-22 09:59:22.589', NULL, NULL, true, 3);
INSERT INTO help_features VALUES (38, 13, NULL, 'Clicking on the contact name will give you a pop up with more details about the contact and also about the related folders, calls, messages and opportunities.', 0, '2003-12-22 09:59:22.60', 0, '2003-12-22 09:59:22.60', NULL, NULL, true, 1);
INSERT INTO help_features VALUES (39, 13, NULL, 'You can add contacts to the list and also Modify the List using "Add Contacts to list" and "Modify List" respectively.', 0, '2003-12-22 09:59:22.605', 0, '2003-12-22 09:59:22.605', NULL, NULL, true, 2);
INSERT INTO help_features VALUES (40, 13, NULL, 'For the Action List you can also view all the in progress contacts, completed contacts or both.', 0, '2003-12-22 09:59:22.609', 0, '2003-12-22 09:59:22.609', NULL, NULL, true, 3);
INSERT INTO help_features VALUES (41, 13, NULL, 'For each of the contacts you can add a call, opportunity, ticket, task or send a message, which would correspondingly appear in their respective tabs. For example, adding a ticket to the contact would be reflected in the Ticket tab.', 0, '2003-12-22 09:59:22.613', 0, '2003-12-22 09:59:22.613', NULL, NULL, true, 4);
INSERT INTO help_features VALUES (42, 14, NULL, 'Select where the contacts will come from (General Contact, Account Contacts) in the From dropdown.', 0, '2003-12-22 09:59:22.623', 0, '2003-12-22 09:59:22.623', NULL, NULL, true, 1);
INSERT INTO help_features VALUES (43, 14, NULL, 'Enter some search text, depending on the Operator you chose.', 0, '2003-12-22 09:59:22.627', 0, '2003-12-22 09:59:22.627', NULL, NULL, true, 2);
INSERT INTO help_features VALUES (44, 14, NULL, 'Choose an Operator based on the Field you chose.', 0, '2003-12-22 09:59:22.632', 0, '2003-12-22 09:59:22.632', NULL, NULL, true, 3);
INSERT INTO help_features VALUES (45, 14, NULL, 'Choose one of the many Field Names on which to base your query.', 0, '2003-12-22 09:59:22.636', 0, '2003-12-22 09:59:22.636', NULL, NULL, true, 4);
INSERT INTO help_features VALUES (46, 14, NULL, 'You can Add or Remove contacts manually with the Add/Remove Contacts link.', 0, '2003-12-22 09:59:22.641', 0, '2003-12-22 09:59:22.641', NULL, NULL, true, 5);
INSERT INTO help_features VALUES (47, 14, NULL, 'Add your query with the Add button at the bottom of the query frame. You can have multipe queries that make up the criteria for a group. You will get the result of all the queries.', 0, '2003-12-22 09:59:22.645', 0, '2003-12-22 09:59:22.645', NULL, NULL, true, 6);
INSERT INTO help_features VALUES (48, 14, NULL, 'Save the Action List and generate the list of contacts by clicking the Save button at the bottom or top of the page.', 0, '2003-12-22 09:59:22.649', 0, '2003-12-22 09:59:22.649', NULL, NULL, true, 7);
INSERT INTO help_features VALUES (49, 15, NULL, 'You can check the status checkbox to indicate that the New Action List is complete.', 0, '2003-12-22 09:59:22.659', 0, '2003-12-22 09:59:22.659', NULL, NULL, true, 1);
INSERT INTO help_features VALUES (50, 15, NULL, 'The details of the New Action List can be saved by clicking the save button.', 0, '2003-12-22 09:59:22.663', 0, '2003-12-22 09:59:22.663', NULL, NULL, true, 2);
INSERT INTO help_features VALUES (51, 16, NULL, 'Click Update at the bottom of the page to save your reassignment, Cancel to quit the page without saving, and Reset to reset all the fields to their defaults and start over.', 0, '2003-12-22 09:59:22.676', 0, '2003-12-22 09:59:22.676', NULL, NULL, true, 1);
INSERT INTO help_features VALUES (52, 16, NULL, 'Choose a User to reassign data from in the top dropdown. Only users below you in your hierarchy will be present here.', 0, '2003-12-22 09:59:22.682', 0, '2003-12-22 09:59:22.682', NULL, NULL, true, 2);
INSERT INTO help_features VALUES (53, 16, NULL, 'Select one or more To Users in the To User column to reassign the various assets to. The number of each type of asset available to be reassigned is shown in parentheses after the asset in the first column.', 0, '2003-12-22 09:59:22.695', 0, '2003-12-22 09:59:22.695', NULL, NULL, true, 3);
INSERT INTO help_features VALUES (54, 17, NULL, 'The location of the employee can be changed, i.e. the time zone can be changed by clicking on "Configure my location."', 0, '2003-12-22 09:59:22.707', 0, '2003-12-22 09:59:22.707', NULL, NULL, true, 1);
INSERT INTO help_features VALUES (55, 17, NULL, 'You can update your personal information by clicking on "Update my personal information."', 0, '2003-12-22 09:59:22.713', 0, '2003-12-22 09:59:22.713', NULL, NULL, true, 2);
INSERT INTO help_features VALUES (56, 17, NULL, 'You can change your password by clicking on "Change my password."', 0, '2003-12-22 09:59:22.722', 0, '2003-12-22 09:59:22.722', NULL, NULL, true, 3);
INSERT INTO help_features VALUES (57, 18, NULL, 'Save your changes by clicking the Update button at the top or bottom of the page. The Cancel button forgets the changes and quits the page. The Reset button resets all fields to their original values so you can start over.', 0, '2003-12-22 09:59:22.734', 0, '2003-12-22 09:59:22.734', NULL, NULL, true, 1);
INSERT INTO help_features VALUES (58, 18, NULL, 'The only required field is your last name, but you should fill in as much as you can to make the system as useful as possible. Email address is particularly useful.', 0, '2003-12-22 09:59:22.738', 0, '2003-12-22 09:59:22.738', NULL, NULL, true, 2);
INSERT INTO help_features VALUES (59, 19, NULL, 'The location settings can be changed by selecting the time zone from the drop down list and clicking the update button to update the settings.', 0, '2003-12-22 09:59:22.748', 0, '2003-12-22 09:59:22.748', NULL, NULL, true, 1);
INSERT INTO help_features VALUES (60, 20, NULL, 'You can update your password by clicking on the update button.', 0, '2003-12-22 09:59:22.76', 0, '2003-12-22 09:59:22.76', NULL, NULL, true, 1);
INSERT INTO help_features VALUES (61, 21, NULL, 'For each of the existing tasks, you can view, modify, forward or delete the tasks by clicking on the Action button', 0, '2003-12-22 09:59:22.789', 0, '2003-12-22 09:59:22.789', NULL, NULL, true, 1);
INSERT INTO help_features VALUES (62, 21, NULL, 'You can add a quick task. This task would have just the description and whether the task is personal or not', 0, '2003-12-22 09:59:22.796', 0, '2003-12-22 09:59:22.796', NULL, NULL, true, 2);
INSERT INTO help_features VALUES (63, 21, NULL, 'You can add or update a detailed task called advanced task, wherein you can set up the priority, the status, whether the task is shared or not, also is the task assigned to self or someone working under the owner of the tasks, give the estimated time and add some detailed notes in it.', 0, '2003-12-22 09:59:22.80', 0, '2003-12-22 09:59:22.80', NULL, NULL, true, 3);
INSERT INTO help_features VALUES (64, 21, NULL, 'Checking the existing task''s check box indicates that the particular task is completed.', 0, '2003-12-22 09:59:22.804', 0, '2003-12-22 09:59:22.804', NULL, NULL, true, 4);
INSERT INTO help_features VALUES (65, 21, NULL, 'You can select to view your tasks or tasks assigned by you to others. Each task can be viewed in three different modes i.e. the completed tasks, uncompleted tasks or all the tasks.', 0, '2003-12-22 09:59:22.818', 0, '2003-12-22 09:59:22.818', NULL, NULL, true, 5);
INSERT INTO help_features VALUES (66, 28, NULL, 'You can add the new Action List here. Along with description and the status you need to select the contacts you want in this Action List. You can populate the list in two ways. The first is to use the Add/Remove contacts.', 0, '2003-12-22 09:59:22.872', 0, '2003-12-22 09:59:22.872', NULL, NULL, true, 1);
INSERT INTO help_features VALUES (67, 28, NULL, 'The second is to define the criteria to generate the list. Once it''s generated we can add them to the selected criteria and contacts by using the add feature present.', 0, '2003-12-22 09:59:22.876', 0, '2003-12-22 09:59:22.876', NULL, NULL, true, 2);
INSERT INTO help_features VALUES (68, 31, NULL, 'Check new contacts to add them to your list, uncheck existing contacts to remove them from your list.', 0, '2003-12-22 09:59:22.913', 0, '2003-12-22 09:59:22.913', NULL, NULL, true, 1);
INSERT INTO help_features VALUES (69, 31, NULL, 'Select All Contact, My Contacts or Account Contacts from the dropdown at the top.', 0, '2003-12-22 09:59:22.918', 0, '2003-12-22 09:59:22.918', NULL, NULL, true, 2);
INSERT INTO help_features VALUES (70, 31, NULL, 'Finish by clicking Done at the bottom of the page.', 0, '2003-12-22 09:59:22.921', 0, '2003-12-22 09:59:22.921', NULL, NULL, true, 3);
INSERT INTO help_features VALUES (71, 33, NULL, 'You can add or update a detailed task called advanced task, wherein you can set up a priority, status, whether the task is shared or not, also is the task assigned to you or someone working under the owner of the tasks, give the estimated time and add some detailed notes to it.', 0, '2003-12-22 09:59:22.936', 0, '2003-12-22 09:59:22.936', NULL, NULL, true, 1);
INSERT INTO help_features VALUES (72, 34, NULL, 'You can select the contact category using the radio button and if the contact category is someone permanently associated with an account, then you can select the contact using the "select" next to it.', 0, '2003-12-22 09:59:22.95', 0, '2003-12-22 09:59:22.95', NULL, NULL, true, 1);
INSERT INTO help_features VALUES (73, 34, NULL, 'You can save the details about the employee using the "Save" button.', 0, '2003-12-22 09:59:22.954', 0, '2003-12-22 09:59:22.954', NULL, NULL, true, 2);
INSERT INTO help_features VALUES (74, 34, NULL, 'The "Save & New" button saves the details of the employee and also opens up a blank form start another contact.', 0, '2003-12-22 09:59:23.003', 0, '2003-12-22 09:59:23.003', NULL, NULL, true, 3);
INSERT INTO help_features VALUES (75, 34, NULL, 'The only mandatory field is the Last Name, however, it is important to fill in as much as possible. These fields can be used for various types of queries later.', 0, '2003-12-22 09:59:23.007', 0, '2003-12-22 09:59:23.007', NULL, NULL, true, 4);
INSERT INTO help_features VALUES (76, 34, NULL, 'The contact type can be selected using the "select" link next to the contact type.', 0, '2003-12-22 09:59:23.011', 0, '2003-12-22 09:59:23.011', NULL, NULL, true, 5);
INSERT INTO help_features VALUES (77, 35, NULL, 'If the contact already exists in the system, you can search for that contact by name, company, title, contact type or source.', 0, '2003-12-22 09:59:23.02', 0, '2003-12-22 09:59:23.02', NULL, NULL, true, 1);
INSERT INTO help_features VALUES (78, 36, NULL, 'New export data can be generated by choosing the "Generate new export" link at the top of the page', 0, '2003-12-22 09:59:23.03', 0, '2003-12-22 09:59:23.03', NULL, NULL, true, 1);
INSERT INTO help_features VALUES (79, 36, NULL, 'Use the dropdown to choose which data to display: the list of all the exported data in the system or only your own.', 0, '2003-12-22 09:59:23.034', 0, '2003-12-22 09:59:23.034', NULL, NULL, true, 2);
INSERT INTO help_features VALUES (80, 36, NULL, 'The exported data can be viewed in html format by clicking on the report name. The exported data can also be downloaded in CSV format or deleted by clicking the Select button in the action field.', 0, '2003-12-22 09:59:23.038', 0, '2003-12-22 09:59:23.038', NULL, NULL, true, 3);
INSERT INTO help_features VALUES (81, 37, NULL, 'You can add all the fields or add / delete single fields from the report by using the buttons in the middle of the page. First highlight a field on the left to add or a field on the right to delete.', 0, '2003-12-22 09:59:23.046', 0, '2003-12-22 09:59:23.046', NULL, NULL, true, 1);
INSERT INTO help_features VALUES (82, 37, NULL, 'Use the Up and Down buttons on the right to sort the fields.', 0, '2003-12-22 09:59:23.05', 0, '2003-12-22 09:59:23.05', NULL, NULL, true, 2);
INSERT INTO help_features VALUES (83, 37, NULL, 'The Subject is mandatory. Select which set of contacts the export will come from with Criteria. Select the Primary sort with the Sorting dropdown.', 0, '2003-12-22 09:59:23.054', 0, '2003-12-22 09:59:23.054', NULL, NULL, true, 3);
INSERT INTO help_features VALUES (84, 37, NULL, 'Click the Generate button when you are ready to generate the exported report.', 0, '2003-12-22 09:59:23.06', 0, '2003-12-22 09:59:23.06', NULL, NULL, true, 4);
INSERT INTO help_features VALUES (85, 38, NULL, 'You can update, cancel or reset the details of the contact using the corresponding buttons.', 0, '2003-12-22 09:59:23.069', 0, '2003-12-22 09:59:23.069', NULL, NULL, true, 1);
INSERT INTO help_features VALUES (86, 41, NULL, 'You can also click on the select button under the action field to view, modify, forward or delete a call.', 0, '2003-12-22 09:59:23.089', 0, '2003-12-22 09:59:23.089', NULL, NULL, true, 1);
INSERT INTO help_features VALUES (87, 41, NULL, 'Clicking on the subject of the call will give complete details about the call.', 0, '2003-12-22 09:59:23.092', 0, '2003-12-22 09:59:23.092', NULL, NULL, true, 2);
INSERT INTO help_features VALUES (88, 41, NULL, 'You can add a call associated with a contact.', 0, '2003-12-22 09:59:23.096', 0, '2003-12-22 09:59:23.096', NULL, NULL, true, 3);
INSERT INTO help_features VALUES (89, 42, NULL, 'The save button lets you create a new call which is associated with the call.', 0, '2003-12-22 09:59:23.105', 0, '2003-12-22 09:59:23.105', NULL, NULL, true, 1);
INSERT INTO help_features VALUES (90, 45, NULL, 'You can click the select button under the action column for viewing, modifying and deleting an opportunity.', 0, '2003-12-22 09:59:23.124', 0, '2003-12-22 09:59:23.124', NULL, NULL, true, 1);
INSERT INTO help_features VALUES (91, 45, NULL, 'Clicking on the name of the opportunity will show a detailed description of the opportunity.', 0, '2003-12-22 09:59:23.128', 0, '2003-12-22 09:59:23.128', NULL, NULL, true, 2);
INSERT INTO help_features VALUES (92, 45, NULL, 'Choosing the different types of opportunities from the drop down can filter the display.', 0, '2003-12-22 09:59:23.132', 0, '2003-12-22 09:59:23.132', NULL, NULL, true, 3);
INSERT INTO help_features VALUES (93, 45, NULL, 'Add an opportunity associated with a contact.', 0, '2003-12-22 09:59:23.135', 0, '2003-12-22 09:59:23.135', NULL, NULL, true, 4);
INSERT INTO help_features VALUES (94, 46, NULL, 'You can modify, delete or forward each call using the corresponding buttons.', 0, '2003-12-22 09:59:23.147', 0, '2003-12-22 09:59:23.147', NULL, NULL, true, 1);
INSERT INTO help_features VALUES (95, 47, NULL, 'The component type can be selected using the "select" button.', 0, '2003-12-22 09:59:23.156', 0, '2003-12-22 09:59:23.156', NULL, NULL, true, 1);
INSERT INTO help_features VALUES (96, 47, NULL, 'You can assign the component to any of the employees present using the dropdown list present.', 0, '2003-12-22 09:59:23.16', 0, '2003-12-22 09:59:23.16', NULL, NULL, true, 2);
INSERT INTO help_features VALUES (97, 48, NULL, 'An opportunity can be renamed or deleted using the buttons present at the bottom of the page.', 0, '2003-12-22 09:59:23.168', 0, '2003-12-22 09:59:23.168', NULL, NULL, true, 1);
INSERT INTO help_features VALUES (98, 48, NULL, 'Clicking on the select button lets you view, modify or delete the details about a component.', 0, '2003-12-22 09:59:23.172', 0, '2003-12-22 09:59:23.172', NULL, NULL, true, 2);
INSERT INTO help_features VALUES (99, 48, NULL, 'Clicking on the name of the component shows the details about that component.', 0, '2003-12-22 09:59:23.176', 0, '2003-12-22 09:59:23.176', NULL, NULL, true, 3);
INSERT INTO help_features VALUES (100, 48, NULL, 'Add a new component associated with the contact.', 0, '2003-12-22 09:59:23.18', 0, '2003-12-22 09:59:23.18', NULL, NULL, true, 4);
INSERT INTO help_features VALUES (101, 49, NULL, 'You can modify or delete the opportunity using the modify or delete button.', 0, '2003-12-22 09:59:23.204', 0, '2003-12-22 09:59:23.204', NULL, NULL, true, 1);
INSERT INTO help_features VALUES (102, 50, NULL, 'The type of the call can be selected using the drop down list and all the other details related to the call are updated using the update button.', 0, '2003-12-22 09:59:23.213', 0, '2003-12-22 09:59:23.213', NULL, NULL, true, 1);
INSERT INTO help_features VALUES (103, 58, NULL, 'You can click the attachments or the surveys link present along with the message text.', 0, '2003-12-22 09:59:23.259', 0, '2003-12-22 09:59:23.259', NULL, NULL, true, 1);
INSERT INTO help_features VALUES (104, 59, NULL, 'You can modify or delete the opportunity using the modify or the delete button.', 0, '2003-12-22 09:59:23.268', 0, '2003-12-22 09:59:23.268', NULL, NULL, true, 1);
INSERT INTO help_features VALUES (105, 60, NULL, 'You can also click the select button under the action field to view, modify, clone or delete a contact.', 0, '2003-12-22 09:59:23.277', 0, '2003-12-22 09:59:23.277', NULL, NULL, true, 1);
INSERT INTO help_features VALUES (106, 60, NULL, 'Clicking the name of the contact will display additional details about the contact.', 0, '2003-12-22 09:59:23.281', 0, '2003-12-22 09:59:23.281', NULL, NULL, true, 2);
INSERT INTO help_features VALUES (107, 60, NULL, 'Add a contact using the link "Add a Contact" at the top of the page', 0, '2003-12-22 09:59:23.284', 0, '2003-12-22 09:59:23.284', NULL, NULL, true, 3);
INSERT INTO help_features VALUES (108, 61, NULL, 'You can also choose to display the list of all the exported data in the system or the exported data created by you.', 0, '2003-12-22 09:59:23.297', 0, '2003-12-22 09:59:23.297', NULL, NULL, true, 1);
INSERT INTO help_features VALUES (109, 61, NULL, 'The exported data can be viewed as a .csv file or in html format. The exported data can also be deleted when the select button in the action field is clicked.', 0, '2003-12-22 09:59:23.30', 0, '2003-12-22 09:59:23.30', NULL, NULL, true, 2);
INSERT INTO help_features VALUES (110, 61, NULL, 'New export data can be generated, which lets you choose from the contacts list.', 0, '2003-12-22 09:59:23.304', 0, '2003-12-22 09:59:23.304', NULL, NULL, true, 3);
INSERT INTO help_features VALUES (111, 62, NULL, 'You can modify, clone, or delete the details of the contact. ', 0, '2003-12-22 09:59:23.313', 0, '2003-12-22 09:59:23.313', NULL, NULL, true, 1);
INSERT INTO help_features VALUES (112, 63, NULL, 'Clicking on the name of the message displays more details about the message.', 0, '2003-12-22 09:59:23.322', 0, '2003-12-22 09:59:23.322', NULL, NULL, true, 1);
INSERT INTO help_features VALUES (113, 63, NULL, 'You can view the messages in two different views, i.e. all the messages present or the messages created/assigned by you.', 0, '2003-12-22 09:59:23.326', 0, '2003-12-22 09:59:23.326', NULL, NULL, true, 2);
INSERT INTO help_features VALUES (114, 64, NULL, 'You can select the list of the recipients to whom you want to forward the particular call to by using the "Add Recipients" link.', 0, '2003-12-22 09:59:23.335', 0, '2003-12-22 09:59:23.335', NULL, NULL, true, 1);
INSERT INTO help_features VALUES (115, 66, NULL, 'The component type can be selected using the "select" link.', 0, '2003-12-22 09:59:23.354', 0, '2003-12-22 09:59:23.354', NULL, NULL, true, 1);
INSERT INTO help_features VALUES (116, 66, NULL, 'You can assign the component to any user using the dropdown list provided. ', 0, '2003-12-22 09:59:23.358', 0, '2003-12-22 09:59:23.358', NULL, NULL, true, 2);
INSERT INTO help_features VALUES (117, 67, NULL, 'You can update or cancel the information changed using the "update" or "cancel" button.', 0, '2003-12-22 09:59:23.366', 0, '2003-12-22 09:59:23.366', NULL, NULL, true, 1);
INSERT INTO help_features VALUES (118, 68, NULL, 'The folders can be selected using the drop down list.', 0, '2003-12-22 09:59:23.375', 0, '2003-12-22 09:59:23.375', NULL, NULL, true, 1);
INSERT INTO help_features VALUES (119, 68, NULL, 'You can click on the record name, to view the folder record details. ', 0, '2003-12-22 09:59:23.379', 0, '2003-12-22 09:59:23.379', NULL, NULL, true, 2);
INSERT INTO help_features VALUES (120, 68, NULL, 'You can view the details and modify them by clicking the select button under the action column.', 0, '2003-12-22 09:59:23.383', 0, '2003-12-22 09:59:23.383', NULL, NULL, true, 3);
INSERT INTO help_features VALUES (121, 68, NULL, 'You can add a new record to a folder using the "Add a record to this folder" link.', 0, '2003-12-22 09:59:23.386', 0, '2003-12-22 09:59:23.386', NULL, NULL, true, 4);
INSERT INTO help_features VALUES (122, 68, NULL, 'The folders can be selected using the drop down list.', 0, '2003-12-22 09:59:23.39', 0, '2003-12-22 09:59:23.39', NULL, NULL, true, 5);
INSERT INTO help_features VALUES (123, 69, NULL, 'The changes made in the details of the folders can be updated or canceled using the "Update" or "Cancel" button.', 0, '2003-12-22 09:59:23.399', 0, '2003-12-22 09:59:23.399', NULL, NULL, true, 1);
INSERT INTO help_features VALUES (124, 70, NULL, 'You can also click the select button under the action column for viewing, modifying and deleting an opportunity.', 0, '2003-12-22 09:59:23.408', 0, '2003-12-22 09:59:23.408', NULL, NULL, true, 1);
INSERT INTO help_features VALUES (125, 70, NULL, 'Clicking on the name of the opportunity will display the details of the opportunity.', 0, '2003-12-22 09:59:23.412', 0, '2003-12-22 09:59:23.412', NULL, NULL, true, 2);
INSERT INTO help_features VALUES (126, 70, NULL, 'Choosing the different types of opportunities from the drop down filters the display. ', 0, '2003-12-22 09:59:23.416', 0, '2003-12-22 09:59:23.416', NULL, NULL, true, 3);
INSERT INTO help_features VALUES (127, 70, NULL, 'Add an opportunity associated with a contact.', 0, '2003-12-22 09:59:23.419', 0, '2003-12-22 09:59:23.419', NULL, NULL, true, 4);
INSERT INTO help_features VALUES (128, 71, NULL, 'If the contact already exists in the system, you can search for that contact by name, company, title, contact type or source, by typing the search term in the appropriate field, and clicking the Search button.', 0, '2003-12-22 09:59:23.431', 0, '2003-12-22 09:59:23.431', NULL, NULL, true, 1);
INSERT INTO help_features VALUES (129, 71, NULL, 'You can filter, export, and display data in different formats by clicking the Export link at the top of the page.', 0, '2003-12-22 09:59:23.434', 0, '2003-12-22 09:59:23.434', NULL, NULL, true, 2);
INSERT INTO help_features VALUES (130, 71, NULL, 'Click Add to add a new contact into the system.', 0, '2003-12-22 09:59:23.438', 0, '2003-12-22 09:59:23.438', NULL, NULL, true, 3);
INSERT INTO help_features VALUES (131, 72, NULL, 'You can filter the contact list in three different views. The views are all contacts, your contacts and Account contacts.', 0, '2003-12-22 09:59:23.447', 0, '2003-12-22 09:59:23.447', NULL, NULL, true, 1);
INSERT INTO help_features VALUES (132, 72, NULL, 'Check any or all the contacts from the list you want to assign to your action List.', 0, '2003-12-22 09:59:23.453', 0, '2003-12-22 09:59:23.453', NULL, NULL, true, 2);
INSERT INTO help_features VALUES (133, 74, NULL, 'You can also view, modify, clone or delete the contact by clicking the corresponding button.', 0, '2003-12-22 09:59:23.467', 0, '2003-12-22 09:59:23.467', NULL, NULL, true, 1);
INSERT INTO help_features VALUES (134, 74, NULL, 'You can associate calls, messages and opportunities with each of the contacts already in the system.', 0, '2003-12-22 09:59:23.471', 0, '2003-12-22 09:59:23.471', NULL, NULL, true, 2);
INSERT INTO help_features VALUES (135, 75, NULL, 'The contact type can be selected using the select link.', 0, '2003-12-22 09:59:23.483', 0, '2003-12-22 09:59:23.483', NULL, NULL, true, 1);
INSERT INTO help_features VALUES (136, 75, NULL, 'The details can be updated using the update button.', 0, '2003-12-22 09:59:23.487', 0, '2003-12-22 09:59:23.487', NULL, NULL, true, 2);
INSERT INTO help_features VALUES (137, 76, NULL, 'You can view all the messages related to the contact or only the messages owned by you. (My messages)', 0, '2003-12-22 09:59:23.495', 0, '2003-12-22 09:59:23.495', NULL, NULL, true, 1);
INSERT INTO help_features VALUES (138, 77, NULL, 'This is for adding or updating a new detailed employee record into the system. The last name is the only mandatory field in creating an employee record, However it is important to add as much information as you can.', 0, '2003-12-22 09:59:23.504', 0, '2003-12-22 09:59:23.504', NULL, NULL, true, 1);
INSERT INTO help_features VALUES (139, 78, NULL, 'You can view the progress chart in different views for all the employees working under the owner or creator of the opportunity. The views can be selected from the drop down box present under the chart. The mouse over or a click on the break point on the progress chart will give the date and exact value associated with that point.', 0, '2003-12-22 09:59:23.519', 0, '2003-12-22 09:59:23.519', NULL, NULL, true, 1);
INSERT INTO help_features VALUES (140, 78, NULL, 'The opportunities created are also shown, with their names and the probable gross revenue associated with that opportunity. Clicking on the opportunities shows a details page for the opportunity.', 0, '2003-12-22 09:59:23.523', 0, '2003-12-22 09:59:23.523', NULL, NULL, true, 2);
INSERT INTO help_features VALUES (141, 78, NULL, 'The list of employees reporting to a particular employee/supervisor is also shown below the progress chart. Clicking on an employee shows the Opportunity page from that person''s point of view. You can then work your way back up the chain by clicking the Up One Level link.', 0, '2003-12-22 09:59:23.573', 0, '2003-12-22 09:59:23.573', NULL, NULL, true, 3);
INSERT INTO help_features VALUES (142, 79, NULL, 'The probability of Close, Estimated Close Date, Best Guess Estimate (what will the gross revenue be for this component?), and Estimated Term (over what time period?), are mandatory fields.', 0, '2003-12-22 09:59:23.583', 0, '2003-12-22 09:59:23.583', NULL, NULL, true, 1);
INSERT INTO help_features VALUES (143, 79, NULL, 'You can assign the component to yourself or one of the users in your hierarchy.', 0, '2003-12-22 09:59:23.587', 0, '2003-12-22 09:59:23.587', NULL, NULL, true, 2);
INSERT INTO help_features VALUES (144, 79, NULL, 'The Component Description is a mandatory field. Be descriptive as you will be using this to search on later.', 0, '2003-12-22 09:59:23.59', 0, '2003-12-22 09:59:23.59', NULL, NULL, true, 3);
INSERT INTO help_features VALUES (145, 79, NULL, 'Use the Save button to save your changes and exit, Cancel to cancel your changes and exit, and Reset to cancel your changes and start over.', 0, '2003-12-22 09:59:23.594', 0, '2003-12-22 09:59:23.594', NULL, NULL, true, 4);
INSERT INTO help_features VALUES (146, 79, NULL, 'Enter an Alert Description and Date to remind yourself to follow up on this component at a later date.', 0, '2003-12-22 09:59:23.598', 0, '2003-12-22 09:59:23.598', NULL, NULL, true, 5);
INSERT INTO help_features VALUES (147, 79, NULL, 'You must associate the component with either a Contact or an Account. Choose one of the radio buttons, then one of the Select links.', 0, '2003-12-22 09:59:23.601', 0, '2003-12-22 09:59:23.601', NULL, NULL, true, 6);
INSERT INTO help_features VALUES (148, 80, NULL, 'Existing opportunities can be searched using this feature. Opportunities can be searched on description, account name, or contact name with whom the opportunity is associated. It can also be searched by current progress / stage of the opportunity or the closing date range.', 0, '2003-12-22 09:59:23.61', 0, '2003-12-22 09:59:23.61', NULL, NULL, true, 1);
INSERT INTO help_features VALUES (149, 81, NULL, 'The exported data can be viewed or downloaded as a .csv file or in html format. The exported data can also be deleted when the select button in the action column is clicked.', 0, '2003-12-22 09:59:23.619', 0, '2003-12-22 09:59:23.619', NULL, NULL, true, 1);
INSERT INTO help_features VALUES (150, 81, NULL, 'You can also choose to display the list of all the exported data in the system or the exported data created by you.', 0, '2003-12-22 09:59:23.623', 0, '2003-12-22 09:59:23.623', NULL, NULL, true, 2);
INSERT INTO help_features VALUES (151, 81, NULL, 'New export data can be generated by choosing from the contacts list. ', 0, '2003-12-22 09:59:23.627', 0, '2003-12-22 09:59:23.627', NULL, NULL, true, 3);
INSERT INTO help_features VALUES (152, 84, NULL, 'Component Description is a mandatory field', 0, '2003-12-22 09:59:23.646', 0, '2003-12-22 09:59:23.646', NULL, NULL, true, 1);
INSERT INTO help_features VALUES (153, 84, NULL, 'Use Update at the top or bottom to save your changes, Cancel to quit this page without saving, and Reset to reset all fields to default and start over.', 0, '2003-12-22 09:59:23.662', 0, '2003-12-22 09:59:23.662', NULL, NULL, true, 2);
INSERT INTO help_features VALUES (154, 84, NULL, 'Add an Alert Description and Date to alert you via a CRM System Message to take a new action', 0, '2003-12-22 09:59:23.666', 0, '2003-12-22 09:59:23.666', NULL, NULL, true, 3);
INSERT INTO help_features VALUES (155, 84, NULL, 'Probability of close, Estimated Close Date (when you will get the revenue), Best Guess Estimate (how much revenue you will get), and Estimated Term (what term the revenue will be realized over) are all the mandatory fields.', 0, '2003-12-22 09:59:23.67', 0, '2003-12-22 09:59:23.67', NULL, NULL, true, 4);
INSERT INTO help_features VALUES (156, 84, NULL, 'You can select a Component Type from the dropdown. These component types are configurable by your System Administrator.', 0, '2003-12-22 09:59:23.674', 0, '2003-12-22 09:59:23.674', NULL, NULL, true, 5);
INSERT INTO help_features VALUES (157, 84, NULL, 'You can assign the component to any User using the dropdown list present.', 0, '2003-12-22 09:59:23.677', 0, '2003-12-22 09:59:23.677', NULL, NULL, true, 6);
INSERT INTO help_features VALUES (158, 85, NULL, 'The type of the call can be a phone, fax or in person. Some notes regarding the call can be noted. You can add an alert to remind you to follow up on this call.', 0, '2003-12-22 09:59:23.686', 0, '2003-12-22 09:59:23.686', NULL, NULL, true, 1);
INSERT INTO help_features VALUES (159, 85, NULL, 'The Contact dropdown is automatically populated with the correct contacts for the company or account you are dealing with.', 0, '2003-12-22 09:59:23.69', 0, '2003-12-22 09:59:23.69', NULL, NULL, true, 2);
INSERT INTO help_features VALUES (160, 86, NULL, 'You can update or cancel the information changed using the "update" or "cancel" button present.', 0, '2003-12-22 09:59:23.70', 0, '2003-12-22 09:59:23.70', NULL, NULL, true, 1);
INSERT INTO help_features VALUES (161, 88, NULL, 'You can update the details of the documents using the update button.', 0, '2003-12-22 09:59:23.733', 0, '2003-12-22 09:59:23.733', NULL, NULL, true, 1);
INSERT INTO help_features VALUES (162, 92, NULL, 'The component details are shown with additional options for modifying and deleting the component.', 0, '2003-12-22 09:59:23.759', 0, '2003-12-22 09:59:23.759', NULL, NULL, true, 1);
INSERT INTO help_features VALUES (163, 93, NULL, 'The document can be uploaded using the upload button.', 0, '2003-12-22 09:59:23.768', 0, '2003-12-22 09:59:23.768', NULL, NULL, true, 1);
INSERT INTO help_features VALUES (164, 93, NULL, 'The new version of the document can be selected from your local computer using the browse button.', 0, '2003-12-22 09:59:23.771', 0, '2003-12-22 09:59:23.771', NULL, NULL, true, 2);
INSERT INTO help_features VALUES (165, 94, NULL, 'For each of the component you can view the details, modify the content or delete it completely using the select button in the Action column.', 0, '2003-12-22 09:59:23.78', 0, '2003-12-22 09:59:23.78', NULL, NULL, true, 1);
INSERT INTO help_features VALUES (166, 94, NULL, 'You can add an opportunity here by giving complete details about the opportunity.', 0, '2003-12-22 09:59:23.784', 0, '2003-12-22 09:59:23.784', NULL, NULL, true, 2);
INSERT INTO help_features VALUES (167, 94, NULL, 'The search results for existing opportunities are displayed here.', 0, '2003-12-22 09:59:23.788', 0, '2003-12-22 09:59:23.788', NULL, NULL, true, 3);
INSERT INTO help_features VALUES (168, 94, NULL, 'There are different views of the opportunities you can choose from the drop down list and the corresponding types for the opportunities.', 0, '2003-12-22 09:59:23.792', 0, '2003-12-22 09:59:23.792', NULL, NULL, true, 4);
INSERT INTO help_features VALUES (169, 95, NULL, 'In the Documents tab, documents associated with an opportunity can be added. This also displays the documents already linked with this opportunity and other details about the document. Details can be viewed, downloaded, modified or deleted by using the select button in the action column ', 0, '2003-12-22 09:59:23.801', 0, '2003-12-22 09:59:23.801', NULL, NULL, true, 1);
INSERT INTO help_features VALUES (170, 95, NULL, 'In the Calls tab you can add a call associated with the opportunity. This also displays the calls already linked with this opportunity and other details about the call. The call details can be viewed, modified, forwarded or deleted by using the select button in the action column. ', 0, '2003-12-22 09:59:23.806', 0, '2003-12-22 09:59:23.806', NULL, NULL, true, 2);
INSERT INTO help_features VALUES (171, 95, NULL, 'You can rename or delete the opportunity itself using the buttons below.', 0, '2003-12-22 09:59:23.811', 0, '2003-12-22 09:59:23.811', NULL, NULL, true, 3);
INSERT INTO help_features VALUES (172, 95, NULL, 'You can modify, view and delete the details of any particular component by clicking the select button in the action column.', 0, '2003-12-22 09:59:23.814', 0, '2003-12-22 09:59:23.814', NULL, NULL, true, 4);
INSERT INTO help_features VALUES (173, 95, NULL, 'In the Components tab, you can add a component. It also displays the status, amount and the date when the component will be closed. ', 0, '2003-12-22 09:59:23.818', 0, '2003-12-22 09:59:23.818', NULL, NULL, true, 5);
INSERT INTO help_features VALUES (174, 95, NULL, 'There are three tabs in each opportunity i.e. components, calls and documents.', 0, '2003-12-22 09:59:23.822', 0, '2003-12-22 09:59:23.822', NULL, NULL, true, 6);
INSERT INTO help_features VALUES (175, 95, NULL, 'You get the organization name or the contact name at the top, which on clicking will take you to the Account details. ', 0, '2003-12-22 09:59:23.826', 0, '2003-12-22 09:59:23.826', NULL, NULL, true, 7);
INSERT INTO help_features VALUES (176, 96, NULL, 'You can select the list of the recipients to whom you want to forward a call to by using the "Add Recipients" link. This will bring up a window with all users, from which you can then choose using check boxes.', 0, '2003-12-22 09:59:23.835', 0, '2003-12-22 09:59:23.835', NULL, NULL, true, 1);
INSERT INTO help_features VALUES (177, 96, NULL, 'You can email a copy of the call to a user''s Internet email by checking the Email check box.', 0, '2003-12-22 09:59:23.839', 0, '2003-12-22 09:59:23.839', NULL, NULL, true, 2);
INSERT INTO help_features VALUES (178, 96, NULL, 'You can add to the message by simply typing in the Body text box.', 0, '2003-12-22 09:59:23.842', 0, '2003-12-22 09:59:23.842', NULL, NULL, true, 3);
INSERT INTO help_features VALUES (179, 97, NULL, 'The version of the particular document can be modified using the add version link.', 0, '2003-12-22 09:59:23.856', 0, '2003-12-22 09:59:23.856', NULL, NULL, true, 1);
INSERT INTO help_features VALUES (180, 97, NULL, 'A document can be viewed, downloaded, modified or deleted by using the select button in the action column.', 0, '2003-12-22 09:59:23.859', 0, '2003-12-22 09:59:23.859', NULL, NULL, true, 2);
INSERT INTO help_features VALUES (181, 97, NULL, 'A click on the subject of the document will show all the versions present.', 0, '2003-12-22 09:59:23.863', 0, '2003-12-22 09:59:23.863', NULL, NULL, true, 3);
INSERT INTO help_features VALUES (182, 98, NULL, 'The type of the call can be selected using the drop down list and all the other details related to the call are updated using the update button', 0, '2003-12-22 09:59:23.872', 0, '2003-12-22 09:59:23.872', NULL, NULL, true, 1);
INSERT INTO help_features VALUES (183, 99, NULL, 'In the Calls tab you can add a call to the opportunity. This also displays the calls already linked with this opportunity and other details about the call. The call details can be viewed, modified, forwarded or deleted by using the select button in the action column', 0, '2003-12-22 09:59:23.881', 0, '2003-12-22 09:59:23.881', NULL, NULL, true, 1);
INSERT INTO help_features VALUES (184, 99, NULL, 'In the Components tab, you can add a component. It also displays the status, amount and the date when the component will be closed.', 0, '2003-12-22 09:59:23.885', 0, '2003-12-22 09:59:23.885', NULL, NULL, true, 2);
INSERT INTO help_features VALUES (185, 99, NULL, 'There are three tabs in each opportunity i.e. components, calls and documents.', 0, '2003-12-22 09:59:23.888', 0, '2003-12-22 09:59:23.888', NULL, NULL, true, 3);
INSERT INTO help_features VALUES (186, 99, NULL, 'You can rename or delete the whole opportunity (not just one of these components) using the buttons at the bottom.', 0, '2003-12-22 09:59:23.892', 0, '2003-12-22 09:59:23.892', NULL, NULL, true, 4);
INSERT INTO help_features VALUES (187, 99, NULL, 'The organization or contact name appears on top, above the Components Tab, which when clicked, will take you to the Account details.', 0, '2003-12-22 09:59:23.896', 0, '2003-12-22 09:59:23.896', NULL, NULL, true, 5);
INSERT INTO help_features VALUES (188, 99, NULL, 'You can modify, view and delete the details of any component by clicking the select button in the Action column, on the far left.', 0, '2003-12-22 09:59:23.899', 0, '2003-12-22 09:59:23.899', NULL, NULL, true, 6);
INSERT INTO help_features VALUES (189, 99, NULL, 'In the Documents tab, documents associated with the particular opportunity can be added. This also displays the documents already linked with this opportunity and other details about the document. Details can be viewed, downloaded, modified or deleted by using the select button in the action column', 0, '2003-12-22 09:59:23.903', 0, '2003-12-22 09:59:23.903', NULL, NULL, true, 7);
INSERT INTO help_features VALUES (190, 100, NULL, 'In the Calls tab you can add a call associated with the opportunity. This also displays the calls already linked with this opportunity and other details about the call. The call details can be viewed, modified, forwarded or deleted by using the select button in the action column', 0, '2003-12-22 09:59:23.913', 0, '2003-12-22 09:59:23.913', NULL, NULL, true, 1);
INSERT INTO help_features VALUES (191, 100, NULL, 'If the call subject is clicked then complete details about the call are displayed. ', 0, '2003-12-22 09:59:23.916', 0, '2003-12-22 09:59:23.916', NULL, NULL, true, 2);
INSERT INTO help_features VALUES (192, 101, NULL, 'There are different views of the opportunities you can choose from the dropdown list and the corresponding types of the opportunities. ', 0, '2003-12-22 09:59:23.926', 0, '2003-12-22 09:59:23.926', NULL, NULL, true, 1);
INSERT INTO help_features VALUES (193, 101, NULL, 'You can add an opportunity here by giving complete details about the opportunity.', 0, '2003-12-22 09:59:23.929', 0, '2003-12-22 09:59:23.929', NULL, NULL, true, 2);
INSERT INTO help_features VALUES (194, 101, NULL, 'The search results for existing opportunities are displayed here.', 0, '2003-12-22 09:59:23.933', 0, '2003-12-22 09:59:23.933', NULL, NULL, true, 3);
INSERT INTO help_features VALUES (195, 101, NULL, 'For each of the components you can view the details, modify the content or delete it completely using the select button in the Action column. You can click on any of the component names, which shows more details about the component, such as the calls and documents associated with it.', 0, '2003-12-22 09:59:23.938', 0, '2003-12-22 09:59:23.938', NULL, NULL, true, 4);
INSERT INTO help_features VALUES (196, 102, NULL, 'The list of employees reporting to a particular employee/supervisor is also shown below the progress chart.', 0, '2003-12-22 09:59:23.949', 0, '2003-12-22 09:59:23.949', NULL, NULL, true, 1);
INSERT INTO help_features VALUES (197, 102, NULL, 'Opportunities are displayed, with name and probable revemue. Clicking on the opportunities displays more details of the opportunity.', 0, '2003-12-22 09:59:23.953', 0, '2003-12-22 09:59:23.953', NULL, NULL, true, 2);
INSERT INTO help_features VALUES (198, 102, NULL, 'You can view the progress chart in different views for all the employees working under the owner or creator of the opportunity. The views can be selected from the drop down box under the chart. The mouse over or a click on the break point on the progress chart will give the date and exact value associated with that point.', 0, '2003-12-22 09:59:23.956', 0, '2003-12-22 09:59:23.956', NULL, NULL, true, 3);
INSERT INTO help_features VALUES (199, 103, NULL, 'The component details are shown with additional options for modifying and deleting the component.', 0, '2003-12-22 09:59:23.965', 0, '2003-12-22 09:59:23.965', NULL, NULL, true, 1);
INSERT INTO help_features VALUES (200, 104, NULL, 'The component type can be selected using the "select" link.', 0, '2003-12-22 09:59:23.974', 0, '2003-12-22 09:59:23.974', NULL, NULL, true, 1);
INSERT INTO help_features VALUES (201, 104, NULL, 'You can assign the component to any of the employee present using the dropdown list.', 0, '2003-12-22 09:59:23.978', 0, '2003-12-22 09:59:23.978', NULL, NULL, true, 2);
INSERT INTO help_features VALUES (202, 105, NULL, 'In the Calls tab you can add a call associated with the opportunity. This also displays the calls already linked with this opportunity and other details about the call. Call details can be viewed, modified, forwarded or deleted by using the select button in the action column. ', 0, '2003-12-22 09:59:23.987', 0, '2003-12-22 09:59:23.987', NULL, NULL, true, 1);
INSERT INTO help_features VALUES (203, 105, NULL, 'If the call subject is clicked then it will display complete details about the call.', 0, '2003-12-22 09:59:23.99', 0, '2003-12-22 09:59:23.99', NULL, NULL, true, 2);
INSERT INTO help_features VALUES (204, 106, NULL, 'You can modify, delete and forward each of the calls.', 0, '2003-12-22 09:59:24.001', 0, '2003-12-22 09:59:24.001', NULL, NULL, true, 1);
INSERT INTO help_features VALUES (205, 107, NULL, 'Clicking the Upload button will upload the selected document into the system.', 0, '2003-12-22 09:59:24.01', 0, '2003-12-22 09:59:24.01', NULL, NULL, true, 1);
INSERT INTO help_features VALUES (206, 107, NULL, 'Clicking the Browse button opens a file browser on your own system. Simply navigate to the file on your drive that you want to upload and click Open. This will close the window and bring you back to the upload page.', 0, '2003-12-22 09:59:24.016', 0, '2003-12-22 09:59:24.016', NULL, NULL, true, 2);
INSERT INTO help_features VALUES (207, 107, NULL, 'Add a very descriptive Subject for the file. This is a mandatory field.', 0, '2003-12-22 09:59:24.02', 0, '2003-12-22 09:59:24.02', NULL, NULL, true, 3);
INSERT INTO help_features VALUES (208, 108, NULL, 'All the versions of the document can be downloaded from here. Simply select the version you want and click the Download link on the far left.', 0, '2003-12-22 09:59:24.029', 0, '2003-12-22 09:59:24.029', NULL, NULL, true, 1);
INSERT INTO help_features VALUES (209, 109, NULL, 'The exported data can be viewed as a .csv file or in the html format. The exported data can also be deleted when the select button in the action field is clicked.', 0, '2003-12-22 09:59:24.038', 0, '2003-12-22 09:59:24.038', NULL, NULL, true, 1);
INSERT INTO help_features VALUES (210, 109, NULL, 'You can also choose to display the list of all the exported data in the system or the exported data created by you.', 0, '2003-12-22 09:59:24.042', 0, '2003-12-22 09:59:24.042', NULL, NULL, true, 2);
INSERT INTO help_features VALUES (211, 109, NULL, 'New export data can be generated, which lets you choose from the contacts list.', 0, '2003-12-22 09:59:24.046', 0, '2003-12-22 09:59:24.046', NULL, NULL, true, 3);
INSERT INTO help_features VALUES (212, 109, NULL, 'Click on the subject of the new export, the data is displayed in html format', 0, '2003-12-22 09:59:24.049', 0, '2003-12-22 09:59:24.049', NULL, NULL, true, 4);
INSERT INTO help_features VALUES (213, 110, NULL, 'Click the Generate button at top or bottom to generate the report from the fields you have included. Click cancel to quit and go back to the Export Data page.', 0, '2003-12-22 09:59:24.058', 0, '2003-12-22 09:59:24.058', NULL, NULL, true, 1);
INSERT INTO help_features VALUES (214, 110, NULL, 'Highlight the fields you want to include in the left column and click the Add or All link. Highlight fields in the right column and click the Del link to remove them.', 0, '2003-12-22 09:59:24.062', 0, '2003-12-22 09:59:24.062', NULL, NULL, true, 2);
INSERT INTO help_features VALUES (215, 110, NULL, 'Use the Sorting dropdown to sort the report by one of a variety of fields', 0, '2003-12-22 09:59:24.065', 0, '2003-12-22 09:59:24.065', NULL, NULL, true, 3);
INSERT INTO help_features VALUES (216, 110, NULL, 'Use the Criteria dropdown to use opportunities from My or All Opportunities', 0, '2003-12-22 09:59:24.069', 0, '2003-12-22 09:59:24.069', NULL, NULL, true, 4);
INSERT INTO help_features VALUES (217, 110, NULL, 'The Subject is a mandatory field.', 0, '2003-12-22 09:59:24.073', 0, '2003-12-22 09:59:24.073', NULL, NULL, true, 5);
INSERT INTO help_features VALUES (218, 111, NULL, 'Clicking on the alert link will let you modify the details of the account owner.', 0, '2003-12-22 09:59:24.088', 0, '2003-12-22 09:59:24.088', NULL, NULL, true, 1);
INSERT INTO help_features VALUES (219, 111, NULL, 'Accounts with contract end dates or other required actions will appear in the right hand window where you can take action on them.', 0, '2003-12-22 09:59:24.092', 0, '2003-12-22 09:59:24.092', NULL, NULL, true, 2);
INSERT INTO help_features VALUES (220, 111, NULL, 'You can view the schedule, actions, alert dates and contract end dates for yourself or your employees by using the dropdown at the top of the page.', 0, '2003-12-22 09:59:24.142', 0, '2003-12-22 09:59:24.142', NULL, NULL, true, 3);
INSERT INTO help_features VALUES (221, 111, NULL, 'You can modify the date range shown in the right hand window by clicking on a specific date on the calendar, or on one of the arrows to the left of each week on the calendar to give you a week''s view. Clicking on "Back To Next 7 Days View" at the top of the right window changes the view to the next seven days. The day or week you are currently viewing is highlighted in yellow. Today''s date is highlighted in blue. You can change the month and year using the dropdowns at the top of the calendar, and you can always return to today by using the Today link, also at the top of the calendar.', 0, '2003-12-22 09:59:24.146', 0, '2003-12-22 09:59:24.146', NULL, NULL, true, 4);
INSERT INTO help_features VALUES (222, 112, NULL, 'Use the Insert button at top or bottom to save your changes, Cancel to quit without saving, and Reset to reset all the fields to their default values and start over.', 0, '2003-12-22 09:59:24.155', 0, '2003-12-22 09:59:24.155', NULL, NULL, true, 1);
INSERT INTO help_features VALUES (223, 112, NULL, 'It''s a faily straightforward "fill in the blanks" exercise. There should be a "Primary" or "Business", or "Main" version of phone/fax numbers and addresses because other modules such as Communications Manager use these to perform other actions.', 0, '2003-12-22 09:59:24.159', 0, '2003-12-22 09:59:24.159', NULL, NULL, true, 2);
INSERT INTO help_features VALUES (224, 112, NULL, 'Fill in as many fields as possible. Most of them can be used later as search terms and for queries in reports.', 0, '2003-12-22 09:59:24.163', 0, '2003-12-22 09:59:24.163', NULL, NULL, true, 3);
INSERT INTO help_features VALUES (225, 112, NULL, 'Depending on whether you have chosen Organization or Individual, there are mandatory description fields to fill out about the account.', 0, '2003-12-22 09:59:24.166', 0, '2003-12-22 09:59:24.166', NULL, NULL, true, 4);
INSERT INTO help_features VALUES (226, 112, NULL, 'Choose whether this account is an Organization or an Individual with the appropriate radio button.', 0, '2003-12-22 09:59:24.17', 0, '2003-12-22 09:59:24.17', NULL, NULL, true, 5);
INSERT INTO help_features VALUES (227, 112, NULL, 'Clicking the Select link next to Account Type(s) will open a window with a variety of choices for Account Types. You cah choose and number by clicking the checkboxes to the left. It is important to use this feature as your choice(s) are used for searches and as the subject of querries in reports in other parts of the application.', 0, '2003-12-22 09:59:24.174', 0, '2003-12-22 09:59:24.174', NULL, NULL, true, 6);
INSERT INTO help_features VALUES (228, 113, NULL, 'The account owner can also be changed using the drop down list', 0, '2003-12-22 09:59:24.183', 0, '2003-12-22 09:59:24.183', NULL, NULL, true, 1);
INSERT INTO help_features VALUES (229, 113, NULL, 'The account type can be selected using the "Select" button', 0, '2003-12-22 09:59:24.186', 0, '2003-12-22 09:59:24.186', NULL, NULL, true, 2);
INSERT INTO help_features VALUES (230, 113, NULL, 'This is for adding or updating account details. The last name or the organization name, based on the classification, is the only mandatory field in creating a new account. The type of account can be selected using the select option given next to the account type', 0, '2003-12-22 09:59:24.19', 0, '2003-12-22 09:59:24.19', NULL, NULL, true, 3);
INSERT INTO help_features VALUES (231, 113, NULL, 'If the Account has a contract, you should enter a contract end date in the fields provided. This will generate an icon on the Home Page and an alert for the owner of the account that action must be taken at a prearranged time.', 0, '2003-12-22 09:59:24.194', 0, '2003-12-22 09:59:24.194', NULL, NULL, true, 4);
INSERT INTO help_features VALUES (232, 114, NULL, 'You can also view, modify, clone and delete the contact by clicking the select button under the action column.', 0, '2003-12-22 09:59:24.203', 0, '2003-12-22 09:59:24.203', NULL, NULL, true, 1);
INSERT INTO help_features VALUES (233, 114, NULL, 'When the name of the contact is clicked, it shows details of that contact, with the options to modify, clone and delete the contact details.', 0, '2003-12-22 09:59:24.207', 0, '2003-12-22 09:59:24.207', NULL, NULL, true, 2);
INSERT INTO help_features VALUES (234, 114, NULL, 'You can add a contact, which is associated with the account.', 0, '2003-12-22 09:59:24.21', 0, '2003-12-22 09:59:24.21', NULL, NULL, true, 3);
INSERT INTO help_features VALUES (235, 115, NULL, 'Using the select button in the action column you can view details and modify the record.', 0, '2003-12-22 09:59:24.219', 0, '2003-12-22 09:59:24.219', NULL, NULL, true, 1);
INSERT INTO help_features VALUES (236, 115, NULL, 'You can click on the record type to view the folders details and modify them.', 0, '2003-12-22 09:59:24.223', 0, '2003-12-22 09:59:24.223', NULL, NULL, true, 2);
INSERT INTO help_features VALUES (237, 115, NULL, 'A new record can be added to the folder.', 0, '2003-12-22 09:59:24.226', 0, '2003-12-22 09:59:24.226', NULL, NULL, true, 3);
INSERT INTO help_features VALUES (238, 115, NULL, 'The folders can be populated by configuring the module in the admin tab.. The type of the folder can be changed using the drop down list shown.', 0, '2003-12-22 09:59:24.23', 0, '2003-12-22 09:59:24.23', NULL, NULL, true, 4);
INSERT INTO help_features VALUES (239, 116, NULL, 'Opportunities associated with the contact, showing the best guess total and last modified date.', 0, '2003-12-22 09:59:24.239', 0, '2003-12-22 09:59:24.239', NULL, NULL, true, 1);
INSERT INTO help_features VALUES (240, 116, NULL, 'You can add an opportunity.', 0, '2003-12-22 09:59:24.243', 0, '2003-12-22 09:59:24.243', NULL, NULL, true, 2);
INSERT INTO help_features VALUES (241, 116, NULL, 'Three types of opportunities are present which can be selected from the drop down list.', 0, '2003-12-22 09:59:24.247', 0, '2003-12-22 09:59:24.247', NULL, NULL, true, 3);
INSERT INTO help_features VALUES (242, 116, NULL, 'When the description of the opportunity is clicked, it will give you more details about the opportunity and the components present in it.', 0, '2003-12-22 09:59:24.251', 0, '2003-12-22 09:59:24.251', NULL, NULL, true, 4);
INSERT INTO help_features VALUES (243, 117, NULL, 'By clicking on the description of the revenue you get the details about that revenue along with the options to modify and delete its details.', 0, '2003-12-22 09:59:24.262', 0, '2003-12-22 09:59:24.262', NULL, NULL, true, 1);
INSERT INTO help_features VALUES (244, 117, NULL, 'You can view your revenue or all the revenues associated with the account using the drop down box.', 0, '2003-12-22 09:59:24.266', 0, '2003-12-22 09:59:24.266', NULL, NULL, true, 2);
INSERT INTO help_features VALUES (245, 117, NULL, 'You can also view, modify and delete the details of the revenue by clicking the select button in the action column.', 0, '2003-12-22 09:59:24.27', 0, '2003-12-22 09:59:24.27', NULL, NULL, true, 3);
INSERT INTO help_features VALUES (246, 117, NULL, 'Add / update a new revenue associated with the account.', 0, '2003-12-22 09:59:24.273', 0, '2003-12-22 09:59:24.273', NULL, NULL, true, 4);
INSERT INTO help_features VALUES (247, 118, NULL, 'Clicking on the description of the revenue displays its details, along with options to modify and delete them.', 0, '2003-12-22 09:59:24.282', 0, '2003-12-22 09:59:24.282', NULL, NULL, true, 1);
INSERT INTO help_features VALUES (248, 118, NULL, 'You can view your revenue or all the revenues associated with the account using the drop down box.', 0, '2003-12-22 09:59:24.286', 0, '2003-12-22 09:59:24.286', NULL, NULL, true, 2);
INSERT INTO help_features VALUES (249, 118, NULL, 'You can also view, modify and delete the details of the revenue by clicking the select button in the action column.', 0, '2003-12-22 09:59:24.29', 0, '2003-12-22 09:59:24.29', NULL, NULL, true, 3);
INSERT INTO help_features VALUES (250, 118, NULL, 'Add / update a new revenue associated with the account.', 0, '2003-12-22 09:59:24.293', 0, '2003-12-22 09:59:24.293', NULL, NULL, true, 4);
INSERT INTO help_features VALUES (251, 119, NULL, 'Add new revenue to an account.', 0, '2003-12-22 09:59:24.302', 0, '2003-12-22 09:59:24.302', NULL, NULL, true, 1);
INSERT INTO help_features VALUES (252, 120, NULL, 'Fill in the blanks and use "Update" to save your changes or "Reset" to return to the original values.', 0, '2003-12-22 09:59:24.316', 0, '2003-12-22 09:59:24.316', NULL, NULL, true, 1);
INSERT INTO help_features VALUES (253, 121, NULL, 'You can also click the select button under the action column to view, modify or delete the ticket.', 0, '2003-12-22 09:59:24.325', 0, '2003-12-22 09:59:24.325', NULL, NULL, true, 1);
INSERT INTO help_features VALUES (254, 121, NULL, 'Clicking on the ticket number will let you view the details, modify or delete the ticket.', 0, '2003-12-22 09:59:24.328', 0, '2003-12-22 09:59:24.328', NULL, NULL, true, 2);
INSERT INTO help_features VALUES (255, 121, NULL, 'Add a new ticket.', 0, '2003-12-22 09:59:24.332', 0, '2003-12-22 09:59:24.332', NULL, NULL, true, 3);
INSERT INTO help_features VALUES (256, 122, NULL, 'The details of the documents can be viewed or modified by clicking on the select button under the Action column. ', 0, '2003-12-22 09:59:24.341', 0, '2003-12-22 09:59:24.341', NULL, NULL, true, 1);
INSERT INTO help_features VALUES (257, 122, NULL, 'Document versions can be updated by using the "add version" link. ', 0, '2003-12-22 09:59:24.345', 0, '2003-12-22 09:59:24.345', NULL, NULL, true, 2);
INSERT INTO help_features VALUES (258, 122, NULL, 'A new document can be added which is associated with the account.', 0, '2003-12-22 09:59:24.348', 0, '2003-12-22 09:59:24.348', NULL, NULL, true, 3);
INSERT INTO help_features VALUES (259, 122, NULL, 'You can view the details of, modify, download or delete the documents associated with the account.', 0, '2003-12-22 09:59:24.352', 0, '2003-12-22 09:59:24.352', NULL, NULL, true, 4);
INSERT INTO help_features VALUES (260, 123, NULL, 'You can search for accounts in the system. The search can be based on the account name, phone number or the account type. Three types of accounts can be selected from the drop down list shown.', 0, '2003-12-22 09:59:24.366', 0, '2003-12-22 09:59:24.366', NULL, NULL, true, 1);
INSERT INTO help_features VALUES (261, 124, NULL, 'Click Modify at the top or bottom of the page to modify these datails.', 0, '2003-12-22 09:59:24.375', 0, '2003-12-22 09:59:24.375', NULL, NULL, true, 1);
INSERT INTO help_features VALUES (262, 125, NULL, 'The list of employees reporting to a particular employee/supervisor is also shown below the progress chart. ', 0, '2003-12-22 09:59:24.384', 0, '2003-12-22 09:59:24.384', NULL, NULL, true, 1);
INSERT INTO help_features VALUES (263, 125, NULL, 'The Accounts present are also shown, with name and the amount of money associated with that Account. Clicking on the Account displays the details of the Account.', 0, '2003-12-22 09:59:24.388', 0, '2003-12-22 09:59:24.388', NULL, NULL, true, 2);
INSERT INTO help_features VALUES (264, 125, NULL, 'You can view the progress chart in different views for all the employees working under the owner or creator of the Account. The views can be selected from the drop down box present under the chart. A mouse over or a click on the break point on the progress chart will give the date and exact value associated with that point. ', 0, '2003-12-22 09:59:24.391', 0, '2003-12-22 09:59:24.391', NULL, NULL, true, 3);
INSERT INTO help_features VALUES (265, 126, NULL, 'The exported data can be viewed as a .csv file or in the html format. The exported data can also be deleted when the select button in the action field is clicked. ', 0, '2003-12-22 09:59:24.404', 0, '2003-12-22 09:59:24.404', NULL, NULL, true, 1);
INSERT INTO help_features VALUES (266, 126, NULL, 'You can also choose to display the list of all the exported data in the system or the exported data created by you. ', 0, '2003-12-22 09:59:24.407', 0, '2003-12-22 09:59:24.407', NULL, NULL, true, 2);
INSERT INTO help_features VALUES (267, 126, NULL, 'New export data can be generated using the "Generate new export" link.', 0, '2003-12-22 09:59:24.411', 0, '2003-12-22 09:59:24.411', NULL, NULL, true, 3);
INSERT INTO help_features VALUES (268, 127, NULL, 'The details are updated by clicking the Update button.', 0, '2003-12-22 09:59:24.42', 0, '2003-12-22 09:59:24.42', NULL, NULL, true, 1);
INSERT INTO help_features VALUES (269, 130, NULL, 'There are filters through which you can exactly select the data needed to generate the export data. Apart from selecting the type of accounts and the criteria, you can also select the fields required and then sort them.', 0, '2003-12-22 09:59:24.439', 0, '2003-12-22 09:59:24.439', NULL, NULL, true, 1);
INSERT INTO help_features VALUES (270, 131, NULL, 'Using the select button under the action column you can view the details about the call, modify the call, forward the call or delete the call on the whole.', 0, '2003-12-22 09:59:24.448', 0, '2003-12-22 09:59:24.448', NULL, NULL, true, 1);
INSERT INTO help_features VALUES (271, 131, NULL, 'Clicking on the subject of the call will show you the details about the call that was made to the contact.', 0, '2003-12-22 09:59:24.451', 0, '2003-12-22 09:59:24.451', NULL, NULL, true, 2);
INSERT INTO help_features VALUES (272, 131, NULL, 'You can add a call associated with the contact using the "Add a call" link.', 0, '2003-12-22 09:59:24.455', 0, '2003-12-22 09:59:24.455', NULL, NULL, true, 3);
INSERT INTO help_features VALUES (273, 132, NULL, 'Record details can be saved using the save button.', 0, '2003-12-22 09:59:24.464', 0, '2003-12-22 09:59:24.464', NULL, NULL, true, 1);
INSERT INTO help_features VALUES (274, 133, NULL, 'The details of the new call can be saved using the save button.', 0, '2003-12-22 09:59:24.473', 0, '2003-12-22 09:59:24.473', NULL, NULL, true, 1);
INSERT INTO help_features VALUES (275, 133, NULL, 'The call type can be selected from the dropdown box.', 0, '2003-12-22 09:59:24.477', 0, '2003-12-22 09:59:24.477', NULL, NULL, true, 2);
INSERT INTO help_features VALUES (276, 134, NULL, 'You can browse your local system to select a new document to upload.', 0, '2003-12-22 09:59:24.487', 0, '2003-12-22 09:59:24.487', NULL, NULL, true, 1);
INSERT INTO help_features VALUES (277, 137, NULL, 'You can upload a new version of an existing document.', 0, '2003-12-22 09:59:24.506', 0, '2003-12-22 09:59:24.506', NULL, NULL, true, 1);
INSERT INTO help_features VALUES (278, 140, NULL, 'You can insert a new ticket, add the ticket source and also assign new contact.', 0, '2003-12-22 09:59:24.526', 0, '2003-12-22 09:59:24.526', NULL, NULL, true, 1);
INSERT INTO help_features VALUES (279, 141, NULL, 'The details of the documents can be viewed or modified by clicking on the select button under the Action column ', 0, '2003-12-22 09:59:24.535', 0, '2003-12-22 09:59:24.535', NULL, NULL, true, 1);
INSERT INTO help_features VALUES (280, 141, NULL, 'You can view the details, modify, download or delete the documents associated with the ticket', 0, '2003-12-22 09:59:24.539', 0, '2003-12-22 09:59:24.539', NULL, NULL, true, 2);
INSERT INTO help_features VALUES (281, 141, NULL, 'A new document can be added which is associated with the ticket', 0, '2003-12-22 09:59:24.542', 0, '2003-12-22 09:59:24.542', NULL, NULL, true, 3);
INSERT INTO help_features VALUES (282, 141, NULL, 'The document versions can be updated by using the "add version" link', 0, '2003-12-22 09:59:24.546', 0, '2003-12-22 09:59:24.546', NULL, NULL, true, 4);
INSERT INTO help_features VALUES (283, 146, NULL, 'Clicking on the account name shows complete details about the account', 0, '2003-12-22 09:59:24.575', 0, '2003-12-22 09:59:24.575', NULL, NULL, true, 1);
INSERT INTO help_features VALUES (284, 146, NULL, 'You can add a new account', 0, '2003-12-22 09:59:24.579', 0, '2003-12-22 09:59:24.579', NULL, NULL, true, 2);
INSERT INTO help_features VALUES (285, 146, NULL, 'The select button in the Action column allows you to view, modify and archive the account. Archiving makes the account invisible, but it is still in the database.', 0, '2003-12-22 09:59:24.583', 0, '2003-12-22 09:59:24.583', NULL, NULL, true, 3);
INSERT INTO help_features VALUES (286, 147, NULL, 'You can download all the versions of the documents', 0, '2003-12-22 09:59:24.592', 0, '2003-12-22 09:59:24.592', NULL, NULL, true, 1);
INSERT INTO help_features VALUES (287, 148, NULL, 'You can modify / update the current document information, such as the subject and the filename', 0, '2003-12-22 09:59:24.601', 0, '2003-12-22 09:59:24.601', NULL, NULL, true, 1);
INSERT INTO help_features VALUES (288, 149, NULL, 'The details of the account can be modified here. The details can be saved using the Modify button.', 0, '2003-12-22 09:59:24.612', 0, '2003-12-22 09:59:24.612', NULL, NULL, true, 1);
INSERT INTO help_features VALUES (289, 150, NULL, 'You can modify, delete or forward the calls using the corresponding buttons.', 0, '2003-12-22 09:59:24.621', 0, '2003-12-22 09:59:24.621', NULL, NULL, true, 1);
INSERT INTO help_features VALUES (290, 151, NULL, 'The details of the new call can be saved using the save button.', 0, '2003-12-22 09:59:24.629', 0, '2003-12-22 09:59:24.629', NULL, NULL, true, 1);
INSERT INTO help_features VALUES (291, 151, NULL, 'The call type can be selected from the dropdown box.', 0, '2003-12-22 09:59:24.633', 0, '2003-12-22 09:59:24.633', NULL, NULL, true, 2);
INSERT INTO help_features VALUES (292, 152, NULL, 'You can modify, delete or forward the calls using the corresponding buttons.', 0, '2003-12-22 09:59:24.642', 0, '2003-12-22 09:59:24.642', NULL, NULL, true, 1);
INSERT INTO help_features VALUES (293, 153, NULL, 'You can select the list of the recipients to whom you want to forward the particular call to by using the "Add Recipients" link.', 0, '2003-12-22 09:59:24.651', 0, '2003-12-22 09:59:24.651', NULL, NULL, true, 1);
INSERT INTO help_features VALUES (294, 154, NULL, 'You can also view, modify and delete the opportunity associated with the contact.', 0, '2003-12-22 09:59:24.659', 0, '2003-12-22 09:59:24.659', NULL, NULL, true, 1);
INSERT INTO help_features VALUES (295, 154, NULL, 'When the description of the opportunity is clicked, it will display more details about the opportunity and its components.', 0, '2003-12-22 09:59:24.663', 0, '2003-12-22 09:59:24.663', NULL, NULL, true, 2);
INSERT INTO help_features VALUES (296, 154, NULL, 'Add an opportunity.', 0, '2003-12-22 09:59:24.667', 0, '2003-12-22 09:59:24.667', NULL, NULL, true, 3);
INSERT INTO help_features VALUES (297, 154, NULL, 'Select an opportunity type from the drop down list.', 0, '2003-12-22 09:59:24.67', 0, '2003-12-22 09:59:24.67', NULL, NULL, true, 4);
INSERT INTO help_features VALUES (298, 155, NULL, 'You can rename or delete the opportunity itself using the buttons below.', 0, '2003-12-22 09:59:24.679', 0, '2003-12-22 09:59:24.679', NULL, NULL, true, 1);
INSERT INTO help_features VALUES (299, 155, NULL, 'You can modify, view and delete the details of any particular component by clicking the select button in the action column. ', 0, '2003-12-22 09:59:24.683', 0, '2003-12-22 09:59:24.683', NULL, NULL, true, 2);
INSERT INTO help_features VALUES (300, 155, NULL, 'You can add a new component associated with the account. It also displays the status, amount and the date when the component will be closed. ', 0, '2003-12-22 09:59:24.687', 0, '2003-12-22 09:59:24.687', NULL, NULL, true, 3);
INSERT INTO help_features VALUES (301, 156, NULL, 'Lets you modify or delete the ticket information', 0, '2003-12-22 09:59:24.695', 0, '2003-12-22 09:59:24.695', NULL, NULL, true, 1);
INSERT INTO help_features VALUES (302, 156, NULL, 'You can view the tasks and documents related to a ticket along with the history of that document by clicking on the corresponding links.', 0, '2003-12-22 09:59:24.699', 0, '2003-12-22 09:59:24.699', NULL, NULL, true, 2);
INSERT INTO help_features VALUES (303, 157, NULL, 'You can also have tasks and documents related to a ticket along with the document history.', 0, '2003-12-22 09:59:24.711', 0, '2003-12-22 09:59:24.711', NULL, NULL, true, 1);
INSERT INTO help_features VALUES (304, 157, NULL, 'Lets you modify / update the ticket information.', 0, '2003-12-22 09:59:24.715', 0, '2003-12-22 09:59:24.715', NULL, NULL, true, 2);
INSERT INTO help_features VALUES (305, 158, NULL, 'The details of the task can be viewed or modified by clicking on the select button under the Action column. ', 0, '2003-12-22 09:59:24.724', 0, '2003-12-22 09:59:24.724', NULL, NULL, true, 1);
INSERT INTO help_features VALUES (306, 158, NULL, 'You can update the task by clicking on the description of the task.', 0, '2003-12-22 09:59:24.728', 0, '2003-12-22 09:59:24.728', NULL, NULL, true, 2);
INSERT INTO help_features VALUES (307, 158, NULL, 'You can add a task which is associated with the existing ticket.', 0, '2003-12-22 09:59:24.731', 0, '2003-12-22 09:59:24.731', NULL, NULL, true, 3);
INSERT INTO help_features VALUES (308, 159, NULL, 'The document can be uploaded using the browse button.', 0, '2003-12-22 09:59:24.74', 0, '2003-12-22 09:59:24.74', NULL, NULL, true, 1);
INSERT INTO help_features VALUES (309, 161, NULL, 'You can download all the different versions of the documents using the "Download" link in the Action column.', 0, '2003-12-22 09:59:24.755', 0, '2003-12-22 09:59:24.755', NULL, NULL, true, 1);
INSERT INTO help_features VALUES (310, 162, NULL, 'The subject and the filename of the document can be modified.', 0, '2003-12-22 09:59:24.764', 0, '2003-12-22 09:59:24.764', NULL, NULL, true, 1);
INSERT INTO help_features VALUES (311, 163, NULL, 'The subject and the file name can be changed. The version number is updated when an updated document is uploaded.', 0, '2003-12-22 09:59:24.773', 0, '2003-12-22 09:59:24.773', NULL, NULL, true, 1);
INSERT INTO help_features VALUES (312, 164, NULL, 'The exported data can be viewed as a .csv file or in html format. The exported data can also be deleted when the select button in the action field is clicked. ', 0, '2003-12-22 09:59:24.782', 0, '2003-12-22 09:59:24.782', NULL, NULL, true, 1);
INSERT INTO help_features VALUES (313, 164, NULL, 'You can also choose to display a list of all the exported data in the system or the exported data created by you.', 0, '2003-12-22 09:59:24.786', 0, '2003-12-22 09:59:24.786', NULL, NULL, true, 2);
INSERT INTO help_features VALUES (314, 164, NULL, 'New export data can be generated using the "Generate new export" link.', 0, '2003-12-22 09:59:24.789', 0, '2003-12-22 09:59:24.789', NULL, NULL, true, 3);
INSERT INTO help_features VALUES (315, 165, NULL, 'Revenue details along with the option to modify and delete revenue.', 0, '2003-12-22 09:59:24.798', 0, '2003-12-22 09:59:24.798', NULL, NULL, true, 1);
INSERT INTO help_features VALUES (316, 167, NULL, 'You can add / update an opportunity here and assign it to an employee. The opportunity can be associated with an account or a contact. Each opportunity created requires the estimate or the probability of closing the deal, the duration and the best estimate of the person following up the lead.', 0, '2003-12-22 09:59:24.812', 0, '2003-12-22 09:59:24.812', NULL, NULL, true, 1);
INSERT INTO help_features VALUES (317, 168, NULL, 'You can add / update an opportunity here and assign it to an employee. The opportunity can be associated with an account or a contact. Each opportunity created requires the estimate or the probability of closing the deal, the duration and the best estimate of the person following up the lead. ', 0, '2003-12-22 09:59:24.821', 0, '2003-12-22 09:59:24.821', NULL, NULL, true, 1);
INSERT INTO help_features VALUES (318, 169, NULL, 'An opportunity can be renamed or deleted using the buttons present at the bottom of the page', 0, '2003-12-22 09:59:24.83', 0, '2003-12-22 09:59:24.83', NULL, NULL, true, 1);
INSERT INTO help_features VALUES (319, 169, NULL, 'Clicking on the select button lets you view, modify or delete the details about the component ', 0, '2003-12-22 09:59:24.833', 0, '2003-12-22 09:59:24.833', NULL, NULL, true, 2);
INSERT INTO help_features VALUES (320, 169, NULL, 'Clicking on the name of the component would show the details about the component ', 0, '2003-12-22 09:59:24.837', 0, '2003-12-22 09:59:24.837', NULL, NULL, true, 3);
INSERT INTO help_features VALUES (321, 169, NULL, 'Add a new component which is associated with the account.', 0, '2003-12-22 09:59:24.842', 0, '2003-12-22 09:59:24.842', NULL, NULL, true, 4);
INSERT INTO help_features VALUES (322, 170, NULL, 'The description of the opportunity can be changed using the update button.', 0, '2003-12-22 09:59:24.85', 0, '2003-12-22 09:59:24.85', NULL, NULL, true, 1);
INSERT INTO help_features VALUES (323, 171, NULL, 'You can modify and delete the opportunity created using the modify and the delete buttons ', 0, '2003-12-22 09:59:24.859', 0, '2003-12-22 09:59:24.859', NULL, NULL, true, 1);
INSERT INTO help_features VALUES (324, 172, NULL, 'The component type can be selected using the select  link', 0, '2003-12-22 09:59:24.87', 0, '2003-12-22 09:59:24.87', NULL, NULL, true, 1);
INSERT INTO help_features VALUES (325, 172, NULL, 'You can assign the component to any of the employee present using the dropdown list present. ', 0, '2003-12-22 09:59:24.874', 0, '2003-12-22 09:59:24.874', NULL, NULL, true, 2);
INSERT INTO help_features VALUES (326, 173, NULL, 'The component type can be selected using the select  link', 0, '2003-12-22 09:59:24.885', 0, '2003-12-22 09:59:24.885', NULL, NULL, true, 1);
INSERT INTO help_features VALUES (327, 173, NULL, 'You can assign the component to any of the employee present using the dropdown list present. ', 0, '2003-12-22 09:59:24.889', 0, '2003-12-22 09:59:24.889', NULL, NULL, true, 2);
INSERT INTO help_features VALUES (328, 173, NULL, 'Clicking the update button can save the changes made to the component', 0, '2003-12-22 09:59:24.893', 0, '2003-12-22 09:59:24.893', NULL, NULL, true, 3);
INSERT INTO help_features VALUES (329, 174, NULL, 'You can modify and delete the opportunity created using the modify and the delete buttons ', 0, '2003-12-22 09:59:24.906', 0, '2003-12-22 09:59:24.906', NULL, NULL, true, 1);
INSERT INTO help_features VALUES (330, 175, NULL, 'Clicking the select button under the action column gives you the option to view the details about the campaign, download the mail merge and also lets you to export it to Excel.', 0, '2003-12-22 09:59:24.922', 0, '2003-12-22 09:59:24.922', NULL, NULL, true, 1);
INSERT INTO help_features VALUES (331, 175, NULL, 'Clicking on the campaign name gives you complete details about the campaign.', 0, '2003-12-22 09:59:24.971', 0, '2003-12-22 09:59:24.971', NULL, NULL, true, 2);
INSERT INTO help_features VALUES (332, 175, NULL, 'You can display the campaigns created and their details using three different views by selecting from the drop down list.', 0, '2003-12-22 09:59:24.975', 0, '2003-12-22 09:59:24.975', NULL, NULL, true, 3);
INSERT INTO help_features VALUES (333, 176, NULL, 'This creates a new Campaign. This takes in both the campaign and its description.', 0, '2003-12-22 09:59:24.984', 0, '2003-12-22 09:59:24.984', NULL, NULL, true, 1);
INSERT INTO help_features VALUES (334, 177, NULL, 'You can view, modify and delete details by clicking the select button under the action column.', 0, '2003-12-22 09:59:24.995', 0, '2003-12-22 09:59:24.995', NULL, NULL, true, 1);
INSERT INTO help_features VALUES (335, 177, NULL, 'For each of the campaign, the groups, message and delivery columns show whether they are complete or not. Clicking on these will help you choose the group, message and the delivery date.', 0, '2003-12-22 09:59:24.999', 0, '2003-12-22 09:59:24.999', NULL, NULL, true, 2);
INSERT INTO help_features VALUES (336, 177, NULL, 'Clicking the name of the campaign shows you more details about the campaign and also shows the list of the things to be selected before a campaign can be activated', 0, '2003-12-22 09:59:25.002', 0, '2003-12-22 09:59:25.002', NULL, NULL, true, 3);
INSERT INTO help_features VALUES (337, 177, NULL, 'You can view your incomplete campaigns or all the incomplete campaigns. You can select the view with the drop down list at the top.', 0, '2003-12-22 09:59:25.006', 0, '2003-12-22 09:59:25.006', NULL, NULL, true, 4);
INSERT INTO help_features VALUES (338, 177, NULL, 'Add a campaign ', 0, '2003-12-22 09:59:25.01', 0, '2003-12-22 09:59:25.01', NULL, NULL, true, 5);
INSERT INTO help_features VALUES (339, 178, NULL, 'You can also click the select button under the Action column for viewing, modifying or deleting the details.', 0, '2003-12-22 09:59:25.019', 0, '2003-12-22 09:59:25.019', NULL, NULL, true, 1);
INSERT INTO help_features VALUES (340, 178, NULL, 'Clicking the group name will show the list of contacts present in the group.', 0, '2003-12-22 09:59:25.022', 0, '2003-12-22 09:59:25.022', NULL, NULL, true, 2);
INSERT INTO help_features VALUES (341, 178, NULL, 'Add a contact group using the link "Add a Contact Group".', 0, '2003-12-22 09:59:25.026', 0, '2003-12-22 09:59:25.026', NULL, NULL, true, 3);
INSERT INTO help_features VALUES (342, 178, NULL, 'You can filter the list of groups displayed by selecting from the drop down.', 0, '2003-12-22 09:59:25.03', 0, '2003-12-22 09:59:25.03', NULL, NULL, true, 4);
INSERT INTO help_features VALUES (343, 179, NULL, 'You can preview the details of the group by clicking on the preview button.', 0, '2003-12-22 09:59:25.038', 0, '2003-12-22 09:59:25.038', NULL, NULL, true, 1);
INSERT INTO help_features VALUES (344, 179, NULL, 'You can also select from the list of "Selected criteria and contacts" and remove them by clicking the remove button.', 0, '2003-12-22 09:59:25.042', 0, '2003-12-22 09:59:25.042', NULL, NULL, true, 2);
INSERT INTO help_features VALUES (345, 179, NULL, 'You can define the criteria to generate the list by using the different filters present and then add them to the "Selected criteria and contacts".', 0, '2003-12-22 09:59:25.046', 0, '2003-12-22 09:59:25.046', NULL, NULL, true, 3);
INSERT INTO help_features VALUES (346, 179, NULL, 'You can select the criteria for the group to be created. Clicking the "Add/Remove Contacts" can choose the specific contacts.', 0, '2003-12-22 09:59:25.049', 0, '2003-12-22 09:59:25.049', NULL, NULL, true, 4);
INSERT INTO help_features VALUES (347, 180, NULL, 'You can view, modify, clone or delete each of the messages.', 0, '2003-12-22 09:59:25.059', 0, '2003-12-22 09:59:25.059', NULL, NULL, true, 1);
INSERT INTO help_features VALUES (348, 180, NULL, 'The dropdown list acts as filters for displaying the messages that meet certain criteria.', 0, '2003-12-22 09:59:25.062', 0, '2003-12-22 09:59:25.062', NULL, NULL, true, 2);
INSERT INTO help_features VALUES (349, 180, NULL, 'Clicking on the message name will show details about the message, which can be updated.', 0, '2003-12-22 09:59:25.066', 0, '2003-12-22 09:59:25.066', NULL, NULL, true, 3);
INSERT INTO help_features VALUES (350, 180, NULL, 'Add a new message', 0, '2003-12-22 09:59:25.07', 0, '2003-12-22 09:59:25.07', NULL, NULL, true, 4);
INSERT INTO help_features VALUES (351, 181, NULL, 'The new message can be saved by clicking the save message button.', 0, '2003-12-22 09:59:25.078', 0, '2003-12-22 09:59:25.078', NULL, NULL, true, 1);
INSERT INTO help_features VALUES (352, 181, NULL, 'The permissions or the access type for the message can be chosen from drop down box.', 0, '2003-12-22 09:59:25.082', 0, '2003-12-22 09:59:25.082', NULL, NULL, true, 2);
INSERT INTO help_features VALUES (353, 182, NULL, 'Clicking on the "surveys" will let you create new interactive surveys.', 0, '2003-12-22 09:59:25.091', 0, '2003-12-22 09:59:25.091', NULL, NULL, true, 1);
INSERT INTO help_features VALUES (354, 183, NULL, 'You can use the preview button to view the details about the contacts in a group.', 0, '2003-12-22 09:59:25.10', 0, '2003-12-22 09:59:25.10', NULL, NULL, true, 1);
INSERT INTO help_features VALUES (355, 183, NULL, 'You can modify or delete a group.', 0, '2003-12-22 09:59:25.103', 0, '2003-12-22 09:59:25.103', NULL, NULL, true, 2);
INSERT INTO help_features VALUES (356, 184, NULL, 'You can change the version of the document when ever an updated document is uploaded.', 0, '2003-12-22 09:59:25.112', 0, '2003-12-22 09:59:25.112', NULL, NULL, true, 1);
INSERT INTO help_features VALUES (357, 188, NULL, 'You can browse to select a new document to upload if its related to the campaign.', 0, '2003-12-22 09:59:25.136', 0, '2003-12-22 09:59:25.136', NULL, NULL, true, 1);
INSERT INTO help_features VALUES (358, 190, NULL, 'You can also go back from the current detailed view to the group details criteria.', 0, '2003-12-22 09:59:25.15', 0, '2003-12-22 09:59:25.15', NULL, NULL, true, 1);
INSERT INTO help_features VALUES (359, 191, NULL, 'You can download from the list of documents available by using the "download" link under the action column.', 0, '2003-12-22 09:59:25.162', 0, '2003-12-22 09:59:25.162', NULL, NULL, true, 1);
INSERT INTO help_features VALUES (360, 193, NULL, 'The name of the survey is a mandatory field for creating a survey. A description, introduction and thank-you note can also be added.', 0, '2003-12-22 09:59:25.177', 0, '2003-12-22 09:59:25.177', NULL, NULL, true, 1);
INSERT INTO help_features VALUES (361, 195, NULL, 'You can download the mail merge shown at the bottom of the details.', 0, '2003-12-22 09:59:25.191', 0, '2003-12-22 09:59:25.191', NULL, NULL, true, 1);
INSERT INTO help_features VALUES (362, 196, NULL, 'Different versions of the document can be downloaded using the "download" link in the action column.', 0, '2003-12-22 09:59:25.20', 0, '2003-12-22 09:59:25.20', NULL, NULL, true, 1);
INSERT INTO help_features VALUES (363, 201, NULL, 'You can update the campaign schedule by filling in the run date and the delivery method whether it''s an email, fax or letter or any other method.', 0, '2003-12-22 09:59:25.228', 0, '2003-12-22 09:59:25.228', NULL, NULL, true, 1);
INSERT INTO help_features VALUES (364, 202, NULL, 'You can also generate a list of contacts be selecting from the filters and adding them to the "selected criteria and contacts" list.', 0, '2003-12-22 09:59:25.238', 0, '2003-12-22 09:59:25.238', NULL, NULL, true, 1);
INSERT INTO help_features VALUES (365, 202, NULL, 'You can choose the contacts in the group using the "Add / Remove contacts" link present.', 0, '2003-12-22 09:59:25.242', 0, '2003-12-22 09:59:25.242', NULL, NULL, true, 2);
INSERT INTO help_features VALUES (366, 202, NULL, 'You can update the name of the group ', 0, '2003-12-22 09:59:25.246', 0, '2003-12-22 09:59:25.246', NULL, NULL, true, 3);
INSERT INTO help_features VALUES (367, 204, NULL, 'There can be multiple attachments to a single message. The attachment that needs to be downloaded has to be selected first and then downloaded.', 0, '2003-12-22 09:59:25.26', 0, '2003-12-22 09:59:25.26', NULL, NULL, true, 1);
INSERT INTO help_features VALUES (368, 208, NULL, 'The details of the documents can be viewed or modified by clicking on the select button under the Action column. ', 0, '2003-12-22 09:59:25.303', 0, '2003-12-22 09:59:25.303', NULL, NULL, true, 1);
INSERT INTO help_features VALUES (369, 208, NULL, 'You can view the details, modify, download or delete the documents associated with the account.', 0, '2003-12-22 09:59:25.306', 0, '2003-12-22 09:59:25.306', NULL, NULL, true, 2);
INSERT INTO help_features VALUES (370, 208, NULL, 'A new document can be added to the account. ', 0, '2003-12-22 09:59:25.31', 0, '2003-12-22 09:59:25.31', NULL, NULL, true, 3);
INSERT INTO help_features VALUES (371, 208, NULL, 'The document versions can be updated by using the "add version" link. ', 0, '2003-12-22 09:59:25.314', 0, '2003-12-22 09:59:25.314', NULL, NULL, true, 4);
INSERT INTO help_features VALUES (372, 209, NULL, 'The name of the campaign can be changed or deleted by using the buttons at the bottom of the page.', 0, '2003-12-22 09:59:25.325', 0, '2003-12-22 09:59:25.325', NULL, NULL, true, 1);
INSERT INTO help_features VALUES (373, 209, NULL, 'You can choose a group / groups, a message for the campaign, and a delivery date for the campaign to start. You can also add attachments to the messages you send to recipients.', 0, '2003-12-22 09:59:25.329', 0, '2003-12-22 09:59:25.329', NULL, NULL, true, 2);
INSERT INTO help_features VALUES (374, 210, NULL, 'You can check the groups you want for the current campaign.', 0, '2003-12-22 09:59:25.34', 0, '2003-12-22 09:59:25.34', NULL, NULL, true, 1);
INSERT INTO help_features VALUES (375, 210, NULL, 'You can also add attachments to the messages you send to recipients by clicking the preview recipient''s link next to each group.', 0, '2003-12-22 09:59:25.343', 0, '2003-12-22 09:59:25.343', NULL, NULL, true, 2);
INSERT INTO help_features VALUES (376, 210, NULL, 'You can view all the groups present or the groups created by you just by choosing from the drop down box.', 0, '2003-12-22 09:59:25.347', 0, '2003-12-22 09:59:25.347', NULL, NULL, true, 3);
INSERT INTO help_features VALUES (377, 211, NULL, 'You can select a message for this campaign from the dropdown list of all the messages or just your messages.', 0, '2003-12-22 09:59:25.357', 0, '2003-12-22 09:59:25.357', NULL, NULL, true, 1);
INSERT INTO help_features VALUES (378, 211, NULL, 'The messages can be of multiple types, which can be used as filters and can be selected from the drop down list. For each type you have further classification.', 0, '2003-12-22 09:59:25.36', 0, '2003-12-22 09:59:25.36', NULL, NULL, true, 2);
INSERT INTO help_features VALUES (379, 212, NULL, 'The attachments configured are the surveys or the file attachments. Using the links "change survey" and "change file attachments", you can change either of them.', 0, '2003-12-22 09:59:25.373', 0, '2003-12-22 09:59:25.373', NULL, NULL, true, 1);
INSERT INTO help_features VALUES (380, 213, NULL, 'You can view and select from all, or only your own surveys.', 0, '2003-12-22 09:59:25.384', 0, '2003-12-22 09:59:25.384', NULL, NULL, true, 1);
INSERT INTO help_features VALUES (381, 214, NULL, 'You can download or remove the file name. You can also upload files using the browse button.', 0, '2003-12-22 09:59:25.393', 0, '2003-12-22 09:59:25.393', NULL, NULL, true, 1);
INSERT INTO help_features VALUES (382, 215, NULL, 'The name and the description of the campaign can be changed.', 0, '2003-12-22 09:59:25.402', 0, '2003-12-22 09:59:25.402', NULL, NULL, true, 1);
INSERT INTO help_features VALUES (383, 216, NULL, 'You can modify, delete or clone the message details by clicking on corresponding buttons.', 0, '2003-12-22 09:59:25.41', 0, '2003-12-22 09:59:25.41', NULL, NULL, true, 1);
INSERT INTO help_features VALUES (384, 217, NULL, 'You can select font properties for the text of the message along with the size and indentation.', 0, '2003-12-22 09:59:25.42', 0, '2003-12-22 09:59:25.42', NULL, NULL, true, 1);
INSERT INTO help_features VALUES (385, 217, NULL, 'The name of the message and the access type can be given, which specifies who can view the message.', 0, '2003-12-22 09:59:25.424', 0, '2003-12-22 09:59:25.424', NULL, NULL, true, 2);
INSERT INTO help_features VALUES (386, 218, NULL, 'You can modify, delete or clone the message details by clicking on corresponding buttons.', 0, '2003-12-22 09:59:25.433', 0, '2003-12-22 09:59:25.433', NULL, NULL, true, 1);
INSERT INTO help_features VALUES (387, 219, NULL, 'You can select font properties for the text of the message along with the size and indentation. ', 0, '2003-12-22 09:59:25.442', 0, '2003-12-22 09:59:25.442', NULL, NULL, true, 1);
INSERT INTO help_features VALUES (388, 219, NULL, 'The name of the message and the access type can be given, which specifies who can view the message.', 0, '2003-12-22 09:59:25.446', 0, '2003-12-22 09:59:25.446', NULL, NULL, true, 2);
INSERT INTO help_features VALUES (389, 220, NULL, 'You can also view, modify and delete the details of a survey. ', 0, '2003-12-22 09:59:25.459', 0, '2003-12-22 09:59:25.459', NULL, NULL, true, 1);
INSERT INTO help_features VALUES (390, 220, NULL, 'Clicking on the name of the survey shows its details.', 0, '2003-12-22 09:59:25.463', 0, '2003-12-22 09:59:25.463', NULL, NULL, true, 2);
INSERT INTO help_features VALUES (391, 220, NULL, 'Add a new survey', 0, '2003-12-22 09:59:25.467', 0, '2003-12-22 09:59:25.467', NULL, NULL, true, 3);
INSERT INTO help_features VALUES (392, 220, NULL, 'You can view all or your own surveys using the drop down list.', 0, '2003-12-22 09:59:25.47', 0, '2003-12-22 09:59:25.47', NULL, NULL, true, 4);
INSERT INTO help_features VALUES (393, 221, NULL, 'The "Save & Add" button saves the current question and lets you add another one immediately.', 0, '2003-12-22 09:59:25.479', 0, '2003-12-22 09:59:25.479', NULL, NULL, true, 1);
INSERT INTO help_features VALUES (394, 221, NULL, 'You can also specify whether the particular question is required or not by checking the checkbox.', 0, '2003-12-22 09:59:25.483', 0, '2003-12-22 09:59:25.483', NULL, NULL, true, 2);
INSERT INTO help_features VALUES (395, 221, NULL, 'If the selected question type is "Item List", then an Edit button is enabled which helps in adding new elements to the existing list.', 0, '2003-12-22 09:59:25.486', 0, '2003-12-22 09:59:25.486', NULL, NULL, true, 3);
INSERT INTO help_features VALUES (396, 221, NULL, 'A new question type can be selected through the drop down list.', 0, '2003-12-22 09:59:25.49', 0, '2003-12-22 09:59:25.49', NULL, NULL, true, 4);
INSERT INTO help_features VALUES (397, 222, NULL, 'The preview button shows you the survey questions in a pop-up window.', 0, '2003-12-22 09:59:25.498', 0, '2003-12-22 09:59:25.498', NULL, NULL, true, 1);
INSERT INTO help_features VALUES (398, 222, NULL, 'You can modify, delete, and preview the survey details using the buttons at the top of the page.', 0, '2003-12-22 09:59:25.502', 0, '2003-12-22 09:59:25.502', NULL, NULL, true, 2);
INSERT INTO help_features VALUES (399, 222, NULL, 'You can view the survey introduction text, the questions and the thank-you text. ', 0, '2003-12-22 09:59:25.506', 0, '2003-12-22 09:59:25.506', NULL, NULL, true, 3);
INSERT INTO help_features VALUES (400, 223, NULL, 'You can add questions to the survey here.', 0, '2003-12-22 09:59:25.515', 0, '2003-12-22 09:59:25.515', NULL, NULL, true, 1);
INSERT INTO help_features VALUES (401, 223, NULL, 'Clicking the "Done" button can save the survey and you can also traverse back by clicking the "Back" button.', 0, '2003-12-22 09:59:25.518', 0, '2003-12-22 09:59:25.518', NULL, NULL, true, 2);
INSERT INTO help_features VALUES (402, 223, NULL, 'The survey questions can be moved up or down using the "Up" or "Down" links present in the action field.', 0, '2003-12-22 09:59:25.522', 0, '2003-12-22 09:59:25.522', NULL, NULL, true, 3);
INSERT INTO help_features VALUES (403, 223, NULL, 'You can edit or delete any of the survey questions using the "edit" or "del" link under the action field.', 0, '2003-12-22 09:59:25.526', 0, '2003-12-22 09:59:25.526', NULL, NULL, true, 4);
INSERT INTO help_features VALUES (404, 223, NULL, 'You can add new survey questions here. ', 0, '2003-12-22 09:59:25.529', 0, '2003-12-22 09:59:25.529', NULL, NULL, true, 5);
INSERT INTO help_features VALUES (405, 224, NULL, 'You can click on "Create Attachments" and include interactive items, like surveys, or provide additional materials like files.', 0, '2003-12-22 09:59:25.538', 0, '2003-12-22 09:59:25.538', NULL, NULL, true, 1);
INSERT INTO help_features VALUES (406, 224, NULL, 'Clicking the "Create Message"  link lets you compose a message to reach your audience.', 0, '2003-12-22 09:59:25.542', 0, '2003-12-22 09:59:25.542', NULL, NULL, true, 2);
INSERT INTO help_features VALUES (407, 224, NULL, 'You can click the "Build Groups" link to assemble dynamic distribution of groups. Each campaign needs at least one group to send a message to.', 0, '2003-12-22 09:59:25.546', 0, '2003-12-22 09:59:25.546', NULL, NULL, true, 3);
INSERT INTO help_features VALUES (408, 224, NULL, 'The "Campaign Builder" can be clicked to select groups of contacts that you would like to send a message to, schedule a delivery date, etc.', 0, '2003-12-22 09:59:25.549', 0, '2003-12-22 09:59:25.549', NULL, NULL, true, 4);
INSERT INTO help_features VALUES (409, 224, NULL, 'You can click on the "Dashboard" to view the sent messages and to drill down and view recipients and survey results.', 0, '2003-12-22 09:59:25.553', 0, '2003-12-22 09:59:25.553', NULL, NULL, true, 5);
INSERT INTO help_features VALUES (410, 225, NULL, 'Lets you modify or delete ticket information ', 0, '2003-12-22 09:59:25.57', 0, '2003-12-22 09:59:25.57', NULL, NULL, true, 1);
INSERT INTO help_features VALUES (411, 225, NULL, 'You can also store tasks and documents related to a ticket.', 0, '2003-12-22 09:59:25.573', 0, '2003-12-22 09:59:25.573', NULL, NULL, true, 2);
INSERT INTO help_features VALUES (412, 226, NULL, 'For each new ticket you can select the organization, the contact and also the issue for which the ticket is being created. The assignment and the resolution of the ticket can also be entered.', 0, '2003-12-22 09:59:25.625', 0, '2003-12-22 09:59:25.625', NULL, NULL, true, 1);
INSERT INTO help_features VALUES (413, 227, NULL, 'The search can be done based on different parameters like the ticket number, account associated, priority, employee whom the ticket is assigned etc.', 0, '2003-12-22 09:59:25.634', 0, '2003-12-22 09:59:25.634', NULL, NULL, true, 1);
INSERT INTO help_features VALUES (414, 228, NULL, 'Clicking on the subject of the exported data shows you the details of the ticket like the ticket ID, the organization and its issue (why the particular ticket was generated).', 0, '2003-12-22 09:59:25.643', 0, '2003-12-22 09:59:25.643', NULL, NULL, true, 1);
INSERT INTO help_features VALUES (415, 228, NULL, 'Clicking on the select button under the action column lets you view the data, download the data in .CSV format or delete the data.', 0, '2003-12-22 09:59:25.647', 0, '2003-12-22 09:59:25.647', NULL, NULL, true, 2);
INSERT INTO help_features VALUES (416, 228, NULL, 'You can filter the exported date generated, by you or by all employees using the dropdown list.', 0, '2003-12-22 09:59:25.651', 0, '2003-12-22 09:59:25.651', NULL, NULL, true, 3);
INSERT INTO help_features VALUES (417, 228, NULL, 'You can generate a new exported data by clicking the link "Generate new export".', 0, '2003-12-22 09:59:25.654', 0, '2003-12-22 09:59:25.654', NULL, NULL, true, 4);
INSERT INTO help_features VALUES (418, 229, NULL, 'You can save the details of the modified ticket by clicking the "Update" button.', 0, '2003-12-22 09:59:25.663', 0, '2003-12-22 09:59:25.663', NULL, NULL, true, 1);
INSERT INTO help_features VALUES (419, 230, NULL, 'You can save the details of the modified ticket by clicking the "Update" button.', 0, '2003-12-22 09:59:25.672', 0, '2003-12-22 09:59:25.672', NULL, NULL, true, 1);
INSERT INTO help_features VALUES (420, 231, NULL, 'The details of the task can be viewed or modified by clicking on the select button under the Action column. ', 0, '2003-12-22 09:59:25.681', 0, '2003-12-22 09:59:25.681', NULL, NULL, true, 1);
INSERT INTO help_features VALUES (421, 231, NULL, 'You can update the task by clicking on the description of the task. ', 0, '2003-12-22 09:59:25.685', 0, '2003-12-22 09:59:25.685', NULL, NULL, true, 2);
INSERT INTO help_features VALUES (422, 231, NULL, 'You can add a task which is associated with the existing ticket. ', 0, '2003-12-22 09:59:25.688', 0, '2003-12-22 09:59:25.688', NULL, NULL, true, 3);
INSERT INTO help_features VALUES (423, 232, NULL, 'The details of the documents can be viewed or modified by clicking on the select button under the Action column. ', 0, '2003-12-22 09:59:25.697', 0, '2003-12-22 09:59:25.697', NULL, NULL, true, 1);
INSERT INTO help_features VALUES (424, 232, NULL, 'You can view the details, modify, download or delete the documents associated with the ticket. ', 0, '2003-12-22 09:59:25.701', 0, '2003-12-22 09:59:25.701', NULL, NULL, true, 2);
INSERT INTO help_features VALUES (425, 232, NULL, 'A new document associated with the ticket can be added. ', 0, '2003-12-22 09:59:25.704', 0, '2003-12-22 09:59:25.704', NULL, NULL, true, 3);
INSERT INTO help_features VALUES (426, 232, NULL, 'The document versions can be updated by using the "add version" link. ', 0, '2003-12-22 09:59:25.709', 0, '2003-12-22 09:59:25.709', NULL, NULL, true, 4);
INSERT INTO help_features VALUES (427, 233, NULL, 'A new record is added into the folder using the link "Add a record to this folder". Multiple records can be added to this folder if the folder has the necessary settings.', 0, '2003-12-22 09:59:25.718', 0, '2003-12-22 09:59:25.718', NULL, NULL, true, 1);
INSERT INTO help_features VALUES (428, 233, NULL, 'You can select the custom folder using the drop down list. ', 0, '2003-12-22 09:59:25.722', 0, '2003-12-22 09:59:25.722', NULL, NULL, true, 2);
INSERT INTO help_features VALUES (429, 234, NULL, 'The details are saved by clicking the save button.', 0, '2003-12-22 09:59:25.731', 0, '2003-12-22 09:59:25.731', NULL, NULL, true, 1);
INSERT INTO help_features VALUES (430, 235, NULL, 'A chronological history of all actions associated with a ticket is maintined.', 0, '2003-12-22 09:59:25.739', 0, '2003-12-22 09:59:25.739', NULL, NULL, true, 1);
INSERT INTO help_features VALUES (431, 243, NULL, 'The changes can be saved using the "Update" button.', 0, '2003-12-22 09:59:25.785', 0, '2003-12-22 09:59:25.785', NULL, NULL, true, 1);
INSERT INTO help_features VALUES (432, 244, NULL, 'You can modify the folder information along with the record details by clicking on the Modify button.', 0, '2003-12-22 09:59:25.795', 0, '2003-12-22 09:59:25.795', NULL, NULL, true, 1);
INSERT INTO help_features VALUES (433, 247, NULL, 'The document can be uploaded using the browse button.', 0, '2003-12-22 09:59:25.815', 0, '2003-12-22 09:59:25.815', NULL, NULL, true, 1);
INSERT INTO help_features VALUES (434, 248, NULL, 'You can download all the versions of a document.', 0, '2003-12-22 09:59:25.823', 0, '2003-12-22 09:59:25.823', NULL, NULL, true, 1);
INSERT INTO help_features VALUES (435, 249, NULL, 'You can also have tasks and documents related to a ticket. ', 0, '2003-12-22 09:59:25.832', 0, '2003-12-22 09:59:25.832', NULL, NULL, true, 1);
INSERT INTO help_features VALUES (436, 249, NULL, 'Lets you modify / update the ticket information. ', 0, '2003-12-22 09:59:25.836', 0, '2003-12-22 09:59:25.836', NULL, NULL, true, 2);
INSERT INTO help_features VALUES (437, 250, NULL, 'A new version of a file can be uploaded using the browse button.', 0, '2003-12-22 09:59:25.844', 0, '2003-12-22 09:59:25.844', NULL, NULL, true, 1);
INSERT INTO help_features VALUES (438, 251, NULL, 'You can delete a record by clicking on "Del" next to the record.', 0, '2003-12-22 09:59:25.853', 0, '2003-12-22 09:59:25.853', NULL, NULL, true, 1);
INSERT INTO help_features VALUES (439, 251, NULL, 'You can add a record by clicking on "Add Ticket".', 0, '2003-12-22 09:59:25.859', 0, '2003-12-22 09:59:25.859', NULL, NULL, true, 2);
INSERT INTO help_features VALUES (440, 251, NULL, 'You can view more records in a particular section by clicking "Show More".', 0, '2003-12-22 09:59:25.862', 0, '2003-12-22 09:59:25.862', NULL, NULL, true, 3);
INSERT INTO help_features VALUES (441, 251, NULL, 'You can view more details by clicking on the record.', 0, '2003-12-22 09:59:25.866', 0, '2003-12-22 09:59:25.866', NULL, NULL, true, 4);
INSERT INTO help_features VALUES (442, 251, NULL, 'You can update a record by clicking on "Edit" next to the record.', 0, '2003-12-22 09:59:25.869', 0, '2003-12-22 09:59:25.869', NULL, NULL, true, 5);
INSERT INTO help_features VALUES (443, 252, NULL, 'A new detailed employee record can be added. ', 0, '2003-12-22 09:59:25.90', 0, '2003-12-22 09:59:25.90', NULL, NULL, true, 1);
INSERT INTO help_features VALUES (444, 252, NULL, 'The details of each employee can be viewed, modified or deleted using the select button in the action column.', 0, '2003-12-22 09:59:25.903', 0, '2003-12-22 09:59:25.903', NULL, NULL, true, 2);
INSERT INTO help_features VALUES (445, 253, NULL, 'You can modify or delete the employee details using the modify or delete buttons.', 0, '2003-12-22 09:59:25.956', 0, '2003-12-22 09:59:25.956', NULL, NULL, true, 1);
INSERT INTO help_features VALUES (446, 254, NULL, 'The "Save" button saves the details of the employee entered. ', 0, '2003-12-22 09:59:25.966', 0, '2003-12-22 09:59:25.966', NULL, NULL, true, 1);
INSERT INTO help_features VALUES (447, 254, NULL, 'The "Save & New" button lets you to save the details of one employee and enter another employee in one operation.', 0, '2003-12-22 09:59:25.969', 0, '2003-12-22 09:59:25.969', NULL, NULL, true, 2);
INSERT INTO help_features VALUES (448, 255, NULL, 'Clicking on the update button saves the modified details of the employee.', 0, '2003-12-22 09:59:25.978', 0, '2003-12-22 09:59:25.978', NULL, NULL, true, 1);
INSERT INTO help_features VALUES (449, 256, NULL, 'The employee record can be modified or deleted from the system completely.', 0, '2003-12-22 09:59:25.987', 0, '2003-12-22 09:59:25.987', NULL, NULL, true, 1);
INSERT INTO help_features VALUES (450, 257, NULL, 'You can cancel the reports that are scheduled to be processed by the server by the clicking the select button.', 0, '2003-12-22 09:59:26.001', 0, '2003-12-22 09:59:26.001', NULL, NULL, true, 1);
INSERT INTO help_features VALUES (451, 257, NULL, 'The generated reports can be deleted or viewed/downloaded in .pdf format by clicking the select button under the action column. ', 0, '2003-12-22 09:59:26.046', 0, '2003-12-22 09:59:26.046', NULL, NULL, true, 2);
INSERT INTO help_features VALUES (452, 257, NULL, 'Add a new report', 0, '2003-12-22 09:59:26.05', 0, '2003-12-22 09:59:26.05', NULL, NULL, true, 3);
INSERT INTO help_features VALUES (453, 258, NULL, 'There are four different modules and you can click on the module where you want to generate the report.', 0, '2003-12-22 09:59:26.059', 0, '2003-12-22 09:59:26.059', NULL, NULL, true, 1);
INSERT INTO help_features VALUES (454, 261, NULL, 'You can use the "generate report" button to run the report.', 0, '2003-12-22 09:59:26.078', 0, '2003-12-22 09:59:26.078', NULL, NULL, true, 1);
INSERT INTO help_features VALUES (455, 261, NULL, 'If the parameters exist, you can specify the name of the criteria for future reference and click the check box present at the bottom of the page.', 0, '2003-12-22 09:59:26.081', 0, '2003-12-22 09:59:26.081', NULL, NULL, true, 2);
INSERT INTO help_features VALUES (456, 262, NULL, 'You can run the report by clicking on the title of the report.', 0, '2003-12-22 09:59:26.09', 0, '2003-12-22 09:59:26.09', NULL, NULL, true, 1);
INSERT INTO help_features VALUES (457, 263, NULL, 'If the criteria are present, select the criteria, then continue to enter the parameters to run the report.', 0, '2003-12-22 09:59:26.10', 0, '2003-12-22 09:59:26.10', NULL, NULL, true, 1);
INSERT INTO help_features VALUES (458, 264, NULL, 'You can view the queue either by using the link in the text or using the view queue button.', 0, '2003-12-22 09:59:26.109', 0, '2003-12-22 09:59:26.109', NULL, NULL, true, 1);
INSERT INTO help_features VALUES (459, 265, NULL, 'You can cancel the report that is scheduled to be processed by the server by clicking the select button and selecting "Cancel".', 0, '2003-12-22 09:59:26.117', 0, '2003-12-22 09:59:26.117', NULL, NULL, true, 1);
INSERT INTO help_features VALUES (460, 265, NULL, 'You can view the reports generated, download them or delete them by clicking on the select button under the action column.', 0, '2003-12-22 09:59:26.121', 0, '2003-12-22 09:59:26.121', NULL, NULL, true, 2);
INSERT INTO help_features VALUES (461, 265, NULL, 'A new report can be generated by clicking on the link "Add a Report".', 0, '2003-12-22 09:59:26.124', 0, '2003-12-22 09:59:26.124', NULL, NULL, true, 3);
INSERT INTO help_features VALUES (462, 266, NULL, 'The alphabetical slide rule allows users to be listed based on their last name. Simply click on the starting letter desired.', 0, '2003-12-22 09:59:26.181', 0, '2003-12-22 09:59:26.181', NULL, NULL, true, 1);
INSERT INTO help_features VALUES (463, 266, NULL, 'The columns "Name", ''Username" and "Role" can be clicked to display the users in the ascending or descending order of the chosen criteria.', 0, '2003-12-22 09:59:26.185', 0, '2003-12-22 09:59:26.185', NULL, NULL, true, 2);
INSERT INTO help_features VALUES (464, 266, NULL, 'The "Add New User" link opens a window that allows the administrator to add new users.', 0, '2003-12-22 09:59:26.189', 0, '2003-12-22 09:59:26.189', NULL, NULL, true, 3);
INSERT INTO help_features VALUES (465, 266, NULL, 'The "select" buttons in the "Action" column alongside the name of each user opens a pop-up menu that provides the administrator with options to view more information, modify user information, or disable (or inactivate) the user.', 0, '2003-12-22 09:59:26.192', 0, '2003-12-22 09:59:26.192', NULL, NULL, true, 4);
INSERT INTO help_features VALUES (466, 266, NULL, 'The list is displayed with 10 names per page by default. Additional items in the list may be viewed by clicking on the "Previous" and "Next" navigation links at the bottom of the table or by changing the number of items to be displayed per page.', 0, '2003-12-22 09:59:26.196', 0, '2003-12-22 09:59:26.196', NULL, NULL, true, 5);
INSERT INTO help_features VALUES (467, 266, NULL, 'The users of the CRM system are listed in alphabetical order. Their user name, role and who they report to are also listed to provide a quick overview of information for each user.', 0, '2003-12-22 09:59:26.20', 0, '2003-12-22 09:59:26.20', NULL, NULL, true, 6);
INSERT INTO help_features VALUES (468, 266, NULL, 'The drop list provides a filter to either view only the active or only the inactive users. Inactive users are those who do not have the privilege to use the system currently either because their user names have been disabled or they have expired. These users may be activated (enabled) at a later time.', 0, '2003-12-22 09:59:26.203', 0, '2003-12-22 09:59:26.203', NULL, NULL, true, 7);
INSERT INTO help_features VALUES (469, 267, NULL, 'The ''Reports To" field allows the administrator to setup a user hierarchy. The drop list displays all the users of the system and allows one to be chosen.', 0, '2003-12-22 09:59:26.212', 0, '2003-12-22 09:59:26.212', NULL, NULL, true, 1);
INSERT INTO help_features VALUES (470, 267, NULL, 'The "Role" drop list allows a role to be associated with a user. This association determines the privileges the user may have when he accesses the system.', 0, '2003-12-22 09:59:26.216', 0, '2003-12-22 09:59:26.216', NULL, NULL, true, 2);
INSERT INTO help_features VALUES (471, 267, NULL, 'The "Password" fields allows the administrator to setup a password for the user. The password is used along with the Username to login to the system. Since the password is stored in encrypted form and cannot be interpreted, the administrator is asked to confirm the users password. The user may subsequently change his password according to personal preferences.', 0, '2003-12-22 09:59:26.223', 0, '2003-12-22 09:59:26.223', NULL, NULL, true, 3);
INSERT INTO help_features VALUES (472, 267, NULL, 'The Username is the phrase that is used by the user to login to the system. It must be unique.', 0, '2003-12-22 09:59:26.226', 0, '2003-12-22 09:59:26.226', NULL, NULL, true, 4);
INSERT INTO help_features VALUES (473, 267, NULL, 'An "Expire Date" may be set for each user after which the user is disabled. If this field is left blank the user is active indefinitely. This date can either be typed in the mm/dd/yyyy format or chosen from a calendar that can be accessed from the icon at the right of the field.', 0, '2003-12-22 09:59:26.23', 0, '2003-12-22 09:59:26.23', NULL, NULL, true, 5);
INSERT INTO help_features VALUES (474, 267, NULL, 'The contact field allows the administrator to associate contact information with the user. The administrator may either create new contact information or choose one from the existing list of contacts. This information provides the administrator with the user''s e-mail, telephone and (or) fax number, postal address and any other information that may help the administrator or the system manager to contact the user.
', 0, '2003-12-22 09:59:26.234', 0, '2003-12-22 09:59:26.234', NULL, NULL, true, 6);
INSERT INTO help_features VALUES (475, 268, NULL, 'The "Cancel" button allows current and uncommitted changes to be undone.', 0, '2003-12-22 09:59:26.243', 0, '2003-12-22 09:59:26.243', NULL, NULL, true, 1);
INSERT INTO help_features VALUES (476, 268, NULL, 'When the "Generate new password" field is checked, the system constructs a password for the user and uses the contact information to email the new password to the user.', 0, '2003-12-22 09:59:26.247', 0, '2003-12-22 09:59:26.247', NULL, NULL, true, 2);
INSERT INTO help_features VALUES (477, 268, NULL, 'The "Disable" button provides a quick link to the administrator to disable the user.', 0, '2003-12-22 09:59:26.251', 0, '2003-12-22 09:59:26.251', NULL, NULL, true, 3);
INSERT INTO help_features VALUES (478, 268, NULL, 'The "Username", "Role", "Reports To" and password of the user are editable. For more information about each of these fields see help on "Add user".', 0, '2003-12-22 09:59:26.255', 0, '2003-12-22 09:59:26.255', NULL, NULL, true, 4);
INSERT INTO help_features VALUES (479, 269, NULL, 'The list is displayed by default with 10 items per page, additional items in the login history may be viewed by clicking on the "Previous" and "Next" navigation links at the bottom of the table or by changing the number of items to be displayed on a page.', 0, '2003-12-22 09:59:26.263', 0, '2003-12-22 09:59:26.263', NULL, NULL, true, 1);
INSERT INTO help_features VALUES (480, 269, NULL, 'The login history of the user displays the IP address of the computer from which the user logged in, and the date/time when the user logged in.', 0, '2003-12-22 09:59:26.267', 0, '2003-12-22 09:59:26.267', NULL, NULL, true, 2);
INSERT INTO help_features VALUES (481, 270, NULL, 'Clicking on the select button under the action column would let you to view the details about the viewpoint also modify them.', 0, '2003-12-22 09:59:26.276', 0, '2003-12-22 09:59:26.276', NULL, NULL, true, 1);
INSERT INTO help_features VALUES (482, 270, NULL, 'You can click on the contact under the viewpoint column to know more details about that viewpoint and its permissions.', 0, '2003-12-22 09:59:26.28', 0, '2003-12-22 09:59:26.28', NULL, NULL, true, 2);
INSERT INTO help_features VALUES (483, 270, NULL, 'You can add a new viewpoint using the link "Add New Viewpoint".', 0, '2003-12-22 09:59:26.283', 0, '2003-12-22 09:59:26.283', NULL, NULL, true, 3);
INSERT INTO help_features VALUES (484, 271, NULL, 'You can add a new viewpoint by any employee by clicking the add button.', 0, '2003-12-22 09:59:26.292', 0, '2003-12-22 09:59:26.292', NULL, NULL, true, 1);
INSERT INTO help_features VALUES (485, 271, NULL, 'The permissions for the different modules can be given by checking the Access checkbox.', 0, '2003-12-22 09:59:26.296', 0, '2003-12-22 09:59:26.296', NULL, NULL, true, 2);
INSERT INTO help_features VALUES (486, 271, NULL, 'The contact can be selected and removed using the links "change contact" and "clear contact".', 0, '2003-12-22 09:59:26.299', 0, '2003-12-22 09:59:26.299', NULL, NULL, true, 3);
INSERT INTO help_features VALUES (487, 272, NULL, 'The details can be updated using the update button.', 0, '2003-12-22 09:59:26.308', 0, '2003-12-22 09:59:26.308', NULL, NULL, true, 1);
INSERT INTO help_features VALUES (488, 272, NULL, 'You can also set the permissions to access different modules by checking the check box under the Access column.', 0, '2003-12-22 09:59:26.312', 0, '2003-12-22 09:59:26.312', NULL, NULL, true, 2);
INSERT INTO help_features VALUES (489, 272, NULL, 'You can enable the viewpoint by checking the "Enabled" checkbox.', 0, '2003-12-22 09:59:26.316', 0, '2003-12-22 09:59:26.316', NULL, NULL, true, 3);
INSERT INTO help_features VALUES (490, 273, NULL, 'You can also click the select button under the action column to view or modify the details of roles.', 0, '2003-12-22 09:59:26.325', 0, '2003-12-22 09:59:26.325', NULL, NULL, true, 1);
INSERT INTO help_features VALUES (491, 273, NULL, 'Clicking on the role name gives you details about the role and the permissions it provides. ', 0, '2003-12-22 09:59:26.328', 0, '2003-12-22 09:59:26.328', NULL, NULL, true, 2);
INSERT INTO help_features VALUES (492, 273, NULL, 'You can add a new role into the system.', 0, '2003-12-22 09:59:26.332', 0, '2003-12-22 09:59:26.332', NULL, NULL, true, 3);
INSERT INTO help_features VALUES (493, 274, NULL, 'Clicking the update button updates the role.', 0, '2003-12-22 09:59:26.34', 0, '2003-12-22 09:59:26.34', NULL, NULL, true, 1);
INSERT INTO help_features VALUES (494, 275, NULL, 'The update of the role can be done by clicking the update button. ', 0, '2003-12-22 09:59:26.349', 0, '2003-12-22 09:59:26.349', NULL, NULL, true, 1);
INSERT INTO help_features VALUES (495, 276, NULL, 'Clicking on the module name will display a list of module items that can be configured.', 0, '2003-12-22 09:59:26.367', 0, '2003-12-22 09:59:26.367', NULL, NULL, true, 1);
INSERT INTO help_features VALUES (496, 277, NULL, 'Scheduled Events: A timer triggers a customizable workflow process.', 0, '2003-12-22 09:59:26.38', 0, '2003-12-22 09:59:26.38', NULL, NULL, true, 1);
INSERT INTO help_features VALUES (497, 277, NULL, 'Object Events: An Action triggers customizable workflow process. For example, when an object is inserted, updated, deleted or selected, a process is triggered.', 0, '2003-12-22 09:59:26.384', 0, '2003-12-22 09:59:26.384', NULL, NULL, true, 2);
INSERT INTO help_features VALUES (498, 277, NULL, 'Categories: This lets you create hierarchical categories for a specific feature in the module.', 0, '2003-12-22 09:59:26.388', 0, '2003-12-22 09:59:26.388', NULL, NULL, true, 3);
INSERT INTO help_features VALUES (499, 277, NULL, 'Lookup Lists: You can view the drop-down lists used in the module and make changes.', 0, '2003-12-22 09:59:26.391', 0, '2003-12-22 09:59:26.391', NULL, NULL, true, 4);
INSERT INTO help_features VALUES (500, 277, NULL, 'Custom Folders and Fields: Custom folders allows you to create forms that will be present within each module, essentially custom fields.', 0, '2003-12-22 09:59:26.395', 0, '2003-12-22 09:59:26.395', NULL, NULL, true, 5);
INSERT INTO help_features VALUES (501, 278, NULL, 'You can create a new item type using the add button and add it to the existing list. You can position the item in the list using the up and down buttons, remove it using the remove button and also sort the list. The final changes can be saved using the "Save Changes" button.', 0, '2003-12-22 09:59:26.404', 0, '2003-12-22 09:59:26.404', NULL, NULL, true, 1);
INSERT INTO help_features VALUES (502, 279, NULL, 'You can update the existing the folder, set the options for the records and the permissions for the users.', 0, '2003-12-22 09:59:26.417', 0, '2003-12-22 09:59:26.417', NULL, NULL, true, 1);
INSERT INTO help_features VALUES (503, 280, NULL, 'You can update the existing the folder, set the options for the records and the permissions for the users.', 0, '2003-12-22 09:59:26.426', 0, '2003-12-22 09:59:26.426', NULL, NULL, true, 1);
INSERT INTO help_features VALUES (504, 281, NULL, 'The "Edit" link will let you alter the time for which the users session ends.', 0, '2003-12-22 09:59:26.437', 0, '2003-12-22 09:59:26.437', NULL, NULL, true, 1);
INSERT INTO help_features VALUES (505, 282, NULL, 'The time out can be set by selecting the time from the drop down and clicking the update button.', 0, '2003-12-22 09:59:26.446', 0, '2003-12-22 09:59:26.446', NULL, NULL, true, 1);
INSERT INTO help_features VALUES (506, 283, NULL, 'The usage can be displayed for the current date or a custom date can be specified. This can be selected from the drop down of the date range.', 0, '2003-12-22 09:59:26.455', 0, '2003-12-22 09:59:26.455', NULL, NULL, true, 1);
INSERT INTO help_features VALUES (507, 283, NULL, 'The start date and the end date can be specified if the date range is "custom date range". The update can be done using the update button.', 0, '2003-12-22 09:59:26.461', 0, '2003-12-22 09:59:26.461', NULL, NULL, true, 2);
INSERT INTO help_features VALUES (508, 286, NULL, 'You can also enable or disable the custom folders by clicking "yes" or "no". ', 0, '2003-12-22 09:59:26.48', 0, '2003-12-22 09:59:26.48', NULL, NULL, true, 1);
INSERT INTO help_features VALUES (509, 286, NULL, 'Clicking on the custom folder will give details about that folder and also lets you add groups.', 0, '2003-12-22 09:59:26.484', 0, '2003-12-22 09:59:26.484', NULL, NULL, true, 2);
INSERT INTO help_features VALUES (510, 286, NULL, 'You can update an existing folder using the edit button under the action column.', 0, '2003-12-22 09:59:26.489', 0, '2003-12-22 09:59:26.489', NULL, NULL, true, 3);
INSERT INTO help_features VALUES (511, 286, NULL, 'You can update an existing folder using the edit button under the action column.', 0, '2003-12-22 09:59:26.495', 0, '2003-12-22 09:59:26.495', NULL, NULL, true, 4);
INSERT INTO help_features VALUES (512, 286, NULL, 'Add a folder to the general contacts module.', 0, '2003-12-22 09:59:26.499', 0, '2003-12-22 09:59:26.499', NULL, NULL, true, 5);
INSERT INTO help_features VALUES (513, 287, NULL, 'You can also enable or disable the custom folders by clicking "yes" or "no". ', 0, '2003-12-22 09:59:26.508', 0, '2003-12-22 09:59:26.508', NULL, NULL, true, 1);
INSERT INTO help_features VALUES (514, 287, NULL, 'You can update an existing folder using the edit button under the action column. ', 0, '2003-12-22 09:59:26.511', 0, '2003-12-22 09:59:26.511', NULL, NULL, true, 2);
INSERT INTO help_features VALUES (515, 287, NULL, 'Clicking on the custom folder will give details about that folder and also lets you add groups.', 0, '2003-12-22 09:59:26.516', 0, '2003-12-22 09:59:26.516', NULL, NULL, true, 3);
INSERT INTO help_features VALUES (516, 287, NULL, 'You can update an existing folder using the edit button under the action column. ', 0, '2003-12-22 09:59:26.519', 0, '2003-12-22 09:59:26.519', NULL, NULL, true, 4);
INSERT INTO help_features VALUES (517, 287, NULL, 'Add a folder to the general contacts module. ', 0, '2003-12-22 09:59:26.523', 0, '2003-12-22 09:59:26.523', NULL, NULL, true, 5);
INSERT INTO help_features VALUES (518, 291, NULL, 'You can view the process details by clicking on the select button under the Action column or by clicking on the name of the Triggered Process.', 0, '2003-12-22 09:59:26.546', 0, '2003-12-22 09:59:26.546', NULL, NULL, true, 1);
INSERT INTO help_features VALUES (519, 291, NULL, 'You can view the process details by clicking on the select button under the Action column or by clicking on the name of the Triggered Process.', 0, '2003-12-22 09:59:26.55', 0, '2003-12-22 09:59:26.55', NULL, NULL, true, 2);
INSERT INTO help_features VALUES (520, 292, NULL, 'You can add a group name and save it using the "save" button.', 0, '2003-12-22 09:59:26.562', 0, '2003-12-22 09:59:26.562', NULL, NULL, true, 1);
INSERT INTO help_features VALUES (521, 294, NULL, 'You can click "Edit" in the Action column to update or delete a contact type.', 0, '2003-12-22 09:59:26.577', 0, '2003-12-22 09:59:26.577', NULL, NULL, true, 1);
INSERT INTO help_features VALUES (522, 294, NULL, 'You can preview all the items present in a List name using the drop down in the preview column. ', 0, '2003-12-22 09:59:26.58', 0, '2003-12-22 09:59:26.58', NULL, NULL, true, 2);
INSERT INTO help_features VALUES (523, 297, NULL, 'You can click "Edit" in the Action column to update or delete a contact type.', 0, '2003-12-22 09:59:26.60', 0, '2003-12-22 09:59:26.60', NULL, NULL, true, 1);
INSERT INTO help_features VALUES (524, 297, NULL, 'You can preview all the items present in a List name using the drop down in the preview column.', 0, '2003-12-22 09:59:26.604', 0, '2003-12-22 09:59:26.604', NULL, NULL, true, 2);
INSERT INTO help_features VALUES (525, 298, NULL, 'You can also delete the folder and all the fields using the "Delete this folder and all fields" at the bottom of the page.', 0, '2003-12-22 09:59:26.613', 0, '2003-12-22 09:59:26.613', NULL, NULL, true, 1);
INSERT INTO help_features VALUES (526, 298, NULL, 'The groups can also be moved up or down using the "Up" and "Down". They can also be edited and deleted using the "Edit" and "Del" links.', 0, '2003-12-22 09:59:26.617', 0, '2003-12-22 09:59:26.617', NULL, NULL, true, 2);
INSERT INTO help_features VALUES (527, 298, NULL, 'The custom field can also be edited and deleted using the corresponding links "Edit" and "Del".', 0, '2003-12-22 09:59:26.621', 0, '2003-12-22 09:59:26.621', NULL, NULL, true, 3);
INSERT INTO help_features VALUES (528, 298, NULL, 'The custom field created can be moved up or down for the display using the corresponding links "Up" and "Down".', 0, '2003-12-22 09:59:26.625', 0, '2003-12-22 09:59:26.625', NULL, NULL, true, 4);
INSERT INTO help_features VALUES (529, 298, NULL, 'You can add a custom field for the group using the "Add a custom field" link.', 0, '2003-12-22 09:59:26.628', 0, '2003-12-22 09:59:26.628', NULL, NULL, true, 5);
INSERT INTO help_features VALUES (530, 298, NULL, 'Add a group to the folder selected', 0, '2003-12-22 09:59:26.632', 0, '2003-12-22 09:59:26.632', NULL, NULL, true, 6);
INSERT INTO help_features VALUES (531, 298, NULL, 'You can select the folder by using the drop down box under the general contacts module.', 0, '2003-12-22 09:59:26.636', 0, '2003-12-22 09:59:26.636', NULL, NULL, true, 7);
INSERT INTO help_features VALUES (532, 299, NULL, 'Clicking on the list of categories displayed in level1 shows you its sub levels or sub-directories present in level2 and clicking on these in turn shows its subdirectories in level3 and so on.', 0, '2003-12-22 09:59:26.646', 0, '2003-12-22 09:59:26.646', NULL, NULL, true, 1);
INSERT INTO help_features VALUES (533, 299, NULL, 'You can select to display either the Active Categories or the Draft Categories by clicking on the tabs "Active Categories" and "Draft Categories" respectively.', 0, '2003-12-22 09:59:26.649', 0, '2003-12-22 09:59:26.649', NULL, NULL, true, 2);
INSERT INTO help_features VALUES (534, 300, NULL, 'The activated list can be brought back / reverted to the active list by clicking the "Revert to Active List".', 0, '2003-12-22 09:59:26.658', 0, '2003-12-22 09:59:26.658', NULL, NULL, true, 1);
INSERT INTO help_features VALUES (535, 300, NULL, 'You can activate each level by using the "Activate now" button.', 0, '2003-12-22 09:59:26.662', 0, '2003-12-22 09:59:26.662', NULL, NULL, true, 2);
INSERT INTO help_features VALUES (536, 300, NULL, 'In the draft categories you can edit your category using the edit button present at the bottom of each level.', 0, '2003-12-22 09:59:26.665', 0, '2003-12-22 09:59:26.665', NULL, NULL, true, 3);
INSERT INTO help_features VALUES (537, 300, NULL, 'You can select to display either the Active Categories or the Draft Categories by clicking on the tabs "Active Categories" and "Draft Categories" respectively.', 0, '2003-12-22 09:59:26.669', 0, '2003-12-22 09:59:26.669', NULL, NULL, true, 4);
INSERT INTO help_features VALUES (538, 300, NULL, 'Clicking on the list of categories displayed in level1 shows you its sub-levels or sub-directories present in level2 and clicking on these in turn would shows their subdirectories in level3 and so on.', 0, '2003-12-22 09:59:26.673', 0, '2003-12-22 09:59:26.673', NULL, NULL, true, 5);
INSERT INTO help_features VALUES (539, 304, NULL, 'The "Modify" button in the "Details" tab provides a quick link that allows the users information to be modified without having to browse back to the previous window.', 0, '2003-12-22 09:59:26.697', 0, '2003-12-22 09:59:26.697', NULL, NULL, true, 1);
INSERT INTO help_features VALUES (540, 304, NULL, 'The "Employee Link" in the ''Primary Information" table header provides a quick link to view the user''s contact information.', 0, '2003-12-22 09:59:26.701', 0, '2003-12-22 09:59:26.701', NULL, NULL, true, 2);
INSERT INTO help_features VALUES (541, 304, NULL, 'The "Details" tab displays the information about the user in a non-editable format.', 0, '2003-12-22 09:59:26.705', 0, '2003-12-22 09:59:26.705', NULL, NULL, true, 3);
INSERT INTO help_features VALUES (542, 304, NULL, 'The "Disable" button provides a quick link to disable/inactivate the user.', 0, '2003-12-22 09:59:26.708', 0, '2003-12-22 09:59:26.708', NULL, NULL, true, 4);
INSERT INTO help_features VALUES (543, 309, NULL, 'The user and module section allows the administrator to manage users, roles, role hierarchy and manage modules.', 0, '2003-12-22 09:59:26.737', 0, '2003-12-22 09:59:26.737', NULL, NULL, true, 1);
INSERT INTO help_features VALUES (544, 309, NULL, 'The global parameters and server configuration module allows the administrator to set the session timeout parameter.', 0, '2003-12-22 09:59:26.74', 0, '2003-12-22 09:59:26.74', NULL, NULL, true, 2);
INSERT INTO help_features VALUES (545, 309, NULL, 'The usage section allows the administrator to view the total number of users, memory used, and system usage parameters for various time intervals.', 0, '2003-12-22 09:59:26.744', 0, '2003-12-22 09:59:26.744', NULL, NULL, true, 3);
INSERT INTO help_features VALUES (546, 309, NULL, 'The administration module is divided into distinct categories such as managing users, module configuration, setting global parameters, server configuration and monitoring system usage and resources.', 0, '2003-12-22 09:59:26.748', 0, '2003-12-22 09:59:26.748', NULL, NULL, true, 4);
INSERT INTO help_features VALUES (547, 311, NULL, 'Clicking on the different links of the search results will direct you to the corresponding details in the modules. ', 0, '2003-12-22 09:59:26.862', 0, '2003-12-22 09:59:26.862', NULL, NULL, true, 1);


--
-- Data for TOC entry 650 (OID 132940)
-- Name: help_related_links; Type: TABLE DATA; Schema: public; Owner: matt
--



--
-- Data for TOC entry 651 (OID 132966)
-- Name: help_faqs; Type: TABLE DATA; Schema: public; Owner: matt
--



--
-- Data for TOC entry 652 (OID 132995)
-- Name: help_business_rules; Type: TABLE DATA; Schema: public; Owner: matt
--

INSERT INTO help_business_rules VALUES (1, 1, 'You can view your calendar and the calendars of those who work for you', 0, '2003-12-22 09:59:22.331', 0, '2003-12-22 09:59:22.331', NULL, NULL, true);
INSERT INTO help_business_rules VALUES (2, 251, 'Other tickets in my Department: These are records that are assigned to anyone in your department, are unassigned in your department, and are open.', 0, '2003-12-22 09:59:25.873', 0, '2003-12-22 09:59:25.873', NULL, NULL, true);
INSERT INTO help_business_rules VALUES (3, 251, 'Tickets assigned to me: These are records that are assigned to you and are open', 0, '2003-12-22 09:59:25.878', 0, '2003-12-22 09:59:25.878', NULL, NULL, true);
INSERT INTO help_business_rules VALUES (4, 251, 'Tickets created by me: These are records that have been entered by you and are open', 0, '2003-12-22 09:59:25.882', 0, '2003-12-22 09:59:25.882', NULL, NULL, true);
INSERT INTO help_business_rules VALUES (5, 291, 'BUG: HIGH Priority: page cannot be found. Error shown "The included page caused a problem. " ', 0, '2003-12-22 09:59:26.554', 0, '2003-12-22 09:59:26.554', NULL, NULL, true);


--
-- Data for TOC entry 653 (OID 133024)
-- Name: help_notes; Type: TABLE DATA; Schema: public; Owner: matt
--



--
-- Data for TOC entry 654 (OID 133053)
-- Name: help_tips; Type: TABLE DATA; Schema: public; Owner: matt
--

INSERT INTO help_tips VALUES (1, 1, 'Assign due dates for tasks so that you can be alerted', 0, '2003-12-22 09:59:22.344', 0, '2003-12-22 09:59:22.344', true);
INSERT INTO help_tips VALUES (2, 251, 'Make sure to resolve your tickets as soon as possible so they don''t appear here!', 0, '2003-12-22 09:59:25.886', 0, '2003-12-22 09:59:25.886', true);


--
-- Data for TOC entry 655 (OID 133078)
-- Name: sync_client; Type: TABLE DATA; Schema: public; Owner: matt
--



--
-- Data for TOC entry 656 (OID 133087)
-- Name: sync_system; Type: TABLE DATA; Schema: public; Owner: matt
--

INSERT INTO sync_system VALUES (1, 'Vport Telemarketing', true);
INSERT INTO sync_system VALUES (2, 'Land Mark: Auto Guide PocketPC', true);
INSERT INTO sync_system VALUES (3, 'Street Smart Speakers: Web Portal', true);
INSERT INTO sync_system VALUES (4, 'CFSHttpXMLWriter', true);
INSERT INTO sync_system VALUES (5, 'Fluency', true);


--
-- Data for TOC entry 657 (OID 133095)
-- Name: sync_table; Type: TABLE DATA; Schema: public; Owner: matt
--

INSERT INTO sync_table VALUES (1, 1, 'ticket', 'org.aspcfs.modules.troubletickets.base.Ticket', '2003-12-22 09:59:03.938', '2003-12-22 09:59:03.938', NULL, -1, false, 'id');
INSERT INTO sync_table VALUES (2, 2, 'syncClient', 'org.aspcfs.modules.service.base.SyncClient', '2003-12-22 09:59:03.938', '2003-12-22 09:59:03.938', NULL, 2, false, NULL);
INSERT INTO sync_table VALUES (3, 2, 'user', 'org.aspcfs.modules.admin.base.User', '2003-12-22 09:59:03.938', '2003-12-22 09:59:03.938', NULL, 4, false, NULL);
INSERT INTO sync_table VALUES (4, 2, 'account', 'org.aspcfs.modules.accounts.base.Organization', '2003-12-22 09:59:03.938', '2003-12-22 09:59:03.938', NULL, 5, false, NULL);
INSERT INTO sync_table VALUES (5, 2, 'accountInventory', 'org.aspcfs.modules.media.autoguide.base.Inventory', '2003-12-22 09:59:03.938', '2003-12-22 09:59:03.938', NULL, 6, false, NULL);
INSERT INTO sync_table VALUES (6, 2, 'inventoryOption', 'org.aspcfs.modules.media.autoguide.base.InventoryOption', '2003-12-22 09:59:03.938', '2003-12-22 09:59:03.938', NULL, 8, false, NULL);
INSERT INTO sync_table VALUES (7, 2, 'adRun', 'org.aspcfs.modules.media.autoguide.base.AdRun', '2003-12-22 09:59:03.938', '2003-12-22 09:59:03.938', NULL, 10, false, NULL);
INSERT INTO sync_table VALUES (8, 2, 'tableList', 'org.aspcfs.modules.service.base.SyncTableList', '2003-12-22 09:59:03.938', '2003-12-22 09:59:03.938', NULL, 12, false, NULL);
INSERT INTO sync_table VALUES (9, 2, 'status_master', NULL, '2003-12-22 09:59:03.938', '2003-12-22 09:59:03.938', NULL, 14, false, NULL);
INSERT INTO sync_table VALUES (10, 2, 'system', NULL, '2003-12-22 09:59:03.938', '2003-12-22 09:59:03.938', NULL, 16, false, NULL);
INSERT INTO sync_table VALUES (11, 2, 'userList', 'org.aspcfs.modules.admin.base.UserList', '2003-12-22 09:59:03.938', '2003-12-22 09:59:03.938', 'CREATE TABLE users ( user_id              int NOT NULL, record_status_id     int NULL, user_name            nvarchar(20) NULL, pin                  nvarchar(20) NULL, modified             datetime NULL, PRIMARY KEY (user_id), FOREIGN KEY (record_status_id) REFERENCES status_master (record_status_id) )', 50, true, NULL);
INSERT INTO sync_table VALUES (12, 2, 'XIF18users', NULL, '2003-12-22 09:59:03.938', '2003-12-22 09:59:03.938', 'CREATE INDEX XIF18users ON users ( record_status_id )', 60, false, NULL);
INSERT INTO sync_table VALUES (13, 2, 'makeList', 'org.aspcfs.modules.media.autoguide.base.MakeList', '2003-12-22 09:59:03.938', '2003-12-22 09:59:03.938', 'CREATE TABLE make ( make_id              int NOT NULL, make_name            nvarchar(20) NULL, record_status_id     int NULL, entered              datetime NULL, modified             datetime NULL, enteredby            int NULL, modifiedby           int NULL, PRIMARY KEY (make_id), FOREIGN KEY (record_status_id) REFERENCES status_master (record_status_id) )', 70, true, NULL);
INSERT INTO sync_table VALUES (14, 2, 'XIF2make', NULL, '2003-12-22 09:59:03.938', '2003-12-22 09:59:03.938', 'CREATE INDEX XIF2make ON make ( record_status_id )', 80, false, NULL);
INSERT INTO sync_table VALUES (15, 2, 'modelList', 'org.aspcfs.modules.media.autoguide.base.ModelList', '2003-12-22 09:59:03.938', '2003-12-22 09:59:03.938', 'CREATE TABLE model ( model_id             int NOT NULL, make_id              int NULL, record_status_id     int NULL, model_name           nvarchar(40) NULL, entered              datetime NULL, modified             datetime NULL, enteredby            int NULL, modifiedby           int NULL, PRIMARY KEY (model_id), FOREIGN KEY (make_id) REFERENCES make (make_id), FOREIGN KEY (record_status_id) REFERENCES status_master (record_status_id) )', 100, true, NULL);
INSERT INTO sync_table VALUES (16, 2, 'XIF3model', NULL, '2003-12-22 09:59:03.938', '2003-12-22 09:59:03.938', 'CREATE INDEX XIF3model ON model ( record_status_id )', 110, false, NULL);
INSERT INTO sync_table VALUES (17, 2, 'XIF5model', NULL, '2003-12-22 09:59:03.938', '2003-12-22 09:59:03.938', 'CREATE INDEX XIF5model ON model ( make_id )', 120, false, NULL);
INSERT INTO sync_table VALUES (18, 2, 'vehicleList', 'org.aspcfs.modules.media.autoguide.base.VehicleList', '2003-12-22 09:59:03.938', '2003-12-22 09:59:03.938', 'CREATE TABLE vehicle ( year                 nvarchar(4) NOT NULL, vehicle_id           int NOT NULL, model_id             int NULL, make_id              int NULL, record_status_id     int NULL, entered              datetime NULL, modified             datetime NULL, enteredby            int NULL, modifiedby           int NULL, PRIMARY KEY (vehicle_id), FOREIGN KEY (model_id) REFERENCES model (model_id), FOREIGN KEY (make_id) REFERENCES make (make_id), FOREIGN KEY (record_status_id) REFERENCES status_master (record_status_id) )', 130, true, NULL);
INSERT INTO sync_table VALUES (19, 2, 'XIF30vehicle', NULL, '2003-12-22 09:59:03.938', '2003-12-22 09:59:03.938', 'CREATE INDEX XIF30vehicle ON vehicle ( make_id )', 140, false, NULL);
INSERT INTO sync_table VALUES (20, 2, 'XIF31vehicle', NULL, '2003-12-22 09:59:03.938', '2003-12-22 09:59:03.938', 'CREATE INDEX XIF31vehicle ON vehicle ( model_id )', 150, false, NULL);
INSERT INTO sync_table VALUES (21, 2, 'XIF4vehicle', NULL, '2003-12-22 09:59:03.938', '2003-12-22 09:59:03.938', 'CREATE INDEX XIF4vehicle ON vehicle ( record_status_id )', 160, false, NULL);
INSERT INTO sync_table VALUES (22, 2, 'accountList', 'org.aspcfs.modules.accounts.base.OrganizationList', '2003-12-22 09:59:03.938', '2003-12-22 09:59:03.938', 'CREATE TABLE account ( account_id           int NOT NULL, account_name         nvarchar(80) NULL, record_status_id     int NULL, address              nvarchar(80) NULL, modified             datetime NULL, city                 nvarchar(80) NULL, state                nvarchar(2) NULL, notes                nvarchar(255) NULL, zip                  nvarchar(11) NULL, phone                nvarchar(20) NULL, contact              nvarchar(20) NULL, dmv_number           nvarchar(20) NULL, owner_id             int NULL, entered              datetime NULL, enteredby            int NULL, modifiedby           int NULL, PRIMARY KEY (account_id), FOREIGN KEY (record_status_id) REFERENCES status_master (record_status_id) )', 170, true, NULL);
INSERT INTO sync_table VALUES (23, 2, 'XIF16account', NULL, '2003-12-22 09:59:03.938', '2003-12-22 09:59:03.938', 'CREATE INDEX XIF16account ON account ( record_status_id )', 180, false, NULL);
INSERT INTO sync_table VALUES (24, 2, 'accountInventoryList', 'org.aspcfs.modules.media.autoguide.base.InventoryList', '2003-12-22 09:59:03.938', '2003-12-22 09:59:03.938', 'CREATE TABLE account_inventory ( inventory_id         int NOT NULL, vin                  nvarchar(20) NULL, vehicle_id           int NULL, account_id           int NULL, mileage              nvarchar(20) NULL, enteredby            int NULL, new                  bit, condition            nvarchar(20) NULL, comments             nvarchar(255) NULL, stock_no             nvarchar(20) NULL, ext_color            nvarchar(20) NULL, int_color            nvarchar(20) NULL, style                nvarchar(40) NULL, invoice_price        money NULL, selling_price        money NULL, selling_price_text		nvarchar(100) NULL, modified             datetime NULL, sold                 int NULL, modifiedby           int NULL, record_status_id     int NULL, entered              datetime NULL, PRIMARY KEY (inventory_id), FOREIGN KEY (account_id) REFERENCES account (account_id), FOREIGN KEY (record_status_id) REFERENCES status_master (record_status_id) )', 190, true, NULL);
INSERT INTO sync_table VALUES (25, 2, 'XIF10account_inventory', NULL, '2003-12-22 09:59:03.938', '2003-12-22 09:59:03.938', 'CREATE INDEX XIF10account_inventory ON account_inventory ( record_status_id )', 200, false, NULL);
INSERT INTO sync_table VALUES (26, 2, 'XIF10account_inventory', NULL, '2003-12-22 09:59:03.938', '2003-12-22 09:59:03.938', 'CREATE INDEX XIF11account_inventory ON account_inventory ( modifiedby )', 210, false, NULL);
INSERT INTO sync_table VALUES (27, 2, 'XIF19account_inventory', NULL, '2003-12-22 09:59:03.938', '2003-12-22 09:59:03.938', 'CREATE INDEX XIF19account_inventory ON account_inventory ( account_id )', 220, false, NULL);
INSERT INTO sync_table VALUES (28, 2, 'XIF35account_inventory', NULL, '2003-12-22 09:59:03.938', '2003-12-22 09:59:03.938', 'CREATE INDEX XIF35account_inventory ON account_inventory ( vehicle_id )', 230, false, NULL);
INSERT INTO sync_table VALUES (29, 2, 'optionList', 'org.aspcfs.modules.media.autoguide.base.OptionList', '2003-12-22 09:59:03.938', '2003-12-22 09:59:03.938', 'CREATE TABLE options ( option_id            int NOT NULL, option_name          nvarchar(20) NULL, record_status_id     int NULL, record_status_date   datetime NULL, PRIMARY KEY (option_id), FOREIGN KEY (record_status_id) REFERENCES status_master (record_status_id) )', 330, true, NULL);
INSERT INTO sync_table VALUES (30, 2, 'XIF24options', NULL, '2003-12-22 09:59:03.938', '2003-12-22 09:59:03.938', 'CREATE INDEX XIF24options ON options ( record_status_id )', 340, false, NULL);
INSERT INTO sync_table VALUES (31, 2, 'inventoryOptionList', 'org.aspcfs.modules.media.autoguide.base.InventoryOptionList', '2003-12-22 09:59:03.938', '2003-12-22 09:59:03.938', 'CREATE TABLE inventory_options ( inventory_id         int NOT NULL, option_id            int NOT NULL, record_status_id     int NULL, modified             datetime NULL, PRIMARY KEY (option_id, inventory_id), FOREIGN KEY (inventory_id) REFERENCES account_inventory (inventory_id), FOREIGN KEY (record_status_id) REFERENCES status_master (record_status_id), FOREIGN KEY (option_id) REFERENCES options (option_id) )', 350, true, NULL);
INSERT INTO sync_table VALUES (32, 2, 'XIF25inventory_options', NULL, '2003-12-22 09:59:03.938', '2003-12-22 09:59:03.938', 'CREATE INDEX XIF25inventory_options ON inventory_options ( option_id )', 360, false, NULL);
INSERT INTO sync_table VALUES (33, 2, 'XIF27inventory_options', NULL, '2003-12-22 09:59:03.938', '2003-12-22 09:59:03.938', 'CREATE INDEX XIF27inventory_options ON inventory_options ( record_status_id )', 370, false, NULL);
INSERT INTO sync_table VALUES (34, 2, 'XIF33inventory_options', NULL, '2003-12-22 09:59:03.938', '2003-12-22 09:59:03.938', 'CREATE INDEX XIF33inventory_options ON inventory_options ( inventory_id )', 380, false, NULL);
INSERT INTO sync_table VALUES (35, 2, 'adTypeList', 'org.aspcfs.utils.web.LookupList', '2003-12-22 09:59:03.938', '2003-12-22 09:59:03.938', 'CREATE TABLE ad_type ( ad_type_id           int NOT NULL, ad_type_name         nvarchar(20) NULL, PRIMARY KEY (ad_type_id) )', 385, true, NULL);
INSERT INTO sync_table VALUES (36, 2, 'adRunList', 'org.aspcfs.modules.media.autoguide.base.AdRunList', '2003-12-22 09:59:03.938', '2003-12-22 09:59:03.938', 'CREATE TABLE ad_run ( ad_run_id            int NOT NULL, record_status_id     int NULL, inventory_id         int NULL, ad_type_id           int NULL, ad_run_date          datetime NULL, has_picture          int NULL, modified             datetime NULL, entered              datetime NULL, modifiedby           int NULL, enteredby            int NULL, PRIMARY KEY (ad_run_id), FOREIGN KEY (inventory_id) REFERENCES account_inventory (inventory_id), FOREIGN KEY (ad_type_id) REFERENCES ad_type (ad_type_id), FOREIGN KEY (record_status_id) REFERENCES status_master (record_status_id) )', 390, true, NULL);
INSERT INTO sync_table VALUES (37, 2, 'XIF22ad_run', NULL, '2003-12-22 09:59:03.938', '2003-12-22 09:59:03.938', 'CREATE INDEX XIF22ad_run ON ad_run ( record_status_id )', 400, false, NULL);
INSERT INTO sync_table VALUES (38, 2, 'XIF36ad_run', NULL, '2003-12-22 09:59:03.938', '2003-12-22 09:59:03.938', 'CREATE INDEX XIF36ad_run ON ad_run ( ad_type_id )', 402, false, NULL);
INSERT INTO sync_table VALUES (39, 2, 'XIF37ad_run', NULL, '2003-12-22 09:59:03.938', '2003-12-22 09:59:03.938', 'CREATE INDEX XIF37ad_run ON ad_run ( inventory_id )', 404, false, NULL);
INSERT INTO sync_table VALUES (40, 2, 'inventory_picture', NULL, '2003-12-22 09:59:03.938', '2003-12-22 09:59:03.938', 'CREATE TABLE inventory_picture ( picture_name         nvarchar(20) NOT NULL, inventory_id         int NOT NULL, record_status_id     int NULL, entered              datetime NULL, modified             datetime NULL, modifiedby           int NULL, enteredby            int NULL, PRIMARY KEY (picture_name, inventory_id), FOREIGN KEY (inventory_id) REFERENCES account_inventory (inventory_id), FOREIGN KEY (record_status_id) REFERENCES status_master (record_status_id) )', 410, false, NULL);
INSERT INTO sync_table VALUES (41, 2, 'XIF23inventory_picture', NULL, '2003-12-22 09:59:03.938', '2003-12-22 09:59:03.938', 'CREATE INDEX XIF23inventory_picture ON inventory_picture ( record_status_id )', 420, false, NULL);
INSERT INTO sync_table VALUES (42, 2, 'XIF32inventory_picture', NULL, '2003-12-22 09:59:03.938', '2003-12-22 09:59:03.938', 'CREATE INDEX XIF32inventory_picture ON inventory_picture ( inventory_id )', 430, false, NULL);
INSERT INTO sync_table VALUES (43, 2, 'preferences', NULL, '2003-12-22 09:59:03.938', '2003-12-22 09:59:03.938', 'CREATE TABLE preferences ( user_id              int NOT NULL, record_status_id     int NULL, modified             datetime NULL, PRIMARY KEY (user_id), FOREIGN KEY (record_status_id) REFERENCES status_master (record_status_id), FOREIGN KEY (user_id) REFERENCES users (user_id) )', 440, false, NULL);
INSERT INTO sync_table VALUES (44, 2, 'XIF29preferences', NULL, '2003-12-22 09:59:03.938', '2003-12-22 09:59:03.938', 'CREATE INDEX XIF29preferences ON preferences ( record_status_id )', 450, false, NULL);
INSERT INTO sync_table VALUES (45, 2, 'user_account', NULL, '2003-12-22 09:59:03.938', '2003-12-22 09:59:03.938', 'CREATE TABLE user_account ( user_id              int NOT NULL, account_id           int NOT NULL, record_status_id     int NULL, modified             datetime NULL, PRIMARY KEY (user_id, account_id), FOREIGN KEY (record_status_id) REFERENCES status_master (record_status_id), FOREIGN KEY (account_id) REFERENCES account (account_id), FOREIGN KEY (user_id) REFERENCES users (user_id) )', 460, false, NULL);
INSERT INTO sync_table VALUES (46, 2, 'XIF14user_account', NULL, '2003-12-22 09:59:03.938', '2003-12-22 09:59:03.938', 'CREATE INDEX XIF14user_account ON user_account ( user_id )', 470, false, NULL);
INSERT INTO sync_table VALUES (47, 2, 'XIF15user_account', NULL, '2003-12-22 09:59:03.938', '2003-12-22 09:59:03.938', 'CREATE INDEX XIF15user_account ON user_account ( account_id )', 480, false, NULL);
INSERT INTO sync_table VALUES (48, 2, 'XIF17user_account', NULL, '2003-12-22 09:59:03.938', '2003-12-22 09:59:03.938', 'CREATE INDEX XIF17user_account ON user_account ( record_status_id )', 490, false, NULL);
INSERT INTO sync_table VALUES (49, 2, 'deleteInventoryCache', 'org.aspcfs.modules.media.autoguide.actions.DeleteInventoryCache', '2003-12-22 09:59:03.938', '2003-12-22 09:59:03.938', NULL, 500, false, NULL);
INSERT INTO sync_table VALUES (50, 4, 'lookupIndustry', 'org.aspcfs.utils.web.LookupElement', '2003-12-22 09:59:03.938', '2003-12-22 09:59:03.938', NULL, -1, false, NULL);
INSERT INTO sync_table VALUES (51, 4, 'lookupIndustryList', 'org.aspcfs.utils.web.LookupList', '2003-12-22 09:59:03.938', '2003-12-22 09:59:03.938', NULL, -1, false, NULL);
INSERT INTO sync_table VALUES (52, 4, 'systemPrefs', 'org.aspcfs.utils.web.CustomLookupElement', '2003-12-22 09:59:03.938', '2003-12-22 09:59:03.938', NULL, -1, false, NULL);
INSERT INTO sync_table VALUES (53, 4, 'systemModules', 'org.aspcfs.utils.web.LookupElement', '2003-12-22 09:59:03.938', '2003-12-22 09:59:03.938', NULL, -1, false, NULL);
INSERT INTO sync_table VALUES (54, 4, 'systemModulesList', 'org.aspcfs.utils.web.LookupList', '2003-12-22 09:59:03.938', '2003-12-22 09:59:03.938', NULL, -1, false, NULL);
INSERT INTO sync_table VALUES (55, 4, 'lookupContactTypes', 'org.aspcfs.utils.web.LookupElement', '2003-12-22 09:59:03.938', '2003-12-22 09:59:03.938', NULL, -1, false, NULL);
INSERT INTO sync_table VALUES (56, 4, 'lookupContactTypesList', 'org.aspcfs.utils.web.LookupList', '2003-12-22 09:59:03.938', '2003-12-22 09:59:03.938', NULL, -1, false, NULL);
INSERT INTO sync_table VALUES (57, 4, 'lookupAccountTypes', 'org.aspcfs.utils.web.LookupElement', '2003-12-22 09:59:03.938', '2003-12-22 09:59:03.938', NULL, -1, false, NULL);
INSERT INTO sync_table VALUES (58, 4, 'lookupAccountTypesList', 'org.aspcfs.utils.web.LookupList', '2003-12-22 09:59:03.938', '2003-12-22 09:59:03.938', NULL, -1, false, NULL);
INSERT INTO sync_table VALUES (59, 4, 'lookupDepartment', 'org.aspcfs.utils.web.LookupElement', '2003-12-22 09:59:03.938', '2003-12-22 09:59:03.938', NULL, -1, false, NULL);
INSERT INTO sync_table VALUES (60, 4, 'lookupDepartmentList', 'org.aspcfs.utils.web.LookupList', '2003-12-22 09:59:03.938', '2003-12-22 09:59:03.938', NULL, -1, false, NULL);
INSERT INTO sync_table VALUES (61, 4, 'lookupOrgAddressTypes', 'org.aspcfs.utils.web.LookupElement', '2003-12-22 09:59:03.938', '2003-12-22 09:59:03.938', NULL, -1, false, NULL);
INSERT INTO sync_table VALUES (62, 4, 'lookupOrgAddressTypesList', 'org.aspcfs.utils.web.LookupList', '2003-12-22 09:59:03.938', '2003-12-22 09:59:03.938', NULL, -1, false, NULL);
INSERT INTO sync_table VALUES (63, 4, 'lookupOrgEmailTypes', 'org.aspcfs.utils.web.LookupElement', '2003-12-22 09:59:03.938', '2003-12-22 09:59:03.938', NULL, -1, false, NULL);
INSERT INTO sync_table VALUES (64, 4, 'lookupOrgEmailTypesList', 'org.aspcfs.utils.web.LookupList', '2003-12-22 09:59:03.938', '2003-12-22 09:59:03.938', NULL, -1, false, NULL);
INSERT INTO sync_table VALUES (65, 4, 'lookupOrgPhoneTypes', 'org.aspcfs.utils.web.LookupElement', '2003-12-22 09:59:03.938', '2003-12-22 09:59:03.938', NULL, -1, false, NULL);
INSERT INTO sync_table VALUES (66, 4, 'lookupOrgPhoneTypesList', 'org.aspcfs.utils.web.LookupList', '2003-12-22 09:59:03.938', '2003-12-22 09:59:03.938', NULL, -1, false, NULL);
INSERT INTO sync_table VALUES (67, 4, 'lookupInstantMessengerTypes', 'org.aspcfs.utils.web.LookupElement', '2003-12-22 09:59:03.938', '2003-12-22 09:59:03.938', NULL, -1, false, NULL);
INSERT INTO sync_table VALUES (68, 4, 'lookupInstantMessengerTypesList', 'org.aspcfs.utils.web.LookupList', '2003-12-22 09:59:03.938', '2003-12-22 09:59:03.938', NULL, -1, false, NULL);
INSERT INTO sync_table VALUES (69, 4, 'lookupEmploymentTypes', 'org.aspcfs.utils.web.LookupElement', '2003-12-22 09:59:03.938', '2003-12-22 09:59:03.938', NULL, -1, false, NULL);
INSERT INTO sync_table VALUES (70, 4, 'lookupEmploymentTypesList', 'org.aspcfs.utils.web.LookupList', '2003-12-22 09:59:03.938', '2003-12-22 09:59:03.938', NULL, -1, false, NULL);
INSERT INTO sync_table VALUES (71, 4, 'lookupLocale', 'org.aspcfs.utils.web.LookupElement', '2003-12-22 09:59:03.938', '2003-12-22 09:59:03.938', NULL, -1, false, NULL);
INSERT INTO sync_table VALUES (72, 4, 'lookupLocaleList', 'org.aspcfs.utils.web.LookupList', '2003-12-22 09:59:03.938', '2003-12-22 09:59:03.938', NULL, -1, false, NULL);
INSERT INTO sync_table VALUES (73, 4, 'lookupContactAddressTypes', 'org.aspcfs.utils.web.LookupElement', '2003-12-22 09:59:03.938', '2003-12-22 09:59:03.938', NULL, -1, false, NULL);
INSERT INTO sync_table VALUES (74, 4, 'lookupContactAddressTypesList', 'org.aspcfs.utils.web.LookupList', '2003-12-22 09:59:03.938', '2003-12-22 09:59:03.938', NULL, -1, false, NULL);
INSERT INTO sync_table VALUES (75, 4, 'lookupContactEmailTypes', 'org.aspcfs.utils.web.LookupElement', '2003-12-22 09:59:03.938', '2003-12-22 09:59:03.938', NULL, -1, false, NULL);
INSERT INTO sync_table VALUES (76, 4, 'lookupContactEmailTypesList', 'org.aspcfs.utils.web.LookupList', '2003-12-22 09:59:03.938', '2003-12-22 09:59:03.938', NULL, -1, false, NULL);
INSERT INTO sync_table VALUES (77, 4, 'lookupContactPhoneTypes', 'org.aspcfs.utils.web.LookupElement', '2003-12-22 09:59:03.938', '2003-12-22 09:59:03.938', NULL, -1, false, NULL);
INSERT INTO sync_table VALUES (78, 4, 'lookupContactPhoneTypesList', 'org.aspcfs.utils.web.LookupList', '2003-12-22 09:59:03.938', '2003-12-22 09:59:03.938', NULL, -1, false, NULL);
INSERT INTO sync_table VALUES (79, 4, 'lookupStage', 'org.aspcfs.utils.web.LookupElement', '2003-12-22 09:59:03.938', '2003-12-22 09:59:03.938', NULL, -1, false, NULL);
INSERT INTO sync_table VALUES (80, 4, 'lookupStageList', 'org.aspcfs.utils.web.LookupList', '2003-12-22 09:59:03.938', '2003-12-22 09:59:03.938', NULL, -1, false, NULL);
INSERT INTO sync_table VALUES (81, 4, 'lookupDeliveryOptions', 'org.aspcfs.utils.web.LookupElement', '2003-12-22 09:59:03.938', '2003-12-22 09:59:03.938', NULL, -1, false, NULL);
INSERT INTO sync_table VALUES (82, 4, 'lookupDeliveryOptionsList', 'org.aspcfs.utils.web.LookupList', '2003-12-22 09:59:03.938', '2003-12-22 09:59:03.938', NULL, -1, false, NULL);
INSERT INTO sync_table VALUES (83, 4, 'lookupCallTypes', 'org.aspcfs.utils.web.LookupElement', '2003-12-22 09:59:03.938', '2003-12-22 09:59:03.938', NULL, -1, false, NULL);
INSERT INTO sync_table VALUES (84, 4, 'lookupCallTypesList', 'org.aspcfs.utils.web.LookupList', '2003-12-22 09:59:03.938', '2003-12-22 09:59:03.938', NULL, -1, false, NULL);
INSERT INTO sync_table VALUES (85, 4, 'ticketCategory', 'org.aspcfs.modules.troubletickets.base.TicketCategory', '2003-12-22 09:59:03.938', '2003-12-22 09:59:03.938', NULL, -1, false, NULL);
INSERT INTO sync_table VALUES (86, 4, 'ticketCategoryList', 'org.aspcfs.modules.troubletickets.base.TicketCategoryList', '2003-12-22 09:59:03.938', '2003-12-22 09:59:03.938', NULL, -1, false, NULL);
INSERT INTO sync_table VALUES (87, 4, 'ticketSeverity', 'org.aspcfs.utils.web.LookupElement', '2003-12-22 09:59:03.938', '2003-12-22 09:59:03.938', NULL, -1, false, NULL);
INSERT INTO sync_table VALUES (88, 4, 'ticketSeverityList', 'org.aspcfs.utils.web.LookupList', '2003-12-22 09:59:03.938', '2003-12-22 09:59:03.938', NULL, -1, false, NULL);
INSERT INTO sync_table VALUES (89, 4, 'lookupTicketSource', 'org.aspcfs.utils.web.LookupElement', '2003-12-22 09:59:03.938', '2003-12-22 09:59:03.938', NULL, -1, false, NULL);
INSERT INTO sync_table VALUES (90, 4, 'lookupTicketSourceList', 'org.aspcfs.utils.web.LookupList', '2003-12-22 09:59:03.938', '2003-12-22 09:59:03.938', NULL, -1, false, NULL);
INSERT INTO sync_table VALUES (91, 4, 'ticketPriority', 'org.aspcfs.utils.web.LookupElement', '2003-12-22 09:59:03.938', '2003-12-22 09:59:03.938', NULL, -1, false, NULL);
INSERT INTO sync_table VALUES (92, 4, 'ticketPriorityList', 'org.aspcfs.utils.web.LookupList', '2003-12-22 09:59:03.938', '2003-12-22 09:59:03.938', NULL, -1, false, NULL);
INSERT INTO sync_table VALUES (93, 4, 'lookupRevenueTypes', 'org.aspcfs.utils.web.LookupElement', '2003-12-22 09:59:03.938', '2003-12-22 09:59:03.938', NULL, -1, false, NULL);
INSERT INTO sync_table VALUES (94, 4, 'lookupRevenueTypesList', 'org.aspcfs.utils.web.LookupList', '2003-12-22 09:59:03.938', '2003-12-22 09:59:03.938', NULL, -1, false, NULL);
INSERT INTO sync_table VALUES (95, 4, 'lookupRevenueDetailTypes', 'org.aspcfs.utils.web.LookupElement', '2003-12-22 09:59:03.938', '2003-12-22 09:59:03.938', NULL, -1, false, NULL);
INSERT INTO sync_table VALUES (96, 4, 'lookupRevenueDetailTypesList', 'org.aspcfs.utils.web.LookupList', '2003-12-22 09:59:03.938', '2003-12-22 09:59:03.938', NULL, -1, false, NULL);
INSERT INTO sync_table VALUES (97, 4, 'lookupSurveyTypes', 'org.aspcfs.utils.web.LookupElement', '2003-12-22 09:59:03.938', '2003-12-22 09:59:03.938', NULL, -1, false, NULL);
INSERT INTO sync_table VALUES (98, 4, 'lookupSurveyTypesList', 'org.aspcfs.utils.web.LookupList', '2003-12-22 09:59:03.938', '2003-12-22 09:59:03.938', NULL, -1, false, NULL);
INSERT INTO sync_table VALUES (99, 4, 'syncClient', 'org.aspcfs.modules.service.base.SyncClient', '2003-12-22 09:59:03.938', '2003-12-22 09:59:03.938', NULL, -1, false, NULL);
INSERT INTO sync_table VALUES (100, 4, 'user', 'org.aspcfs.modules.admin.base.User', '2003-12-22 09:59:03.938', '2003-12-22 09:59:03.938', NULL, -1, false, NULL);
INSERT INTO sync_table VALUES (101, 4, 'userList', 'org.aspcfs.modules.admin.base.UserList', '2003-12-22 09:59:03.938', '2003-12-22 09:59:03.938', NULL, -1, false, NULL);
INSERT INTO sync_table VALUES (102, 4, 'contact', 'org.aspcfs.modules.contacts.base.Contact', '2003-12-22 09:59:03.938', '2003-12-22 09:59:03.938', NULL, -1, false, 'id');
INSERT INTO sync_table VALUES (103, 4, 'contactList', 'org.aspcfs.modules.contacts.base.ContactList', '2003-12-22 09:59:03.938', '2003-12-22 09:59:03.938', NULL, -1, false, NULL);
INSERT INTO sync_table VALUES (104, 4, 'ticket', 'org.aspcfs.modules.troubletickets.base.Ticket', '2003-12-22 09:59:03.938', '2003-12-22 09:59:03.938', NULL, -1, false, 'id');
INSERT INTO sync_table VALUES (105, 4, 'ticketList', 'org.aspcfs.modules.troubletickets.base.TicketList', '2003-12-22 09:59:03.938', '2003-12-22 09:59:03.938', NULL, -1, false, NULL);
INSERT INTO sync_table VALUES (106, 4, 'account', 'org.aspcfs.modules.accounts.base.Organization', '2003-12-22 09:59:03.938', '2003-12-22 09:59:03.938', NULL, -1, false, 'id');
INSERT INTO sync_table VALUES (107, 4, 'accountList', 'org.aspcfs.modules.accounts.base.OrganizationList', '2003-12-22 09:59:03.938', '2003-12-22 09:59:03.938', NULL, -1, false, NULL);
INSERT INTO sync_table VALUES (108, 4, 'role', 'org.aspcfs.modules.admin.base.Role', '2003-12-22 09:59:03.938', '2003-12-22 09:59:03.938', NULL, -1, false, NULL);
INSERT INTO sync_table VALUES (109, 4, 'roleList', 'org.aspcfs.modules.admin.base.RoleList', '2003-12-22 09:59:03.938', '2003-12-22 09:59:03.938', NULL, -1, false, NULL);
INSERT INTO sync_table VALUES (110, 4, 'permissionCategory', 'org.aspcfs.modules.admin.base.PermissionCategory', '2003-12-22 09:59:03.938', '2003-12-22 09:59:03.938', NULL, -1, false, NULL);
INSERT INTO sync_table VALUES (111, 4, 'permissionCategoryList', 'org.aspcfs.modules.admin.base.PermissionCategoryList', '2003-12-22 09:59:03.938', '2003-12-22 09:59:03.938', NULL, -1, false, NULL);
INSERT INTO sync_table VALUES (112, 4, 'permission', 'org.aspcfs.modules.admin.base.Permission', '2003-12-22 09:59:03.938', '2003-12-22 09:59:03.938', NULL, -1, false, NULL);
INSERT INTO sync_table VALUES (113, 4, 'permissionList', 'org.aspcfs.modules.admin.base.PermissionList', '2003-12-22 09:59:03.938', '2003-12-22 09:59:03.938', NULL, -1, false, NULL);
INSERT INTO sync_table VALUES (114, 4, 'rolePermission', 'org.aspcfs.modules.admin.base.RolePermission', '2003-12-22 09:59:03.938', '2003-12-22 09:59:03.938', NULL, -1, false, NULL);
INSERT INTO sync_table VALUES (115, 4, 'rolePermissionList', 'org.aspcfs.modules.admin.base.RolePermissionList', '2003-12-22 09:59:03.938', '2003-12-22 09:59:03.938', NULL, -1, false, NULL);
INSERT INTO sync_table VALUES (116, 4, 'opportunity', 'org.aspcfs.modules.pipeline.base.Opportunity', '2003-12-22 09:59:03.938', '2003-12-22 09:59:03.938', NULL, -1, false, NULL);
INSERT INTO sync_table VALUES (117, 4, 'opportunityList', 'org.aspcfs.modules.pipeline.base.OpportunityList', '2003-12-22 09:59:03.938', '2003-12-22 09:59:03.938', NULL, -1, false, NULL);
INSERT INTO sync_table VALUES (118, 4, 'call', 'org.aspcfs.modules.contacts.base.Call', '2003-12-22 09:59:03.938', '2003-12-22 09:59:03.938', NULL, -1, false, NULL);
INSERT INTO sync_table VALUES (119, 4, 'callList', 'org.aspcfs.modules.contacts.base.CallList', '2003-12-22 09:59:03.938', '2003-12-22 09:59:03.938', NULL, -1, false, NULL);
INSERT INTO sync_table VALUES (120, 4, 'customFieldCategory', 'org.aspcfs.modules.base.CustomFieldCategory', '2003-12-22 09:59:03.938', '2003-12-22 09:59:03.938', NULL, -1, false, NULL);
INSERT INTO sync_table VALUES (121, 4, 'customFieldCategoryList', 'org.aspcfs.modules.base.CustomFieldCategoryList', '2003-12-22 09:59:03.938', '2003-12-22 09:59:03.938', NULL, -1, false, NULL);
INSERT INTO sync_table VALUES (122, 4, 'customFieldGroup', 'org.aspcfs.modules.base.CustomFieldGroup', '2003-12-22 09:59:03.938', '2003-12-22 09:59:03.938', NULL, -1, false, NULL);
INSERT INTO sync_table VALUES (123, 4, 'customFieldGroupList', 'org.aspcfs.modules.base.CustomFieldGroupList', '2003-12-22 09:59:03.938', '2003-12-22 09:59:03.938', NULL, -1, false, NULL);
INSERT INTO sync_table VALUES (124, 4, 'customField', 'org.aspcfs.modules.base.CustomField', '2003-12-22 09:59:03.938', '2003-12-22 09:59:03.938', NULL, -1, false, NULL);
INSERT INTO sync_table VALUES (125, 4, 'customFieldList', 'org.aspcfs.modules.base.CustomFieldList', '2003-12-22 09:59:03.938', '2003-12-22 09:59:03.938', NULL, -1, false, NULL);
INSERT INTO sync_table VALUES (126, 4, 'customFieldLookup', 'org.aspcfs.utils.web.LookupElement', '2003-12-22 09:59:03.938', '2003-12-22 09:59:03.938', NULL, -1, false, NULL);
INSERT INTO sync_table VALUES (127, 4, 'customFieldLookupList', 'org.aspcfs.utils.web.LookupList', '2003-12-22 09:59:03.938', '2003-12-22 09:59:03.938', NULL, -1, false, NULL);
INSERT INTO sync_table VALUES (128, 4, 'customFieldRecord', 'org.aspcfs.modules.base.CustomFieldRecord', '2003-12-22 09:59:03.938', '2003-12-22 09:59:03.938', NULL, -1, false, NULL);
INSERT INTO sync_table VALUES (129, 4, 'customFieldRecordList', 'org.aspcfs.modules.base.CustomFieldRecordList', '2003-12-22 09:59:03.938', '2003-12-22 09:59:03.938', NULL, -1, false, NULL);
INSERT INTO sync_table VALUES (130, 4, 'contactEmailAddress', 'org.aspcfs.modules.contacts.base.ContactEmailAddress', '2003-12-22 09:59:03.938', '2003-12-22 09:59:03.938', NULL, -1, false, NULL);
INSERT INTO sync_table VALUES (131, 4, 'contactEmailAddressList', 'org.aspcfs.modules.contacts.base.ContactEmailAddressList', '2003-12-22 09:59:03.938', '2003-12-22 09:59:03.938', NULL, -1, false, NULL);
INSERT INTO sync_table VALUES (132, 4, 'customFieldData', 'org.aspcfs.modules.base.CustomFieldData', '2003-12-22 09:59:03.938', '2003-12-22 09:59:03.938', NULL, -1, false, NULL);
INSERT INTO sync_table VALUES (133, 4, 'lookupProjectActivity', 'org.aspcfs.utils.web.CustomLookupElement', '2003-12-22 09:59:03.938', '2003-12-22 09:59:03.938', NULL, -1, false, NULL);
INSERT INTO sync_table VALUES (134, 4, 'lookupProjectActivityList', 'org.aspcfs.utils.web.CustomLookupList', '2003-12-22 09:59:03.938', '2003-12-22 09:59:03.938', NULL, -1, false, NULL);
INSERT INTO sync_table VALUES (135, 4, 'lookupProjectIssues', 'org.aspcfs.utils.web.CustomLookupElement', '2003-12-22 09:59:03.938', '2003-12-22 09:59:03.938', NULL, -1, false, NULL);
INSERT INTO sync_table VALUES (136, 4, 'lookupProjectIssuesList', 'org.aspcfs.utils.web.CustomLookupList', '2003-12-22 09:59:03.938', '2003-12-22 09:59:03.938', NULL, -1, false, NULL);
INSERT INTO sync_table VALUES (137, 4, 'lookupProjectLoe', 'org.aspcfs.utils.web.CustomLookupElement', '2003-12-22 09:59:03.938', '2003-12-22 09:59:03.938', NULL, -1, false, NULL);
INSERT INTO sync_table VALUES (138, 4, 'lookupProjectLoeList', 'org.aspcfs.utils.web.CustomLookupList', '2003-12-22 09:59:03.938', '2003-12-22 09:59:03.938', NULL, -1, false, NULL);
INSERT INTO sync_table VALUES (139, 4, 'lookupProjectPriority', 'org.aspcfs.utils.web.CustomLookupElement', '2003-12-22 09:59:03.938', '2003-12-22 09:59:03.938', NULL, -1, false, NULL);
INSERT INTO sync_table VALUES (140, 4, 'lookupProjectPriorityList', 'org.aspcfs.utils.web.CustomLookupList', '2003-12-22 09:59:03.938', '2003-12-22 09:59:03.938', NULL, -1, false, NULL);
INSERT INTO sync_table VALUES (141, 4, 'lookupProjectStatus', 'org.aspcfs.utils.web.CustomLookupElement', '2003-12-22 09:59:03.938', '2003-12-22 09:59:03.938', NULL, -1, false, NULL);
INSERT INTO sync_table VALUES (142, 4, 'lookupProjectStatusList', 'org.aspcfs.utils.web.CustomLookupList', '2003-12-22 09:59:03.938', '2003-12-22 09:59:03.938', NULL, -1, false, NULL);
INSERT INTO sync_table VALUES (143, 4, 'project', 'com.zeroio.iteam.base.Project', '2003-12-22 09:59:03.938', '2003-12-22 09:59:03.938', NULL, -1, false, NULL);
INSERT INTO sync_table VALUES (144, 4, 'projectList', 'com.zeroio.iteam.base.ProjectList', '2003-12-22 09:59:03.938', '2003-12-22 09:59:03.938', NULL, -1, false, NULL);
INSERT INTO sync_table VALUES (145, 4, 'requirement', 'com.zeroio.iteam.base.Requirement', '2003-12-22 09:59:03.938', '2003-12-22 09:59:03.938', NULL, -1, false, NULL);
INSERT INTO sync_table VALUES (146, 4, 'requirementList', 'com.zeroio.iteam.base.RequirementList', '2003-12-22 09:59:03.938', '2003-12-22 09:59:03.938', NULL, -1, false, NULL);
INSERT INTO sync_table VALUES (147, 4, 'assignment', 'com.zeroio.iteam.base.Assignment', '2003-12-22 09:59:03.938', '2003-12-22 09:59:03.938', NULL, -1, false, NULL);
INSERT INTO sync_table VALUES (148, 4, 'assignmentList', 'com.zeroio.iteam.base.AssignmentList', '2003-12-22 09:59:03.938', '2003-12-22 09:59:03.938', NULL, -1, false, NULL);
INSERT INTO sync_table VALUES (149, 4, 'issue', 'com.zeroio.iteam.base.Issue', '2003-12-22 09:59:03.938', '2003-12-22 09:59:03.938', NULL, -1, false, NULL);
INSERT INTO sync_table VALUES (150, 4, 'issueList', 'com.zeroio.iteam.base.IssueList', '2003-12-22 09:59:03.938', '2003-12-22 09:59:03.938', NULL, -1, false, NULL);
INSERT INTO sync_table VALUES (151, 4, 'issueReply', 'com.zeroio.iteam.base.IssueReply', '2003-12-22 09:59:03.938', '2003-12-22 09:59:03.938', NULL, -1, false, NULL);
INSERT INTO sync_table VALUES (152, 4, 'issueReplyList', 'com.zeroio.iteam.base.IssueReplyList', '2003-12-22 09:59:03.938', '2003-12-22 09:59:03.938', NULL, -1, false, NULL);
INSERT INTO sync_table VALUES (153, 4, 'teamMember', 'com.zeroio.iteam.base.TeamMember', '2003-12-22 09:59:03.938', '2003-12-22 09:59:03.938', NULL, -1, false, NULL);
INSERT INTO sync_table VALUES (154, 4, 'fileItem', 'com.zeroio.iteam.base.FileItem', '2003-12-22 09:59:03.938', '2003-12-22 09:59:03.938', NULL, -1, false, NULL);
INSERT INTO sync_table VALUES (155, 4, 'fileItemList', 'com.zeroio.iteam.base.FileItemList', '2003-12-22 09:59:03.938', '2003-12-22 09:59:03.938', NULL, -1, false, NULL);
INSERT INTO sync_table VALUES (156, 4, 'fileItemVersion', 'com.zeroio.iteam.base.FileItemVersion', '2003-12-22 09:59:03.938', '2003-12-22 09:59:03.938', NULL, -1, false, NULL);
INSERT INTO sync_table VALUES (157, 4, 'fileItemVersionList', 'com.zeroio.iteam.base.FileItemVersionList', '2003-12-22 09:59:03.938', '2003-12-22 09:59:03.938', NULL, -1, false, NULL);
INSERT INTO sync_table VALUES (158, 4, 'fileDownloadLog', 'com.zeroio.iteam.base.FileDownloadLog', '2003-12-22 09:59:03.938', '2003-12-22 09:59:03.938', NULL, -1, false, NULL);
INSERT INTO sync_table VALUES (159, 4, 'contactAddress', 'org.aspcfs.modules.contacts.base.ContactAddress', '2003-12-22 09:59:03.938', '2003-12-22 09:59:03.938', NULL, -1, false, NULL);
INSERT INTO sync_table VALUES (160, 4, 'contactAddressList', 'org.aspcfs.modules.contacts.base.ContactAddressList', '2003-12-22 09:59:03.938', '2003-12-22 09:59:03.938', NULL, -1, false, NULL);
INSERT INTO sync_table VALUES (161, 4, 'contactPhoneNumber', 'org.aspcfs.modules.contacts.base.ContactPhoneNumber', '2003-12-22 09:59:03.938', '2003-12-22 09:59:03.938', NULL, -1, false, NULL);
INSERT INTO sync_table VALUES (162, 4, 'contactPhoneNumberList', 'org.aspcfs.modules.contacts.base.ContactPhoneNumberList', '2003-12-22 09:59:03.938', '2003-12-22 09:59:03.938', NULL, -1, false, NULL);
INSERT INTO sync_table VALUES (163, 4, 'organizationPhoneNumber', 'org.aspcfs.modules.accounts.base.OrganizationPhoneNumber', '2003-12-22 09:59:03.938', '2003-12-22 09:59:03.938', NULL, -1, false, NULL);
INSERT INTO sync_table VALUES (164, 4, 'organizationPhoneNumberList', 'org.aspcfs.modules.accounts.base.OrganizationPhoneNumberList', '2003-12-22 09:59:03.938', '2003-12-22 09:59:03.938', NULL, -1, false, NULL);
INSERT INTO sync_table VALUES (165, 4, 'organizationEmailAddress', 'org.aspcfs.modules.accounts.base.OrganizationEmailAddress', '2003-12-22 09:59:03.938', '2003-12-22 09:59:03.938', NULL, -1, false, NULL);
INSERT INTO sync_table VALUES (166, 4, 'organizationEmailAddressList', 'org.aspcfs.modules.accounts.base.OrganizationEmailAddressList', '2003-12-22 09:59:03.938', '2003-12-22 09:59:03.938', NULL, -1, false, NULL);
INSERT INTO sync_table VALUES (167, 4, 'organizationAddress', 'org.aspcfs.modules.accounts.base.OrganizationAddress', '2003-12-22 09:59:03.938', '2003-12-22 09:59:03.938', NULL, -1, false, NULL);
INSERT INTO sync_table VALUES (168, 4, 'organizationAddressList', 'org.aspcfs.modules.accounts.base.OrganizationAddressList', '2003-12-22 09:59:03.938', '2003-12-22 09:59:03.938', NULL, -1, false, NULL);
INSERT INTO sync_table VALUES (169, 4, 'ticketLog', 'org.aspcfs.modules.troubletickets.base.TicketLog', '2003-12-22 09:59:03.938', '2003-12-22 09:59:03.938', NULL, -1, false, NULL);
INSERT INTO sync_table VALUES (170, 4, 'ticketLogList', 'org.aspcfs.modules.troubletickets.base.TicketLogList', '2003-12-22 09:59:03.938', '2003-12-22 09:59:03.938', NULL, -1, false, NULL);
INSERT INTO sync_table VALUES (171, 4, 'message', 'org.aspcfs.modules.communications.base.Message', '2003-12-22 09:59:03.938', '2003-12-22 09:59:03.938', NULL, -1, false, NULL);
INSERT INTO sync_table VALUES (172, 4, 'messageList', 'org.aspcfs.modules.communications.base.MessageList', '2003-12-22 09:59:03.938', '2003-12-22 09:59:03.938', NULL, -1, false, NULL);
INSERT INTO sync_table VALUES (173, 4, 'searchCriteriaElements', 'org.aspcfs.modules.communications.base.SearchCriteriaList', '2003-12-22 09:59:03.938', '2003-12-22 09:59:03.938', NULL, -1, false, NULL);
INSERT INTO sync_table VALUES (174, 4, 'searchCriteriaElementsList', 'org.aspcfs.modules.communications.base.SearchCriteriaListList', '2003-12-22 09:59:03.938', '2003-12-22 09:59:03.938', NULL, -1, false, NULL);
INSERT INTO sync_table VALUES (175, 4, 'savedCriteriaElement', 'org.aspcfs.modules.communications.base.SavedCriteriaElement', '2003-12-22 09:59:03.938', '2003-12-22 09:59:03.938', NULL, -1, false, NULL);
INSERT INTO sync_table VALUES (176, 4, 'searchFieldElement', 'org.aspcfs.utils.web.CustomLookupElement', '2003-12-22 09:59:03.938', '2003-12-22 09:59:03.938', NULL, -1, false, NULL);
INSERT INTO sync_table VALUES (177, 4, 'searchFieldElementList', 'org.aspcfs.utils.web.CustomLookupList', '2003-12-22 09:59:03.938', '2003-12-22 09:59:03.938', NULL, -1, false, NULL);
INSERT INTO sync_table VALUES (178, 4, 'revenue', 'org.aspcfs.modules.accounts.base.Revenue', '2003-12-22 09:59:03.938', '2003-12-22 09:59:03.938', NULL, -1, false, NULL);
INSERT INTO sync_table VALUES (179, 4, 'revenueList', 'org.aspcfs.modules.accounts.base.RevenueList', '2003-12-22 09:59:03.938', '2003-12-22 09:59:03.938', NULL, -1, false, NULL);
INSERT INTO sync_table VALUES (180, 4, 'campaign', 'org.aspcfs.modules.communications.base.Campaign', '2003-12-22 09:59:03.938', '2003-12-22 09:59:03.938', NULL, -1, false, NULL);
INSERT INTO sync_table VALUES (181, 4, 'campaignList', 'org.aspcfs.modules.communications.base.CampaignList', '2003-12-22 09:59:03.938', '2003-12-22 09:59:03.938', NULL, -1, false, NULL);
INSERT INTO sync_table VALUES (182, 4, 'scheduledRecipient', 'org.aspcfs.modules.communications.base.ScheduledRecipient', '2003-12-22 09:59:03.938', '2003-12-22 09:59:03.938', NULL, -1, false, NULL);
INSERT INTO sync_table VALUES (183, 4, 'scheduledRecipientList', 'org.aspcfs.modules.communications.base.ScheduledRecipientList', '2003-12-22 09:59:03.938', '2003-12-22 09:59:03.938', NULL, -1, false, NULL);
INSERT INTO sync_table VALUES (184, 4, 'accessLog', 'org.aspcfs.modules.admin.base.AccessLog', '2003-12-22 09:59:03.938', '2003-12-22 09:59:03.938', NULL, -1, false, NULL);
INSERT INTO sync_table VALUES (185, 4, 'accessLogList', 'org.aspcfs.modules.admin.base.AccessLogList', '2003-12-22 09:59:03.938', '2003-12-22 09:59:03.938', NULL, -1, false, NULL);
INSERT INTO sync_table VALUES (186, 4, 'accountTypeLevels', 'org.aspcfs.modules.accounts.base.AccountTypeLevel', '2003-12-22 09:59:03.938', '2003-12-22 09:59:03.938', NULL, -1, false, NULL);
INSERT INTO sync_table VALUES (187, 4, 'fieldTypes', 'org.aspcfs.utils.web.CustomLookupElement', '2003-12-22 09:59:03.938', '2003-12-22 09:59:03.938', NULL, -1, false, NULL);
INSERT INTO sync_table VALUES (188, 4, 'fieldTypesList', 'org.aspcfs.utils.web.CustomLookupList', '2003-12-22 09:59:03.938', '2003-12-22 09:59:03.938', NULL, -1, false, NULL);
INSERT INTO sync_table VALUES (189, 4, 'excludedRecipient', 'org.aspcfs.modules.communications.base.ExcludedRecipient', '2003-12-22 09:59:03.938', '2003-12-22 09:59:03.938', NULL, -1, false, NULL);
INSERT INTO sync_table VALUES (190, 4, 'campaignRun', 'org.aspcfs.modules.communications.base.CampaignRun', '2003-12-22 09:59:03.938', '2003-12-22 09:59:03.938', NULL, -1, false, NULL);
INSERT INTO sync_table VALUES (191, 4, 'campaignRunList', 'org.aspcfs.modules.communications.base.CampaignRunList', '2003-12-22 09:59:03.938', '2003-12-22 09:59:03.938', NULL, -1, false, NULL);
INSERT INTO sync_table VALUES (192, 4, 'campaignListGroups', 'org.aspcfs.modules.communications.base.CampaignListGroup', '2003-12-22 09:59:03.938', '2003-12-22 09:59:03.938', NULL, -1, false, NULL);
INSERT INTO sync_table VALUES (193, 5, 'ticket', 'org.aspcfs.modules.troubletickets.base.Ticket', '2003-12-22 09:59:03.938', '2003-12-22 09:59:03.938', NULL, -1, false, 'id');
INSERT INTO sync_table VALUES (194, 5, 'ticketCategory', 'org.aspcfs.modules.troubletickets.base.TicketCategory', '2003-12-22 09:59:03.938', '2003-12-22 09:59:03.938', NULL, -1, false, NULL);
INSERT INTO sync_table VALUES (195, 5, 'ticketCategoryList', 'org.aspcfs.modules.troubletickets.base.TicketCategoryList', '2003-12-22 09:59:03.938', '2003-12-22 09:59:03.938', NULL, -1, false, NULL);
INSERT INTO sync_table VALUES (196, 5, 'syncClient', 'org.aspcfs.modules.service.base.SyncClient', '2003-12-22 09:59:03.938', '2003-12-22 09:59:03.938', NULL, 2, false, NULL);
INSERT INTO sync_table VALUES (197, 5, 'accountList', 'org.aspcfs.modules.accounts.base.OrganizationList', '2003-12-22 09:59:03.938', '2003-12-22 09:59:03.938', NULL, -1, false, NULL);
INSERT INTO sync_table VALUES (198, 5, 'userList', 'org.aspcfs.modules.admin.base.UserList', '2003-12-22 09:59:03.938', '2003-12-22 09:59:03.938', NULL, -1, false, NULL);
INSERT INTO sync_table VALUES (199, 5, 'contactList', 'org.aspcfs.modules.contacts.base.ContactList', '2003-12-22 09:59:03.938', '2003-12-22 09:59:03.938', NULL, -1, false, NULL);


--
-- Data for TOC entry 658 (OID 133111)
-- Name: sync_map; Type: TABLE DATA; Schema: public; Owner: matt
--



--
-- Data for TOC entry 659 (OID 133123)
-- Name: sync_conflict_log; Type: TABLE DATA; Schema: public; Owner: matt
--



--
-- Data for TOC entry 660 (OID 133136)
-- Name: sync_log; Type: TABLE DATA; Schema: public; Owner: matt
--



--
-- Data for TOC entry 661 (OID 133152)
-- Name: sync_transaction_log; Type: TABLE DATA; Schema: public; Owner: matt
--



--
-- Data for TOC entry 662 (OID 133166)
-- Name: process_log; Type: TABLE DATA; Schema: public; Owner: matt
--



--
-- Data for TOC entry 663 (OID 133389)
-- Name: autoguide_make; Type: TABLE DATA; Schema: public; Owner: matt
--



--
-- Data for TOC entry 664 (OID 133398)
-- Name: autoguide_model; Type: TABLE DATA; Schema: public; Owner: matt
--



--
-- Data for TOC entry 665 (OID 133411)
-- Name: autoguide_vehicle; Type: TABLE DATA; Schema: public; Owner: matt
--



--
-- Data for TOC entry 666 (OID 133428)
-- Name: autoguide_inventory; Type: TABLE DATA; Schema: public; Owner: matt
--



--
-- Data for TOC entry 667 (OID 133447)
-- Name: autoguide_options; Type: TABLE DATA; Schema: public; Owner: matt
--

INSERT INTO autoguide_options VALUES (1, 'A/T', false, 10, true, '2003-12-22 09:59:06.067', '2003-12-22 09:59:06.067');
INSERT INTO autoguide_options VALUES (2, '4-CYL', false, 20, true, '2003-12-22 09:59:06.067', '2003-12-22 09:59:06.067');
INSERT INTO autoguide_options VALUES (3, '6-CYL', false, 30, true, '2003-12-22 09:59:06.067', '2003-12-22 09:59:06.067');
INSERT INTO autoguide_options VALUES (4, 'V-8', false, 40, true, '2003-12-22 09:59:06.067', '2003-12-22 09:59:06.067');
INSERT INTO autoguide_options VALUES (5, 'CRUISE', false, 50, true, '2003-12-22 09:59:06.067', '2003-12-22 09:59:06.067');
INSERT INTO autoguide_options VALUES (6, '5-SPD', false, 60, true, '2003-12-22 09:59:06.067', '2003-12-22 09:59:06.067');
INSERT INTO autoguide_options VALUES (7, '4X4', false, 70, true, '2003-12-22 09:59:06.067', '2003-12-22 09:59:06.067');
INSERT INTO autoguide_options VALUES (8, '2-DOOR', false, 80, true, '2003-12-22 09:59:06.067', '2003-12-22 09:59:06.067');
INSERT INTO autoguide_options VALUES (9, '4-DOOR', false, 90, true, '2003-12-22 09:59:06.067', '2003-12-22 09:59:06.067');
INSERT INTO autoguide_options VALUES (10, 'LEATHER', false, 100, true, '2003-12-22 09:59:06.067', '2003-12-22 09:59:06.067');
INSERT INTO autoguide_options VALUES (11, 'P/DL', false, 110, true, '2003-12-22 09:59:06.067', '2003-12-22 09:59:06.067');
INSERT INTO autoguide_options VALUES (12, 'T/W', false, 120, true, '2003-12-22 09:59:06.067', '2003-12-22 09:59:06.067');
INSERT INTO autoguide_options VALUES (13, 'P/SEATS', false, 130, true, '2003-12-22 09:59:06.067', '2003-12-22 09:59:06.067');
INSERT INTO autoguide_options VALUES (14, 'P/WIND', false, 140, true, '2003-12-22 09:59:06.067', '2003-12-22 09:59:06.067');
INSERT INTO autoguide_options VALUES (15, 'P/S', false, 150, true, '2003-12-22 09:59:06.067', '2003-12-22 09:59:06.067');
INSERT INTO autoguide_options VALUES (16, 'BEDLINE', false, 160, true, '2003-12-22 09:59:06.067', '2003-12-22 09:59:06.067');
INSERT INTO autoguide_options VALUES (17, 'LOW MILES', false, 170, true, '2003-12-22 09:59:06.067', '2003-12-22 09:59:06.067');
INSERT INTO autoguide_options VALUES (18, 'EX CLEAN', false, 180, true, '2003-12-22 09:59:06.067', '2003-12-22 09:59:06.067');
INSERT INTO autoguide_options VALUES (19, 'LOADED', false, 190, true, '2003-12-22 09:59:06.067', '2003-12-22 09:59:06.067');
INSERT INTO autoguide_options VALUES (20, 'A/C', false, 200, true, '2003-12-22 09:59:06.067', '2003-12-22 09:59:06.067');
INSERT INTO autoguide_options VALUES (21, 'SUNROOF', false, 210, true, '2003-12-22 09:59:06.067', '2003-12-22 09:59:06.067');
INSERT INTO autoguide_options VALUES (22, 'AM/FM ST', false, 220, true, '2003-12-22 09:59:06.067', '2003-12-22 09:59:06.067');
INSERT INTO autoguide_options VALUES (23, 'CASS', false, 225, true, '2003-12-22 09:59:06.067', '2003-12-22 09:59:06.067');
INSERT INTO autoguide_options VALUES (24, 'CD PLYR', false, 230, true, '2003-12-22 09:59:06.067', '2003-12-22 09:59:06.067');
INSERT INTO autoguide_options VALUES (25, 'ABS', false, 240, true, '2003-12-22 09:59:06.067', '2003-12-22 09:59:06.067');
INSERT INTO autoguide_options VALUES (26, 'ALARM', false, 250, true, '2003-12-22 09:59:06.067', '2003-12-22 09:59:06.067');
INSERT INTO autoguide_options VALUES (27, 'SLD R. WIN', false, 260, true, '2003-12-22 09:59:06.067', '2003-12-22 09:59:06.067');
INSERT INTO autoguide_options VALUES (28, 'AIRBAG', false, 270, true, '2003-12-22 09:59:06.067', '2003-12-22 09:59:06.067');
INSERT INTO autoguide_options VALUES (29, '1 OWNER', false, 280, true, '2003-12-22 09:59:06.067', '2003-12-22 09:59:06.067');
INSERT INTO autoguide_options VALUES (30, 'ALLOY WH', false, 290, true, '2003-12-22 09:59:06.067', '2003-12-22 09:59:06.067');


--
-- Data for TOC entry 668 (OID 133457)
-- Name: autoguide_inventory_options; Type: TABLE DATA; Schema: public; Owner: matt
--



--
-- Data for TOC entry 669 (OID 133466)
-- Name: autoguide_ad_run; Type: TABLE DATA; Schema: public; Owner: matt
--



--
-- Data for TOC entry 670 (OID 133481)
-- Name: autoguide_ad_run_types; Type: TABLE DATA; Schema: public; Owner: matt
--

INSERT INTO autoguide_ad_run_types VALUES (1, 'In Column', false, 1, true, '2003-12-22 09:59:06.067', '2003-12-22 09:59:06.067');
INSERT INTO autoguide_ad_run_types VALUES (2, 'Display', false, 2, true, '2003-12-22 09:59:06.067', '2003-12-22 09:59:06.067');
INSERT INTO autoguide_ad_run_types VALUES (3, 'Both', false, 3, true, '2003-12-22 09:59:06.067', '2003-12-22 09:59:06.067');


--
-- Data for TOC entry 671 (OID 133526)
-- Name: lookup_revenue_types; Type: TABLE DATA; Schema: public; Owner: matt
--

INSERT INTO lookup_revenue_types VALUES (1, 'Technical', false, 0, true);


--
-- Data for TOC entry 672 (OID 133536)
-- Name: lookup_revenuedetail_types; Type: TABLE DATA; Schema: public; Owner: matt
--



--
-- Data for TOC entry 673 (OID 133546)
-- Name: revenue; Type: TABLE DATA; Schema: public; Owner: matt
--



--
-- Data for TOC entry 674 (OID 133579)
-- Name: revenue_detail; Type: TABLE DATA; Schema: public; Owner: matt
--



--
-- Data for TOC entry 675 (OID 133610)
-- Name: lookup_task_priority; Type: TABLE DATA; Schema: public; Owner: matt
--

INSERT INTO lookup_task_priority VALUES (1, '1', true, 1, true);
INSERT INTO lookup_task_priority VALUES (2, '2', false, 2, true);
INSERT INTO lookup_task_priority VALUES (3, '3', false, 3, true);
INSERT INTO lookup_task_priority VALUES (4, '4', false, 4, true);
INSERT INTO lookup_task_priority VALUES (5, '5', false, 5, true);


--
-- Data for TOC entry 676 (OID 133620)
-- Name: lookup_task_loe; Type: TABLE DATA; Schema: public; Owner: matt
--

INSERT INTO lookup_task_loe VALUES (1, 'Minute(s)', false, 1, true);
INSERT INTO lookup_task_loe VALUES (2, 'Hour(s)', true, 1, true);
INSERT INTO lookup_task_loe VALUES (3, 'Day(s)', false, 1, true);
INSERT INTO lookup_task_loe VALUES (4, 'Week(s)', false, 1, true);
INSERT INTO lookup_task_loe VALUES (5, 'Month(s)', false, 1, true);


--
-- Data for TOC entry 677 (OID 133630)
-- Name: lookup_task_category; Type: TABLE DATA; Schema: public; Owner: matt
--



--
-- Data for TOC entry 678 (OID 133640)
-- Name: task; Type: TABLE DATA; Schema: public; Owner: matt
--



--
-- Data for TOC entry 679 (OID 133677)
-- Name: tasklink_contact; Type: TABLE DATA; Schema: public; Owner: matt
--



--
-- Data for TOC entry 680 (OID 133687)
-- Name: tasklink_ticket; Type: TABLE DATA; Schema: public; Owner: matt
--



--
-- Data for TOC entry 681 (OID 133697)
-- Name: tasklink_project; Type: TABLE DATA; Schema: public; Owner: matt
--



--
-- Data for TOC entry 682 (OID 133707)
-- Name: taskcategory_project; Type: TABLE DATA; Schema: public; Owner: matt
--



--
-- Data for TOC entry 683 (OID 133729)
-- Name: business_process_component_library; Type: TABLE DATA; Schema: public; Owner: matt
--

INSERT INTO business_process_component_library VALUES (1, 'org.aspcfs.modules.troubletickets.components.LoadTicketDetails', 1, 'org.aspcfs.modules.troubletickets.components.LoadTicketDetails', 'Load all ticket information for use in other steps', true);
INSERT INTO business_process_component_library VALUES (2, 'org.aspcfs.modules.troubletickets.components.QueryTicketJustClosed', 1, 'org.aspcfs.modules.troubletickets.components.QueryTicketJustClosed', 'Was the ticket just closed?', true);
INSERT INTO business_process_component_library VALUES (3, 'org.aspcfs.modules.components.SendUserNotification', 1, 'org.aspcfs.modules.components.SendUserNotification', 'Send an email notification to a user', true);
INSERT INTO business_process_component_library VALUES (4, 'org.aspcfs.modules.troubletickets.components.SendTicketSurvey', 1, 'org.aspcfs.modules.troubletickets.components.SendTicketSurvey', 'org.aspcfs.modules.troubletickets.components.SendTicketSurvey', true);
INSERT INTO business_process_component_library VALUES (5, 'org.aspcfs.modules.troubletickets.components.QueryTicketJustAssigned', 1, 'org.aspcfs.modules.troubletickets.components.QueryTicketJustAssigned', 'Was the ticket just assigned or re-assigned?', true);
INSERT INTO business_process_component_library VALUES (6, 'org.aspcfs.modules.troubletickets.components.GenerateTicketList', 2, 'org.aspcfs.modules.troubletickets.components.GenerateTicketList', 'Generate a list of tickets based on specified parameters.  Are there any tickets matching the parameters?', true);
INSERT INTO business_process_component_library VALUES (7, 'org.aspcfs.modules.troubletickets.components.SendTicketListReport', 2, 'org.aspcfs.modules.troubletickets.components.SendTicketListReport', 'Sends a ticket report to specified users with the specified parameters', true);


--
-- Data for TOC entry 684 (OID 133740)
-- Name: business_process_component_result_lookup; Type: TABLE DATA; Schema: public; Owner: matt
--

INSERT INTO business_process_component_result_lookup VALUES (1, 2, 1, 'Yes', 0, true);
INSERT INTO business_process_component_result_lookup VALUES (2, 2, 0, 'No', 1, true);
INSERT INTO business_process_component_result_lookup VALUES (3, 5, 1, 'Yes', 0, true);


--
-- Data for TOC entry 685 (OID 133753)
-- Name: business_process_parameter_library; Type: TABLE DATA; Schema: public; Owner: matt
--

INSERT INTO business_process_parameter_library VALUES (1, 3, 'notification.module', NULL, 'Tickets', true);
INSERT INTO business_process_parameter_library VALUES (2, 3, 'notification.itemId', NULL, '${this.id}', true);
INSERT INTO business_process_parameter_library VALUES (3, 3, 'notification.itemModified', NULL, '${this.modified}', true);
INSERT INTO business_process_parameter_library VALUES (4, 3, 'notification.userToNotify', NULL, '${previous.enteredBy}', true);
INSERT INTO business_process_parameter_library VALUES (5, 3, 'notification.subject', NULL, 'Dark Horse CRM Ticket Closed: ${this.paddedId}', true);
INSERT INTO business_process_parameter_library VALUES (6, 3, 'notification.body', NULL, 'The following ticket in Dark Horse CRM has been closed:

--- Ticket Details ---

Ticket # ${this.paddedId}
Priority: ${ticketPriorityLookup.description}
Severity: ${ticketSeverityLookup.description}
Issue: ${this.problem}

Comment: ${this.comment}

Closed by: ${ticketModifiedByContact.nameFirstLast}

Solution: ${this.solution}
', true);
INSERT INTO business_process_parameter_library VALUES (7, 6, 'notification.module', NULL, 'Tickets', true);
INSERT INTO business_process_parameter_library VALUES (8, 6, 'notification.itemId', NULL, '${this.id}', true);
INSERT INTO business_process_parameter_library VALUES (9, 6, 'notification.itemModified', NULL, '${this.modified}', true);
INSERT INTO business_process_parameter_library VALUES (10, 6, 'notification.userToNotify', NULL, '${this.assignedTo}', true);
INSERT INTO business_process_parameter_library VALUES (11, 6, 'notification.subject', NULL, 'Dark Horse CRM Ticket Assigned: ${this.paddedId}', true);
INSERT INTO business_process_parameter_library VALUES (12, 6, 'notification.body', NULL, 'The following ticket in Dark Horse CRM has been assigned to you:

--- Ticket Details ---

Ticket # ${this.paddedId}
Priority: ${ticketPriorityLookup.description}
Severity: ${ticketSeverityLookup.description}
Issue: ${this.problem}

Assigned By: ${ticketModifiedByContact.nameFirstLast}
Comment: ${this.comment}
', true);
INSERT INTO business_process_parameter_library VALUES (13, 7, 'ticketList.onlyOpen', NULL, 'true', true);
INSERT INTO business_process_parameter_library VALUES (14, 7, 'ticketList.onlyAssigned', NULL, 'true', true);
INSERT INTO business_process_parameter_library VALUES (15, 7, 'ticketList.onlyUnassigned', NULL, 'true', true);
INSERT INTO business_process_parameter_library VALUES (16, 7, 'ticketList.minutesOlderThan', NULL, '10', true);
INSERT INTO business_process_parameter_library VALUES (17, 7, 'ticketList.lastAnchor', NULL, '${process.lastAnchor}', true);
INSERT INTO business_process_parameter_library VALUES (18, 7, 'ticketList.nextAnchor', NULL, '${process.nextAnchor}', true);
INSERT INTO business_process_parameter_library VALUES (19, 8, 'notification.users.to', NULL, '${this.enteredBy}', true);
INSERT INTO business_process_parameter_library VALUES (20, 8, 'notification.contacts.to', NULL, '${this.contactId}', true);
INSERT INTO business_process_parameter_library VALUES (21, 8, 'notification.subject', NULL, 'Dark Horse CRM Unassigned Ticket Report (${objects.size})', true);
INSERT INTO business_process_parameter_library VALUES (22, 8, 'notification.body', NULL, '** This is an automated message **

The following tickets in Dark Horse CRM are unassigned and need attention:

', true);
INSERT INTO business_process_parameter_library VALUES (23, 8, 'report.ticket.content', NULL, '----- Ticket Details -----
Ticket # ${this.paddedId}
Created: ${this.enteredString}
Organization: ${ticketOrganization.name}
Priority: ${ticketPriorityLookup.description}
Severity: ${ticketSeverityLookup.description}
Issue: ${this.problem}

Last Modified By: ${ticketModifiedByContact.nameFirstLast}
Comment: ${this.comment}


', true);


--
-- Data for TOC entry 686 (OID 133764)
-- Name: business_process; Type: TABLE DATA; Schema: public; Owner: matt
--

INSERT INTO business_process VALUES (1, 'dhv.ticket.insert', 'Ticket change notification', 1, 8, 1, true, '2003-12-22 09:59:29.921');
INSERT INTO business_process VALUES (2, 'dhv.report.ticketList.overdue', 'Overdue ticket notification', 2, 8, 7, true, '2003-12-22 09:59:29.921');


--
-- Data for TOC entry 687 (OID 133782)
-- Name: business_process_component; Type: TABLE DATA; Schema: public; Owner: matt
--

INSERT INTO business_process_component VALUES (1, 1, 1, NULL, NULL, true);
INSERT INTO business_process_component VALUES (2, 1, 2, 1, NULL, true);
INSERT INTO business_process_component VALUES (3, 1, 3, 2, 1, true);
INSERT INTO business_process_component VALUES (4, 1, 4, 2, 1, false);
INSERT INTO business_process_component VALUES (5, 1, 5, 2, 0, true);
INSERT INTO business_process_component VALUES (6, 1, 3, 5, 1, true);
INSERT INTO business_process_component VALUES (7, 2, 6, NULL, NULL, true);
INSERT INTO business_process_component VALUES (8, 2, 7, 7, NULL, true);


--
-- Data for TOC entry 688 (OID 133802)
-- Name: business_process_parameter; Type: TABLE DATA; Schema: public; Owner: matt
--



--
-- Data for TOC entry 689 (OID 133817)
-- Name: business_process_component_parameter; Type: TABLE DATA; Schema: public; Owner: matt
--

INSERT INTO business_process_component_parameter VALUES (1, 3, 1, 'Tickets', true);
INSERT INTO business_process_component_parameter VALUES (2, 3, 2, '${this.id}', true);
INSERT INTO business_process_component_parameter VALUES (3, 3, 3, '${this.modified}', true);
INSERT INTO business_process_component_parameter VALUES (4, 3, 4, '${previous.enteredBy}', true);
INSERT INTO business_process_component_parameter VALUES (5, 3, 5, 'Dark Horse CRM Ticket Closed: ${this.paddedId}', true);
INSERT INTO business_process_component_parameter VALUES (6, 3, 6, 'The following ticket in Dark Horse CRM has been closed:

--- Ticket Details ---

Ticket # ${this.paddedId}
Priority: ${ticketPriorityLookup.description}
Severity: ${ticketSeverityLookup.description}
Issue: ${this.problem}

Comment: ${this.comment}

Closed by: ${ticketModifiedByContact.nameFirstLast}

Solution: ${this.solution}
', true);
INSERT INTO business_process_component_parameter VALUES (7, 6, 7, 'Tickets', true);
INSERT INTO business_process_component_parameter VALUES (8, 6, 8, '${this.id}', true);
INSERT INTO business_process_component_parameter VALUES (9, 6, 9, '${this.modified}', true);
INSERT INTO business_process_component_parameter VALUES (10, 6, 10, '${this.assignedTo}', true);
INSERT INTO business_process_component_parameter VALUES (11, 6, 11, 'Dark Horse CRM Ticket Assigned: ${this.paddedId}', true);
INSERT INTO business_process_component_parameter VALUES (12, 6, 12, 'The following ticket in Dark Horse CRM has been assigned to you:

--- Ticket Details ---

Ticket # ${this.paddedId}
Priority: ${ticketPriorityLookup.description}
Severity: ${ticketSeverityLookup.description}
Issue: ${this.problem}

Assigned By: ${ticketModifiedByContact.nameFirstLast}
Comment: ${this.comment}
', true);
INSERT INTO business_process_component_parameter VALUES (13, 7, 13, 'true', true);
INSERT INTO business_process_component_parameter VALUES (14, 7, 14, 'true', false);
INSERT INTO business_process_component_parameter VALUES (15, 7, 15, 'true', true);
INSERT INTO business_process_component_parameter VALUES (16, 7, 16, '10', true);
INSERT INTO business_process_component_parameter VALUES (17, 7, 17, '${process.lastAnchor}', true);
INSERT INTO business_process_component_parameter VALUES (18, 7, 18, '${process.nextAnchor}', true);
INSERT INTO business_process_component_parameter VALUES (19, 8, 19, '${this.enteredBy}', true);
INSERT INTO business_process_component_parameter VALUES (20, 8, 20, '${this.contactId}', false);
INSERT INTO business_process_component_parameter VALUES (21, 8, 21, 'Dark Horse CRM Unassigned Ticket Report (${objects.size})', true);
INSERT INTO business_process_component_parameter VALUES (22, 8, 22, '** This is an automated message **

The following tickets in Dark Horse CRM are unassigned and need attention:

', true);
INSERT INTO business_process_component_parameter VALUES (23, 8, 23, '----- Ticket Details -----
Ticket # ${this.paddedId}
Created: ${this.enteredString}
Organization: ${ticketOrganization.name}
Priority: ${ticketPriorityLookup.description}
Severity: ${ticketSeverityLookup.description}
Issue: ${this.problem}

Last Modified By: ${ticketModifiedByContact.nameFirstLast}
Comment: ${this.comment}


', true);


--
-- Data for TOC entry 690 (OID 133836)
-- Name: business_process_events; Type: TABLE DATA; Schema: public; Owner: matt
--



--
-- Data for TOC entry 691 (OID 133858)
-- Name: business_process_log; Type: TABLE DATA; Schema: public; Owner: matt
--



--
-- Data for TOC entry 692 (OID 133864)
-- Name: business_process_hook_library; Type: TABLE DATA; Schema: public; Owner: matt
--

INSERT INTO business_process_hook_library VALUES (1, 8, 'org.aspcfs.modules.troubletickets.base.Ticket', true);


--
-- Data for TOC entry 693 (OID 133876)
-- Name: business_process_hook_triggers; Type: TABLE DATA; Schema: public; Owner: matt
--

INSERT INTO business_process_hook_triggers VALUES (1, 2, 1, true);
INSERT INTO business_process_hook_triggers VALUES (2, 1, 1, true);


--
-- Data for TOC entry 694 (OID 133888)
-- Name: business_process_hook; Type: TABLE DATA; Schema: public; Owner: matt
--

INSERT INTO business_process_hook VALUES (1, 1, 1, true);
INSERT INTO business_process_hook VALUES (2, 2, 1, true);


--
-- TOC entry 379 (OID 130714)
-- Name: orglist_name; Type: INDEX; Schema: public; Owner: matt
--

CREATE INDEX orglist_name ON organization USING btree (name);


--
-- TOC entry 382 (OID 130769)
-- Name: contact_user_id_idx; Type: INDEX; Schema: public; Owner: matt
--

CREATE INDEX contact_user_id_idx ON contact USING btree (user_id);


--
-- TOC entry 384 (OID 130770)
-- Name: contactlist_namecompany; Type: INDEX; Schema: public; Owner: matt
--

CREATE INDEX contactlist_namecompany ON contact USING btree (namelast, namefirst, company);


--
-- TOC entry 383 (OID 130771)
-- Name: contactlist_company; Type: INDEX; Schema: public; Owner: matt
--

CREATE INDEX contactlist_company ON contact USING btree (company, namelast, namefirst);


--
-- TOC entry 415 (OID 131536)
-- Name: oppcomplist_closedate; Type: INDEX; Schema: public; Owner: matt
--

CREATE INDEX oppcomplist_closedate ON opportunity_component USING btree (closedate);


--
-- TOC entry 416 (OID 131537)
-- Name: oppcomplist_description; Type: INDEX; Schema: public; Owner: matt
--

CREATE INDEX oppcomplist_description ON opportunity_component USING btree (description);


--
-- TOC entry 418 (OID 131586)
-- Name: call_log_cidx; Type: INDEX; Schema: public; Owner: matt
--

CREATE INDEX call_log_cidx ON call_log USING btree (alertdate, enteredby);


--
-- TOC entry 430 (OID 131742)
-- Name: ticket_cidx; Type: INDEX; Schema: public; Owner: matt
--

CREATE INDEX ticket_cidx ON ticket USING btree (assigned_to, closed);


--
-- TOC entry 432 (OID 131743)
-- Name: ticketlist_entered; Type: INDEX; Schema: public; Owner: matt
--

CREATE INDEX ticketlist_entered ON ticket USING btree (entered);


--
-- TOC entry 436 (OID 131843)
-- Name: custom_field_cat_idx; Type: INDEX; Schema: public; Owner: matt
--

CREATE INDEX custom_field_cat_idx ON custom_field_category USING btree (module_id);


--
-- TOC entry 439 (OID 131862)
-- Name: custom_field_grp_idx; Type: INDEX; Schema: public; Owner: matt
--

CREATE INDEX custom_field_grp_idx ON custom_field_group USING btree (category_id);


--
-- TOC entry 440 (OID 131883)
-- Name: custom_field_inf_idx; Type: INDEX; Schema: public; Owner: matt
--

CREATE INDEX custom_field_inf_idx ON custom_field_info USING btree (group_id);


--
-- TOC entry 443 (OID 131922)
-- Name: custom_field_rec_idx; Type: INDEX; Schema: public; Owner: matt
--

CREATE INDEX custom_field_rec_idx ON custom_field_record USING btree (link_module_id, link_item_id, category_id);


--
-- TOC entry 445 (OID 131937)
-- Name: custom_field_dat_idx; Type: INDEX; Schema: public; Owner: matt
--

CREATE INDEX custom_field_dat_idx ON custom_field_data USING btree (record_id, field_id);


--
-- TOC entry 451 (OID 132017)
-- Name: projects_idx; Type: INDEX; Schema: public; Owner: matt
--

CREATE INDEX projects_idx ON projects USING btree (group_id, project_id);


--
-- TOC entry 455 (OID 132113)
-- Name: project_assignments_idx; Type: INDEX; Schema: public; Owner: matt
--

CREATE INDEX project_assignments_idx ON project_assignments USING btree (activity_id);


--
-- TOC entry 454 (OID 132114)
-- Name: project_assignments_cidx; Type: INDEX; Schema: public; Owner: matt
--

CREATE INDEX project_assignments_cidx ON project_assignments USING btree (complete_date, user_assign_id);


--
-- TOC entry 459 (OID 132164)
-- Name: project_issues_limit_idx; Type: INDEX; Schema: public; Owner: matt
--

CREATE INDEX project_issues_limit_idx ON project_issues USING btree (type_id, project_id, enteredby);


--
-- TOC entry 458 (OID 132165)
-- Name: project_issues_idx; Type: INDEX; Schema: public; Owner: matt
--

CREATE INDEX project_issues_idx ON project_issues USING btree (issue_id);


--
-- TOC entry 463 (OID 132229)
-- Name: project_files_cidx; Type: INDEX; Schema: public; Owner: matt
--

CREATE INDEX project_files_cidx ON project_files USING btree (link_module_id, link_item_id);


--
-- TOC entry 500 (OID 133122)
-- Name: idx_sync_map; Type: INDEX; Schema: public; Owner: matt
--

CREATE UNIQUE INDEX idx_sync_map ON sync_map USING btree (client_id, table_id, record_id);


--
-- TOC entry 509 (OID 133463)
-- Name: idx_autog_inv_opt; Type: INDEX; Schema: public; Owner: matt
--

CREATE UNIQUE INDEX idx_autog_inv_opt ON autoguide_inventory_options USING btree (inventory_id, option_id);


--
-- TOC entry 360 (OID 130514)
-- Name: access_pkey; Type: CONSTRAINT; Schema: public; Owner: matt
--

ALTER TABLE ONLY "access"
    ADD CONSTRAINT access_pkey PRIMARY KEY (user_id);


--
-- TOC entry 361 (OID 130524)
-- Name: lookup_industry_pkey; Type: CONSTRAINT; Schema: public; Owner: matt
--

ALTER TABLE ONLY lookup_industry
    ADD CONSTRAINT lookup_industry_pkey PRIMARY KEY (code);


--
-- TOC entry 362 (OID 130532)
-- Name: access_log_pkey; Type: CONSTRAINT; Schema: public; Owner: matt
--

ALTER TABLE ONLY access_log
    ADD CONSTRAINT access_log_pkey PRIMARY KEY (id);


--
-- TOC entry 695 (OID 130534)
-- Name: $1; Type: CONSTRAINT; Schema: public; Owner: matt
--

ALTER TABLE ONLY access_log
    ADD CONSTRAINT "$1" FOREIGN KEY (user_id) REFERENCES "access"(user_id) ON UPDATE NO ACTION ON DELETE NO ACTION;


--
-- TOC entry 363 (OID 130544)
-- Name: usage_log_pkey; Type: CONSTRAINT; Schema: public; Owner: matt
--

ALTER TABLE ONLY usage_log
    ADD CONSTRAINT usage_log_pkey PRIMARY KEY (usage_id);


--
-- TOC entry 364 (OID 130555)
-- Name: lookup_contact_types_pkey; Type: CONSTRAINT; Schema: public; Owner: matt
--

ALTER TABLE ONLY lookup_contact_types
    ADD CONSTRAINT lookup_contact_types_pkey PRIMARY KEY (code);


--
-- TOC entry 696 (OID 130557)
-- Name: $1; Type: CONSTRAINT; Schema: public; Owner: matt
--

ALTER TABLE ONLY lookup_contact_types
    ADD CONSTRAINT "$1" FOREIGN KEY (user_id) REFERENCES "access"(user_id) ON UPDATE NO ACTION ON DELETE NO ACTION;


--
-- TOC entry 365 (OID 130569)
-- Name: lookup_account_types_pkey; Type: CONSTRAINT; Schema: public; Owner: matt
--

ALTER TABLE ONLY lookup_account_types
    ADD CONSTRAINT lookup_account_types_pkey PRIMARY KEY (code);


--
-- TOC entry 366 (OID 130573)
-- Name: state_pkey; Type: CONSTRAINT; Schema: public; Owner: matt
--

ALTER TABLE ONLY state
    ADD CONSTRAINT state_pkey PRIMARY KEY (state_code);


--
-- TOC entry 367 (OID 130583)
-- Name: lookup_department_pkey; Type: CONSTRAINT; Schema: public; Owner: matt
--

ALTER TABLE ONLY lookup_department
    ADD CONSTRAINT lookup_department_pkey PRIMARY KEY (code);


--
-- TOC entry 368 (OID 130593)
-- Name: lookup_orgaddress_types_pkey; Type: CONSTRAINT; Schema: public; Owner: matt
--

ALTER TABLE ONLY lookup_orgaddress_types
    ADD CONSTRAINT lookup_orgaddress_types_pkey PRIMARY KEY (code);


--
-- TOC entry 369 (OID 130603)
-- Name: lookup_orgemail_types_pkey; Type: CONSTRAINT; Schema: public; Owner: matt
--

ALTER TABLE ONLY lookup_orgemail_types
    ADD CONSTRAINT lookup_orgemail_types_pkey PRIMARY KEY (code);


--
-- TOC entry 370 (OID 130613)
-- Name: lookup_orgphone_types_pkey; Type: CONSTRAINT; Schema: public; Owner: matt
--

ALTER TABLE ONLY lookup_orgphone_types
    ADD CONSTRAINT lookup_orgphone_types_pkey PRIMARY KEY (code);


--
-- TOC entry 371 (OID 130623)
-- Name: lookup_instantmessenger_types_pkey; Type: CONSTRAINT; Schema: public; Owner: matt
--

ALTER TABLE ONLY lookup_instantmessenger_types
    ADD CONSTRAINT lookup_instantmessenger_types_pkey PRIMARY KEY (code);


--
-- TOC entry 372 (OID 130633)
-- Name: lookup_employment_types_pkey; Type: CONSTRAINT; Schema: public; Owner: matt
--

ALTER TABLE ONLY lookup_employment_types
    ADD CONSTRAINT lookup_employment_types_pkey PRIMARY KEY (code);


--
-- TOC entry 373 (OID 130643)
-- Name: lookup_locale_pkey; Type: CONSTRAINT; Schema: public; Owner: matt
--

ALTER TABLE ONLY lookup_locale
    ADD CONSTRAINT lookup_locale_pkey PRIMARY KEY (code);


--
-- TOC entry 374 (OID 130653)
-- Name: lookup_contactaddress_types_pkey; Type: CONSTRAINT; Schema: public; Owner: matt
--

ALTER TABLE ONLY lookup_contactaddress_types
    ADD CONSTRAINT lookup_contactaddress_types_pkey PRIMARY KEY (code);


--
-- TOC entry 375 (OID 130663)
-- Name: lookup_contactemail_types_pkey; Type: CONSTRAINT; Schema: public; Owner: matt
--

ALTER TABLE ONLY lookup_contactemail_types
    ADD CONSTRAINT lookup_contactemail_types_pkey PRIMARY KEY (code);


--
-- TOC entry 376 (OID 130673)
-- Name: lookup_contactphone_types_pkey; Type: CONSTRAINT; Schema: public; Owner: matt
--

ALTER TABLE ONLY lookup_contactphone_types
    ADD CONSTRAINT lookup_contactphone_types_pkey PRIMARY KEY (code);


--
-- TOC entry 377 (OID 130682)
-- Name: lookup_access_types_pkey; Type: CONSTRAINT; Schema: public; Owner: matt
--

ALTER TABLE ONLY lookup_access_types
    ADD CONSTRAINT lookup_access_types_pkey PRIMARY KEY (code);


--
-- TOC entry 378 (OID 130700)
-- Name: organization_pkey; Type: CONSTRAINT; Schema: public; Owner: matt
--

ALTER TABLE ONLY organization
    ADD CONSTRAINT organization_pkey PRIMARY KEY (org_id);


--
-- TOC entry 697 (OID 130702)
-- Name: $1; Type: CONSTRAINT; Schema: public; Owner: matt
--

ALTER TABLE ONLY organization
    ADD CONSTRAINT "$1" FOREIGN KEY (enteredby) REFERENCES "access"(user_id) ON UPDATE NO ACTION ON DELETE NO ACTION;


--
-- TOC entry 698 (OID 130706)
-- Name: $2; Type: CONSTRAINT; Schema: public; Owner: matt
--

ALTER TABLE ONLY organization
    ADD CONSTRAINT "$2" FOREIGN KEY (modifiedby) REFERENCES "access"(user_id) ON UPDATE NO ACTION ON DELETE NO ACTION;


--
-- TOC entry 699 (OID 130710)
-- Name: $3; Type: CONSTRAINT; Schema: public; Owner: matt
--

ALTER TABLE ONLY organization
    ADD CONSTRAINT "$3" FOREIGN KEY ("owner") REFERENCES "access"(user_id) ON UPDATE NO ACTION ON DELETE NO ACTION;


--
-- TOC entry 381 (OID 130729)
-- Name: contact_pkey; Type: CONSTRAINT; Schema: public; Owner: matt
--

ALTER TABLE ONLY contact
    ADD CONSTRAINT contact_pkey PRIMARY KEY (contact_id);


--
-- TOC entry 380 (OID 130731)
-- Name: contact_employee_id_key; Type: CONSTRAINT; Schema: public; Owner: matt
--

ALTER TABLE ONLY contact
    ADD CONSTRAINT contact_employee_id_key UNIQUE (employee_id);


--
-- TOC entry 700 (OID 130733)
-- Name: $1; Type: CONSTRAINT; Schema: public; Owner: matt
--

ALTER TABLE ONLY contact
    ADD CONSTRAINT "$1" FOREIGN KEY (user_id) REFERENCES "access"(user_id) ON UPDATE NO ACTION ON DELETE NO ACTION;


--
-- TOC entry 701 (OID 130737)
-- Name: $2; Type: CONSTRAINT; Schema: public; Owner: matt
--

ALTER TABLE ONLY contact
    ADD CONSTRAINT "$2" FOREIGN KEY (org_id) REFERENCES organization(org_id) ON UPDATE NO ACTION ON DELETE NO ACTION;


--
-- TOC entry 702 (OID 130741)
-- Name: $3; Type: CONSTRAINT; Schema: public; Owner: matt
--

ALTER TABLE ONLY contact
    ADD CONSTRAINT "$3" FOREIGN KEY (department) REFERENCES lookup_department(code) ON UPDATE NO ACTION ON DELETE NO ACTION;


--
-- TOC entry 703 (OID 130745)
-- Name: $4; Type: CONSTRAINT; Schema: public; Owner: matt
--

ALTER TABLE ONLY contact
    ADD CONSTRAINT "$4" FOREIGN KEY (super) REFERENCES contact(contact_id) ON UPDATE NO ACTION ON DELETE NO ACTION;


--
-- TOC entry 704 (OID 130749)
-- Name: $5; Type: CONSTRAINT; Schema: public; Owner: matt
--

ALTER TABLE ONLY contact
    ADD CONSTRAINT "$5" FOREIGN KEY (assistant) REFERENCES contact(contact_id) ON UPDATE NO ACTION ON DELETE NO ACTION;


--
-- TOC entry 705 (OID 130753)
-- Name: $6; Type: CONSTRAINT; Schema: public; Owner: matt
--

ALTER TABLE ONLY contact
    ADD CONSTRAINT "$6" FOREIGN KEY (enteredby) REFERENCES "access"(user_id) ON UPDATE NO ACTION ON DELETE NO ACTION;


--
-- TOC entry 706 (OID 130757)
-- Name: $7; Type: CONSTRAINT; Schema: public; Owner: matt
--

ALTER TABLE ONLY contact
    ADD CONSTRAINT "$7" FOREIGN KEY (modifiedby) REFERENCES "access"(user_id) ON UPDATE NO ACTION ON DELETE NO ACTION;


--
-- TOC entry 707 (OID 130761)
-- Name: $8; Type: CONSTRAINT; Schema: public; Owner: matt
--

ALTER TABLE ONLY contact
    ADD CONSTRAINT "$8" FOREIGN KEY ("owner") REFERENCES "access"(user_id) ON UPDATE NO ACTION ON DELETE NO ACTION;


--
-- TOC entry 708 (OID 130765)
-- Name: $9; Type: CONSTRAINT; Schema: public; Owner: matt
--

ALTER TABLE ONLY contact
    ADD CONSTRAINT "$9" FOREIGN KEY (access_type) REFERENCES lookup_access_types(code) ON UPDATE NO ACTION ON DELETE NO ACTION;


--
-- TOC entry 385 (OID 130781)
-- Name: role_pkey; Type: CONSTRAINT; Schema: public; Owner: matt
--

ALTER TABLE ONLY role
    ADD CONSTRAINT role_pkey PRIMARY KEY (role_id);


--
-- TOC entry 709 (OID 130783)
-- Name: $1; Type: CONSTRAINT; Schema: public; Owner: matt
--

ALTER TABLE ONLY role
    ADD CONSTRAINT "$1" FOREIGN KEY (enteredby) REFERENCES "access"(user_id) ON UPDATE NO ACTION ON DELETE NO ACTION;


--
-- TOC entry 710 (OID 130787)
-- Name: $2; Type: CONSTRAINT; Schema: public; Owner: matt
--

ALTER TABLE ONLY role
    ADD CONSTRAINT "$2" FOREIGN KEY (modifiedby) REFERENCES "access"(user_id) ON UPDATE NO ACTION ON DELETE NO ACTION;


--
-- TOC entry 386 (OID 130806)
-- Name: permission_category_pkey; Type: CONSTRAINT; Schema: public; Owner: matt
--

ALTER TABLE ONLY permission_category
    ADD CONSTRAINT permission_category_pkey PRIMARY KEY (category_id);


--
-- TOC entry 387 (OID 130822)
-- Name: permission_pkey; Type: CONSTRAINT; Schema: public; Owner: matt
--

ALTER TABLE ONLY permission
    ADD CONSTRAINT permission_pkey PRIMARY KEY (permission_id);


--
-- TOC entry 711 (OID 130824)
-- Name: $1; Type: CONSTRAINT; Schema: public; Owner: matt
--

ALTER TABLE ONLY permission
    ADD CONSTRAINT "$1" FOREIGN KEY (category_id) REFERENCES permission_category(category_id) ON UPDATE NO ACTION ON DELETE NO ACTION;


--
-- TOC entry 388 (OID 130837)
-- Name: role_permission_pkey; Type: CONSTRAINT; Schema: public; Owner: matt
--

ALTER TABLE ONLY role_permission
    ADD CONSTRAINT role_permission_pkey PRIMARY KEY (id);


--
-- TOC entry 712 (OID 130839)
-- Name: $1; Type: CONSTRAINT; Schema: public; Owner: matt
--

ALTER TABLE ONLY role_permission
    ADD CONSTRAINT "$1" FOREIGN KEY (role_id) REFERENCES role(role_id) ON UPDATE NO ACTION ON DELETE NO ACTION;


--
-- TOC entry 713 (OID 130843)
-- Name: $2; Type: CONSTRAINT; Schema: public; Owner: matt
--

ALTER TABLE ONLY role_permission
    ADD CONSTRAINT "$2" FOREIGN KEY (permission_id) REFERENCES permission(permission_id) ON UPDATE NO ACTION ON DELETE NO ACTION;


--
-- TOC entry 389 (OID 130855)
-- Name: lookup_stage_pkey; Type: CONSTRAINT; Schema: public; Owner: matt
--

ALTER TABLE ONLY lookup_stage
    ADD CONSTRAINT lookup_stage_pkey PRIMARY KEY (code);


--
-- TOC entry 390 (OID 130865)
-- Name: lookup_delivery_options_pkey; Type: CONSTRAINT; Schema: public; Owner: matt
--

ALTER TABLE ONLY lookup_delivery_options
    ADD CONSTRAINT lookup_delivery_options_pkey PRIMARY KEY (code);


--
-- TOC entry 391 (OID 130876)
-- Name: news_pkey; Type: CONSTRAINT; Schema: public; Owner: matt
--

ALTER TABLE ONLY news
    ADD CONSTRAINT news_pkey PRIMARY KEY (rec_id);


--
-- TOC entry 714 (OID 130878)
-- Name: $1; Type: CONSTRAINT; Schema: public; Owner: matt
--

ALTER TABLE ONLY news
    ADD CONSTRAINT "$1" FOREIGN KEY (org_id) REFERENCES organization(org_id) ON UPDATE NO ACTION ON DELETE NO ACTION;


--
-- TOC entry 392 (OID 130889)
-- Name: organization_address_pkey; Type: CONSTRAINT; Schema: public; Owner: matt
--

ALTER TABLE ONLY organization_address
    ADD CONSTRAINT organization_address_pkey PRIMARY KEY (address_id);


--
-- TOC entry 715 (OID 130891)
-- Name: $1; Type: CONSTRAINT; Schema: public; Owner: matt
--

ALTER TABLE ONLY organization_address
    ADD CONSTRAINT "$1" FOREIGN KEY (org_id) REFERENCES organization(org_id) ON UPDATE NO ACTION ON DELETE NO ACTION;


--
-- TOC entry 716 (OID 130895)
-- Name: $2; Type: CONSTRAINT; Schema: public; Owner: matt
--

ALTER TABLE ONLY organization_address
    ADD CONSTRAINT "$2" FOREIGN KEY (address_type) REFERENCES lookup_orgaddress_types(code) ON UPDATE NO ACTION ON DELETE NO ACTION;


--
-- TOC entry 717 (OID 130899)
-- Name: $3; Type: CONSTRAINT; Schema: public; Owner: matt
--

ALTER TABLE ONLY organization_address
    ADD CONSTRAINT "$3" FOREIGN KEY (enteredby) REFERENCES "access"(user_id) ON UPDATE NO ACTION ON DELETE NO ACTION;


--
-- TOC entry 718 (OID 130903)
-- Name: $4; Type: CONSTRAINT; Schema: public; Owner: matt
--

ALTER TABLE ONLY organization_address
    ADD CONSTRAINT "$4" FOREIGN KEY (modifiedby) REFERENCES "access"(user_id) ON UPDATE NO ACTION ON DELETE NO ACTION;


--
-- TOC entry 393 (OID 130914)
-- Name: organization_emailaddress_pkey; Type: CONSTRAINT; Schema: public; Owner: matt
--

ALTER TABLE ONLY organization_emailaddress
    ADD CONSTRAINT organization_emailaddress_pkey PRIMARY KEY (emailaddress_id);


--
-- TOC entry 719 (OID 130916)
-- Name: $1; Type: CONSTRAINT; Schema: public; Owner: matt
--

ALTER TABLE ONLY organization_emailaddress
    ADD CONSTRAINT "$1" FOREIGN KEY (org_id) REFERENCES organization(org_id) ON UPDATE NO ACTION ON DELETE NO ACTION;


--
-- TOC entry 720 (OID 130920)
-- Name: $2; Type: CONSTRAINT; Schema: public; Owner: matt
--

ALTER TABLE ONLY organization_emailaddress
    ADD CONSTRAINT "$2" FOREIGN KEY (emailaddress_type) REFERENCES lookup_orgemail_types(code) ON UPDATE NO ACTION ON DELETE NO ACTION;


--
-- TOC entry 721 (OID 130924)
-- Name: $3; Type: CONSTRAINT; Schema: public; Owner: matt
--

ALTER TABLE ONLY organization_emailaddress
    ADD CONSTRAINT "$3" FOREIGN KEY (enteredby) REFERENCES "access"(user_id) ON UPDATE NO ACTION ON DELETE NO ACTION;


--
-- TOC entry 722 (OID 130928)
-- Name: $4; Type: CONSTRAINT; Schema: public; Owner: matt
--

ALTER TABLE ONLY organization_emailaddress
    ADD CONSTRAINT "$4" FOREIGN KEY (modifiedby) REFERENCES "access"(user_id) ON UPDATE NO ACTION ON DELETE NO ACTION;


--
-- TOC entry 394 (OID 130939)
-- Name: organization_phone_pkey; Type: CONSTRAINT; Schema: public; Owner: matt
--

ALTER TABLE ONLY organization_phone
    ADD CONSTRAINT organization_phone_pkey PRIMARY KEY (phone_id);


--
-- TOC entry 723 (OID 130941)
-- Name: $1; Type: CONSTRAINT; Schema: public; Owner: matt
--

ALTER TABLE ONLY organization_phone
    ADD CONSTRAINT "$1" FOREIGN KEY (org_id) REFERENCES organization(org_id) ON UPDATE NO ACTION ON DELETE NO ACTION;


--
-- TOC entry 724 (OID 130945)
-- Name: $2; Type: CONSTRAINT; Schema: public; Owner: matt
--

ALTER TABLE ONLY organization_phone
    ADD CONSTRAINT "$2" FOREIGN KEY (phone_type) REFERENCES lookup_orgphone_types(code) ON UPDATE NO ACTION ON DELETE NO ACTION;


--
-- TOC entry 725 (OID 130949)
-- Name: $3; Type: CONSTRAINT; Schema: public; Owner: matt
--

ALTER TABLE ONLY organization_phone
    ADD CONSTRAINT "$3" FOREIGN KEY (enteredby) REFERENCES "access"(user_id) ON UPDATE NO ACTION ON DELETE NO ACTION;


--
-- TOC entry 726 (OID 130953)
-- Name: $4; Type: CONSTRAINT; Schema: public; Owner: matt
--

ALTER TABLE ONLY organization_phone
    ADD CONSTRAINT "$4" FOREIGN KEY (modifiedby) REFERENCES "access"(user_id) ON UPDATE NO ACTION ON DELETE NO ACTION;


--
-- TOC entry 395 (OID 130964)
-- Name: contact_address_pkey; Type: CONSTRAINT; Schema: public; Owner: matt
--

ALTER TABLE ONLY contact_address
    ADD CONSTRAINT contact_address_pkey PRIMARY KEY (address_id);


--
-- TOC entry 727 (OID 130966)
-- Name: $1; Type: CONSTRAINT; Schema: public; Owner: matt
--

ALTER TABLE ONLY contact_address
    ADD CONSTRAINT "$1" FOREIGN KEY (contact_id) REFERENCES contact(contact_id) ON UPDATE NO ACTION ON DELETE NO ACTION;


--
-- TOC entry 728 (OID 130970)
-- Name: $2; Type: CONSTRAINT; Schema: public; Owner: matt
--

ALTER TABLE ONLY contact_address
    ADD CONSTRAINT "$2" FOREIGN KEY (address_type) REFERENCES lookup_contactaddress_types(code) ON UPDATE NO ACTION ON DELETE NO ACTION;


--
-- TOC entry 729 (OID 130974)
-- Name: $3; Type: CONSTRAINT; Schema: public; Owner: matt
--

ALTER TABLE ONLY contact_address
    ADD CONSTRAINT "$3" FOREIGN KEY (enteredby) REFERENCES "access"(user_id) ON UPDATE NO ACTION ON DELETE NO ACTION;


--
-- TOC entry 730 (OID 130978)
-- Name: $4; Type: CONSTRAINT; Schema: public; Owner: matt
--

ALTER TABLE ONLY contact_address
    ADD CONSTRAINT "$4" FOREIGN KEY (modifiedby) REFERENCES "access"(user_id) ON UPDATE NO ACTION ON DELETE NO ACTION;


--
-- TOC entry 396 (OID 130989)
-- Name: contact_emailaddress_pkey; Type: CONSTRAINT; Schema: public; Owner: matt
--

ALTER TABLE ONLY contact_emailaddress
    ADD CONSTRAINT contact_emailaddress_pkey PRIMARY KEY (emailaddress_id);


--
-- TOC entry 731 (OID 130991)
-- Name: $1; Type: CONSTRAINT; Schema: public; Owner: matt
--

ALTER TABLE ONLY contact_emailaddress
    ADD CONSTRAINT "$1" FOREIGN KEY (contact_id) REFERENCES contact(contact_id) ON UPDATE NO ACTION ON DELETE NO ACTION;


--
-- TOC entry 732 (OID 130995)
-- Name: $2; Type: CONSTRAINT; Schema: public; Owner: matt
--

ALTER TABLE ONLY contact_emailaddress
    ADD CONSTRAINT "$2" FOREIGN KEY (emailaddress_type) REFERENCES lookup_contactemail_types(code) ON UPDATE NO ACTION ON DELETE NO ACTION;


--
-- TOC entry 733 (OID 130999)
-- Name: $3; Type: CONSTRAINT; Schema: public; Owner: matt
--

ALTER TABLE ONLY contact_emailaddress
    ADD CONSTRAINT "$3" FOREIGN KEY (enteredby) REFERENCES "access"(user_id) ON UPDATE NO ACTION ON DELETE NO ACTION;


--
-- TOC entry 734 (OID 131003)
-- Name: $4; Type: CONSTRAINT; Schema: public; Owner: matt
--

ALTER TABLE ONLY contact_emailaddress
    ADD CONSTRAINT "$4" FOREIGN KEY (modifiedby) REFERENCES "access"(user_id) ON UPDATE NO ACTION ON DELETE NO ACTION;


--
-- TOC entry 397 (OID 131014)
-- Name: contact_phone_pkey; Type: CONSTRAINT; Schema: public; Owner: matt
--

ALTER TABLE ONLY contact_phone
    ADD CONSTRAINT contact_phone_pkey PRIMARY KEY (phone_id);


--
-- TOC entry 735 (OID 131016)
-- Name: $1; Type: CONSTRAINT; Schema: public; Owner: matt
--

ALTER TABLE ONLY contact_phone
    ADD CONSTRAINT "$1" FOREIGN KEY (contact_id) REFERENCES contact(contact_id) ON UPDATE NO ACTION ON DELETE NO ACTION;


--
-- TOC entry 736 (OID 131020)
-- Name: $2; Type: CONSTRAINT; Schema: public; Owner: matt
--

ALTER TABLE ONLY contact_phone
    ADD CONSTRAINT "$2" FOREIGN KEY (phone_type) REFERENCES lookup_contactphone_types(code) ON UPDATE NO ACTION ON DELETE NO ACTION;


--
-- TOC entry 737 (OID 131024)
-- Name: $3; Type: CONSTRAINT; Schema: public; Owner: matt
--

ALTER TABLE ONLY contact_phone
    ADD CONSTRAINT "$3" FOREIGN KEY (enteredby) REFERENCES "access"(user_id) ON UPDATE NO ACTION ON DELETE NO ACTION;


--
-- TOC entry 738 (OID 131028)
-- Name: $4; Type: CONSTRAINT; Schema: public; Owner: matt
--

ALTER TABLE ONLY contact_phone
    ADD CONSTRAINT "$4" FOREIGN KEY (modifiedby) REFERENCES "access"(user_id) ON UPDATE NO ACTION ON DELETE NO ACTION;


--
-- TOC entry 398 (OID 131042)
-- Name: notification_pkey; Type: CONSTRAINT; Schema: public; Owner: matt
--

ALTER TABLE ONLY notification
    ADD CONSTRAINT notification_pkey PRIMARY KEY (notification_id);


--
-- TOC entry 399 (OID 131057)
-- Name: cfsinbox_message_pkey; Type: CONSTRAINT; Schema: public; Owner: matt
--

ALTER TABLE ONLY cfsinbox_message
    ADD CONSTRAINT cfsinbox_message_pkey PRIMARY KEY (id);


--
-- TOC entry 739 (OID 131059)
-- Name: $1; Type: CONSTRAINT; Schema: public; Owner: matt
--

ALTER TABLE ONLY cfsinbox_message
    ADD CONSTRAINT "$1" FOREIGN KEY (enteredby) REFERENCES "access"(user_id) ON UPDATE NO ACTION ON DELETE NO ACTION;


--
-- TOC entry 740 (OID 131063)
-- Name: $2; Type: CONSTRAINT; Schema: public; Owner: matt
--

ALTER TABLE ONLY cfsinbox_message
    ADD CONSTRAINT "$2" FOREIGN KEY (modifiedby) REFERENCES "access"(user_id) ON UPDATE NO ACTION ON DELETE NO ACTION;


--
-- TOC entry 741 (OID 131071)
-- Name: $1; Type: CONSTRAINT; Schema: public; Owner: matt
--

ALTER TABLE ONLY cfsinbox_messagelink
    ADD CONSTRAINT "$1" FOREIGN KEY (id) REFERENCES cfsinbox_message(id) ON UPDATE NO ACTION ON DELETE NO ACTION;


--
-- TOC entry 742 (OID 131075)
-- Name: $2; Type: CONSTRAINT; Schema: public; Owner: matt
--

ALTER TABLE ONLY cfsinbox_messagelink
    ADD CONSTRAINT "$2" FOREIGN KEY (sent_to) REFERENCES contact(contact_id) ON UPDATE NO ACTION ON DELETE NO ACTION;


--
-- TOC entry 743 (OID 131079)
-- Name: $3; Type: CONSTRAINT; Schema: public; Owner: matt
--

ALTER TABLE ONLY cfsinbox_messagelink
    ADD CONSTRAINT "$3" FOREIGN KEY (sent_from) REFERENCES "access"(user_id) ON UPDATE NO ACTION ON DELETE NO ACTION;


--
-- TOC entry 744 (OID 131087)
-- Name: $1; Type: CONSTRAINT; Schema: public; Owner: matt
--

ALTER TABLE ONLY account_type_levels
    ADD CONSTRAINT "$1" FOREIGN KEY (org_id) REFERENCES organization(org_id) ON UPDATE NO ACTION ON DELETE NO ACTION;


--
-- TOC entry 745 (OID 131091)
-- Name: $2; Type: CONSTRAINT; Schema: public; Owner: matt
--

ALTER TABLE ONLY account_type_levels
    ADD CONSTRAINT "$2" FOREIGN KEY (type_id) REFERENCES lookup_account_types(code) ON UPDATE NO ACTION ON DELETE NO ACTION;


--
-- TOC entry 746 (OID 131099)
-- Name: $1; Type: CONSTRAINT; Schema: public; Owner: matt
--

ALTER TABLE ONLY contact_type_levels
    ADD CONSTRAINT "$1" FOREIGN KEY (contact_id) REFERENCES contact(contact_id) ON UPDATE NO ACTION ON DELETE NO ACTION;


--
-- TOC entry 747 (OID 131103)
-- Name: $2; Type: CONSTRAINT; Schema: public; Owner: matt
--

ALTER TABLE ONLY contact_type_levels
    ADD CONSTRAINT "$2" FOREIGN KEY (type_id) REFERENCES lookup_contact_types(code) ON UPDATE NO ACTION ON DELETE NO ACTION;


--
-- TOC entry 400 (OID 131117)
-- Name: lookup_lists_lookup_pkey; Type: CONSTRAINT; Schema: public; Owner: matt
--

ALTER TABLE ONLY lookup_lists_lookup
    ADD CONSTRAINT lookup_lists_lookup_pkey PRIMARY KEY (id);


--
-- TOC entry 748 (OID 131119)
-- Name: $1; Type: CONSTRAINT; Schema: public; Owner: matt
--

ALTER TABLE ONLY lookup_lists_lookup
    ADD CONSTRAINT "$1" FOREIGN KEY (module_id) REFERENCES permission_category(category_id) ON UPDATE NO ACTION ON DELETE NO ACTION;


--
-- TOC entry 401 (OID 131131)
-- Name: viewpoint_pkey; Type: CONSTRAINT; Schema: public; Owner: matt
--

ALTER TABLE ONLY viewpoint
    ADD CONSTRAINT viewpoint_pkey PRIMARY KEY (viewpoint_id);


--
-- TOC entry 749 (OID 131133)
-- Name: $1; Type: CONSTRAINT; Schema: public; Owner: matt
--

ALTER TABLE ONLY viewpoint
    ADD CONSTRAINT "$1" FOREIGN KEY (user_id) REFERENCES "access"(user_id) ON UPDATE NO ACTION ON DELETE NO ACTION;


--
-- TOC entry 750 (OID 131137)
-- Name: $2; Type: CONSTRAINT; Schema: public; Owner: matt
--

ALTER TABLE ONLY viewpoint
    ADD CONSTRAINT "$2" FOREIGN KEY (vp_user_id) REFERENCES "access"(user_id) ON UPDATE NO ACTION ON DELETE NO ACTION;


--
-- TOC entry 751 (OID 131141)
-- Name: $3; Type: CONSTRAINT; Schema: public; Owner: matt
--

ALTER TABLE ONLY viewpoint
    ADD CONSTRAINT "$3" FOREIGN KEY (enteredby) REFERENCES "access"(user_id) ON UPDATE NO ACTION ON DELETE NO ACTION;


--
-- TOC entry 752 (OID 131145)
-- Name: $4; Type: CONSTRAINT; Schema: public; Owner: matt
--

ALTER TABLE ONLY viewpoint
    ADD CONSTRAINT "$4" FOREIGN KEY (modifiedby) REFERENCES "access"(user_id) ON UPDATE NO ACTION ON DELETE NO ACTION;


--
-- TOC entry 402 (OID 131158)
-- Name: viewpoint_permission_pkey; Type: CONSTRAINT; Schema: public; Owner: matt
--

ALTER TABLE ONLY viewpoint_permission
    ADD CONSTRAINT viewpoint_permission_pkey PRIMARY KEY (vp_permission_id);


--
-- TOC entry 753 (OID 131160)
-- Name: $1; Type: CONSTRAINT; Schema: public; Owner: matt
--

ALTER TABLE ONLY viewpoint_permission
    ADD CONSTRAINT "$1" FOREIGN KEY (viewpoint_id) REFERENCES viewpoint(viewpoint_id) ON UPDATE NO ACTION ON DELETE NO ACTION;


--
-- TOC entry 754 (OID 131164)
-- Name: $2; Type: CONSTRAINT; Schema: public; Owner: matt
--

ALTER TABLE ONLY viewpoint_permission
    ADD CONSTRAINT "$2" FOREIGN KEY (permission_id) REFERENCES permission(permission_id) ON UPDATE NO ACTION ON DELETE NO ACTION;


--
-- TOC entry 403 (OID 131181)
-- Name: report_pkey; Type: CONSTRAINT; Schema: public; Owner: matt
--

ALTER TABLE ONLY report
    ADD CONSTRAINT report_pkey PRIMARY KEY (report_id);


--
-- TOC entry 755 (OID 131183)
-- Name: $1; Type: CONSTRAINT; Schema: public; Owner: matt
--

ALTER TABLE ONLY report
    ADD CONSTRAINT "$1" FOREIGN KEY (category_id) REFERENCES permission_category(category_id) ON UPDATE NO ACTION ON DELETE NO ACTION;


--
-- TOC entry 756 (OID 131187)
-- Name: $2; Type: CONSTRAINT; Schema: public; Owner: matt
--

ALTER TABLE ONLY report
    ADD CONSTRAINT "$2" FOREIGN KEY (permission_id) REFERENCES permission(permission_id) ON UPDATE NO ACTION ON DELETE NO ACTION;


--
-- TOC entry 757 (OID 131191)
-- Name: $3; Type: CONSTRAINT; Schema: public; Owner: matt
--

ALTER TABLE ONLY report
    ADD CONSTRAINT "$3" FOREIGN KEY (enteredby) REFERENCES "access"(user_id) ON UPDATE NO ACTION ON DELETE NO ACTION;


--
-- TOC entry 758 (OID 131195)
-- Name: $4; Type: CONSTRAINT; Schema: public; Owner: matt
--

ALTER TABLE ONLY report
    ADD CONSTRAINT "$4" FOREIGN KEY (modifiedby) REFERENCES "access"(user_id) ON UPDATE NO ACTION ON DELETE NO ACTION;


--
-- TOC entry 404 (OID 131207)
-- Name: report_criteria_pkey; Type: CONSTRAINT; Schema: public; Owner: matt
--

ALTER TABLE ONLY report_criteria
    ADD CONSTRAINT report_criteria_pkey PRIMARY KEY (criteria_id);


--
-- TOC entry 759 (OID 131209)
-- Name: $1; Type: CONSTRAINT; Schema: public; Owner: matt
--

ALTER TABLE ONLY report_criteria
    ADD CONSTRAINT "$1" FOREIGN KEY (report_id) REFERENCES report(report_id) ON UPDATE NO ACTION ON DELETE NO ACTION;


--
-- TOC entry 760 (OID 131213)
-- Name: $2; Type: CONSTRAINT; Schema: public; Owner: matt
--

ALTER TABLE ONLY report_criteria
    ADD CONSTRAINT "$2" FOREIGN KEY ("owner") REFERENCES "access"(user_id) ON UPDATE NO ACTION ON DELETE NO ACTION;


--
-- TOC entry 761 (OID 131217)
-- Name: $3; Type: CONSTRAINT; Schema: public; Owner: matt
--

ALTER TABLE ONLY report_criteria
    ADD CONSTRAINT "$3" FOREIGN KEY (enteredby) REFERENCES "access"(user_id) ON UPDATE NO ACTION ON DELETE NO ACTION;


--
-- TOC entry 762 (OID 131221)
-- Name: $4; Type: CONSTRAINT; Schema: public; Owner: matt
--

ALTER TABLE ONLY report_criteria
    ADD CONSTRAINT "$4" FOREIGN KEY (modifiedby) REFERENCES "access"(user_id) ON UPDATE NO ACTION ON DELETE NO ACTION;


--
-- TOC entry 405 (OID 131233)
-- Name: report_criteria_parameter_pkey; Type: CONSTRAINT; Schema: public; Owner: matt
--

ALTER TABLE ONLY report_criteria_parameter
    ADD CONSTRAINT report_criteria_parameter_pkey PRIMARY KEY (parameter_id);


--
-- TOC entry 763 (OID 131235)
-- Name: $1; Type: CONSTRAINT; Schema: public; Owner: matt
--

ALTER TABLE ONLY report_criteria_parameter
    ADD CONSTRAINT "$1" FOREIGN KEY (criteria_id) REFERENCES report_criteria(criteria_id) ON UPDATE NO ACTION ON DELETE NO ACTION;


--
-- TOC entry 406 (OID 131248)
-- Name: report_queue_pkey; Type: CONSTRAINT; Schema: public; Owner: matt
--

ALTER TABLE ONLY report_queue
    ADD CONSTRAINT report_queue_pkey PRIMARY KEY (queue_id);


--
-- TOC entry 764 (OID 131250)
-- Name: $1; Type: CONSTRAINT; Schema: public; Owner: matt
--

ALTER TABLE ONLY report_queue
    ADD CONSTRAINT "$1" FOREIGN KEY (report_id) REFERENCES report(report_id) ON UPDATE NO ACTION ON DELETE NO ACTION;


--
-- TOC entry 765 (OID 131254)
-- Name: $2; Type: CONSTRAINT; Schema: public; Owner: matt
--

ALTER TABLE ONLY report_queue
    ADD CONSTRAINT "$2" FOREIGN KEY (enteredby) REFERENCES "access"(user_id) ON UPDATE NO ACTION ON DELETE NO ACTION;


--
-- TOC entry 407 (OID 131266)
-- Name: report_queue_criteria_pkey; Type: CONSTRAINT; Schema: public; Owner: matt
--

ALTER TABLE ONLY report_queue_criteria
    ADD CONSTRAINT report_queue_criteria_pkey PRIMARY KEY (criteria_id);


--
-- TOC entry 766 (OID 131268)
-- Name: $1; Type: CONSTRAINT; Schema: public; Owner: matt
--

ALTER TABLE ONLY report_queue_criteria
    ADD CONSTRAINT "$1" FOREIGN KEY (queue_id) REFERENCES report_queue(queue_id) ON UPDATE NO ACTION ON DELETE NO ACTION;


--
-- TOC entry 408 (OID 131280)
-- Name: action_list_pkey; Type: CONSTRAINT; Schema: public; Owner: matt
--

ALTER TABLE ONLY action_list
    ADD CONSTRAINT action_list_pkey PRIMARY KEY (action_id);


--
-- TOC entry 767 (OID 131282)
-- Name: $1; Type: CONSTRAINT; Schema: public; Owner: matt
--

ALTER TABLE ONLY action_list
    ADD CONSTRAINT "$1" FOREIGN KEY ("owner") REFERENCES "access"(user_id) ON UPDATE NO ACTION ON DELETE NO ACTION;


--
-- TOC entry 768 (OID 131286)
-- Name: $2; Type: CONSTRAINT; Schema: public; Owner: matt
--

ALTER TABLE ONLY action_list
    ADD CONSTRAINT "$2" FOREIGN KEY (enteredby) REFERENCES "access"(user_id) ON UPDATE NO ACTION ON DELETE NO ACTION;


--
-- TOC entry 769 (OID 131290)
-- Name: $3; Type: CONSTRAINT; Schema: public; Owner: matt
--

ALTER TABLE ONLY action_list
    ADD CONSTRAINT "$3" FOREIGN KEY (modifiedby) REFERENCES "access"(user_id) ON UPDATE NO ACTION ON DELETE NO ACTION;


--
-- TOC entry 409 (OID 131302)
-- Name: action_item_pkey; Type: CONSTRAINT; Schema: public; Owner: matt
--

ALTER TABLE ONLY action_item
    ADD CONSTRAINT action_item_pkey PRIMARY KEY (item_id);


--
-- TOC entry 770 (OID 131304)
-- Name: $1; Type: CONSTRAINT; Schema: public; Owner: matt
--

ALTER TABLE ONLY action_item
    ADD CONSTRAINT "$1" FOREIGN KEY (action_id) REFERENCES action_list(action_id) ON UPDATE NO ACTION ON DELETE NO ACTION;


--
-- TOC entry 771 (OID 131308)
-- Name: $2; Type: CONSTRAINT; Schema: public; Owner: matt
--

ALTER TABLE ONLY action_item
    ADD CONSTRAINT "$2" FOREIGN KEY (enteredby) REFERENCES "access"(user_id) ON UPDATE NO ACTION ON DELETE NO ACTION;


--
-- TOC entry 772 (OID 131312)
-- Name: $3; Type: CONSTRAINT; Schema: public; Owner: matt
--

ALTER TABLE ONLY action_item
    ADD CONSTRAINT "$3" FOREIGN KEY (modifiedby) REFERENCES "access"(user_id) ON UPDATE NO ACTION ON DELETE NO ACTION;


--
-- TOC entry 410 (OID 131324)
-- Name: action_item_log_pkey; Type: CONSTRAINT; Schema: public; Owner: matt
--

ALTER TABLE ONLY action_item_log
    ADD CONSTRAINT action_item_log_pkey PRIMARY KEY (log_id);


--
-- TOC entry 773 (OID 131326)
-- Name: $1; Type: CONSTRAINT; Schema: public; Owner: matt
--

ALTER TABLE ONLY action_item_log
    ADD CONSTRAINT "$1" FOREIGN KEY (item_id) REFERENCES action_item(item_id) ON UPDATE NO ACTION ON DELETE NO ACTION;


--
-- TOC entry 774 (OID 131330)
-- Name: $2; Type: CONSTRAINT; Schema: public; Owner: matt
--

ALTER TABLE ONLY action_item_log
    ADD CONSTRAINT "$2" FOREIGN KEY (enteredby) REFERENCES "access"(user_id) ON UPDATE NO ACTION ON DELETE NO ACTION;


--
-- TOC entry 775 (OID 131334)
-- Name: $3; Type: CONSTRAINT; Schema: public; Owner: matt
--

ALTER TABLE ONLY action_item_log
    ADD CONSTRAINT "$3" FOREIGN KEY (modifiedby) REFERENCES "access"(user_id) ON UPDATE NO ACTION ON DELETE NO ACTION;


--
-- TOC entry 411 (OID 131344)
-- Name: database_version_pkey; Type: CONSTRAINT; Schema: public; Owner: matt
--

ALTER TABLE ONLY database_version
    ADD CONSTRAINT database_version_pkey PRIMARY KEY (version_id);


--
-- TOC entry 412 (OID 131471)
-- Name: lookup_call_types_pkey; Type: CONSTRAINT; Schema: public; Owner: matt
--

ALTER TABLE ONLY lookup_call_types
    ADD CONSTRAINT lookup_call_types_pkey PRIMARY KEY (code);


--
-- TOC entry 413 (OID 131481)
-- Name: lookup_opportunity_types_pkey; Type: CONSTRAINT; Schema: public; Owner: matt
--

ALTER TABLE ONLY lookup_opportunity_types
    ADD CONSTRAINT lookup_opportunity_types_pkey PRIMARY KEY (code);


--
-- TOC entry 414 (OID 131492)
-- Name: opportunity_header_pkey; Type: CONSTRAINT; Schema: public; Owner: matt
--

ALTER TABLE ONLY opportunity_header
    ADD CONSTRAINT opportunity_header_pkey PRIMARY KEY (opp_id);


--
-- TOC entry 776 (OID 131494)
-- Name: $1; Type: CONSTRAINT; Schema: public; Owner: matt
--

ALTER TABLE ONLY opportunity_header
    ADD CONSTRAINT "$1" FOREIGN KEY (enteredby) REFERENCES "access"(user_id) ON UPDATE NO ACTION ON DELETE NO ACTION;


--
-- TOC entry 777 (OID 131498)
-- Name: $2; Type: CONSTRAINT; Schema: public; Owner: matt
--

ALTER TABLE ONLY opportunity_header
    ADD CONSTRAINT "$2" FOREIGN KEY (modifiedby) REFERENCES "access"(user_id) ON UPDATE NO ACTION ON DELETE NO ACTION;


--
-- TOC entry 417 (OID 131514)
-- Name: opportunity_component_pkey; Type: CONSTRAINT; Schema: public; Owner: matt
--

ALTER TABLE ONLY opportunity_component
    ADD CONSTRAINT opportunity_component_pkey PRIMARY KEY (id);


--
-- TOC entry 778 (OID 131516)
-- Name: $1; Type: CONSTRAINT; Schema: public; Owner: matt
--

ALTER TABLE ONLY opportunity_component
    ADD CONSTRAINT "$1" FOREIGN KEY (opp_id) REFERENCES opportunity_header(opp_id) ON UPDATE NO ACTION ON DELETE NO ACTION;


--
-- TOC entry 779 (OID 131520)
-- Name: $2; Type: CONSTRAINT; Schema: public; Owner: matt
--

ALTER TABLE ONLY opportunity_component
    ADD CONSTRAINT "$2" FOREIGN KEY ("owner") REFERENCES "access"(user_id) ON UPDATE NO ACTION ON DELETE NO ACTION;


--
-- TOC entry 780 (OID 131524)
-- Name: $3; Type: CONSTRAINT; Schema: public; Owner: matt
--

ALTER TABLE ONLY opportunity_component
    ADD CONSTRAINT "$3" FOREIGN KEY (stage) REFERENCES lookup_stage(code) ON UPDATE NO ACTION ON DELETE NO ACTION;


--
-- TOC entry 781 (OID 131528)
-- Name: $4; Type: CONSTRAINT; Schema: public; Owner: matt
--

ALTER TABLE ONLY opportunity_component
    ADD CONSTRAINT "$4" FOREIGN KEY (enteredby) REFERENCES "access"(user_id) ON UPDATE NO ACTION ON DELETE NO ACTION;


--
-- TOC entry 782 (OID 131532)
-- Name: $5; Type: CONSTRAINT; Schema: public; Owner: matt
--

ALTER TABLE ONLY opportunity_component
    ADD CONSTRAINT "$5" FOREIGN KEY (modifiedby) REFERENCES "access"(user_id) ON UPDATE NO ACTION ON DELETE NO ACTION;


--
-- TOC entry 783 (OID 131542)
-- Name: $1; Type: CONSTRAINT; Schema: public; Owner: matt
--

ALTER TABLE ONLY opportunity_component_levels
    ADD CONSTRAINT "$1" FOREIGN KEY (opp_id) REFERENCES opportunity_component(id) ON UPDATE NO ACTION ON DELETE NO ACTION;


--
-- TOC entry 784 (OID 131546)
-- Name: $2; Type: CONSTRAINT; Schema: public; Owner: matt
--

ALTER TABLE ONLY opportunity_component_levels
    ADD CONSTRAINT "$2" FOREIGN KEY (type_id) REFERENCES lookup_opportunity_types(code) ON UPDATE NO ACTION ON DELETE NO ACTION;


--
-- TOC entry 419 (OID 131560)
-- Name: call_log_pkey; Type: CONSTRAINT; Schema: public; Owner: matt
--

ALTER TABLE ONLY call_log
    ADD CONSTRAINT call_log_pkey PRIMARY KEY (call_id);


--
-- TOC entry 785 (OID 131562)
-- Name: $1; Type: CONSTRAINT; Schema: public; Owner: matt
--

ALTER TABLE ONLY call_log
    ADD CONSTRAINT "$1" FOREIGN KEY (org_id) REFERENCES organization(org_id) ON UPDATE NO ACTION ON DELETE NO ACTION;


--
-- TOC entry 786 (OID 131566)
-- Name: $2; Type: CONSTRAINT; Schema: public; Owner: matt
--

ALTER TABLE ONLY call_log
    ADD CONSTRAINT "$2" FOREIGN KEY (contact_id) REFERENCES contact(contact_id) ON UPDATE NO ACTION ON DELETE NO ACTION;


--
-- TOC entry 787 (OID 131570)
-- Name: $3; Type: CONSTRAINT; Schema: public; Owner: matt
--

ALTER TABLE ONLY call_log
    ADD CONSTRAINT "$3" FOREIGN KEY (opp_id) REFERENCES opportunity_header(opp_id) ON UPDATE NO ACTION ON DELETE NO ACTION;


--
-- TOC entry 788 (OID 131574)
-- Name: $4; Type: CONSTRAINT; Schema: public; Owner: matt
--

ALTER TABLE ONLY call_log
    ADD CONSTRAINT "$4" FOREIGN KEY (call_type_id) REFERENCES lookup_call_types(code) ON UPDATE NO ACTION ON DELETE NO ACTION;


--
-- TOC entry 789 (OID 131578)
-- Name: $5; Type: CONSTRAINT; Schema: public; Owner: matt
--

ALTER TABLE ONLY call_log
    ADD CONSTRAINT "$5" FOREIGN KEY (enteredby) REFERENCES "access"(user_id) ON UPDATE NO ACTION ON DELETE NO ACTION;


--
-- TOC entry 790 (OID 131582)
-- Name: $6; Type: CONSTRAINT; Schema: public; Owner: matt
--

ALTER TABLE ONLY call_log
    ADD CONSTRAINT "$6" FOREIGN KEY (modifiedby) REFERENCES "access"(user_id) ON UPDATE NO ACTION ON DELETE NO ACTION;


--
-- TOC entry 421 (OID 131611)
-- Name: ticket_level_pkey; Type: CONSTRAINT; Schema: public; Owner: matt
--

ALTER TABLE ONLY ticket_level
    ADD CONSTRAINT ticket_level_pkey PRIMARY KEY (code);


--
-- TOC entry 420 (OID 131613)
-- Name: ticket_level_description_key; Type: CONSTRAINT; Schema: public; Owner: matt
--

ALTER TABLE ONLY ticket_level
    ADD CONSTRAINT ticket_level_description_key UNIQUE (description);


--
-- TOC entry 423 (OID 131627)
-- Name: ticket_severity_pkey; Type: CONSTRAINT; Schema: public; Owner: matt
--

ALTER TABLE ONLY ticket_severity
    ADD CONSTRAINT ticket_severity_pkey PRIMARY KEY (code);


--
-- TOC entry 422 (OID 131629)
-- Name: ticket_severity_description_key; Type: CONSTRAINT; Schema: public; Owner: matt
--

ALTER TABLE ONLY ticket_severity
    ADD CONSTRAINT ticket_severity_description_key UNIQUE (description);


--
-- TOC entry 425 (OID 131639)
-- Name: lookup_ticketsource_pkey; Type: CONSTRAINT; Schema: public; Owner: matt
--

ALTER TABLE ONLY lookup_ticketsource
    ADD CONSTRAINT lookup_ticketsource_pkey PRIMARY KEY (code);


--
-- TOC entry 424 (OID 131641)
-- Name: lookup_ticketsource_description_key; Type: CONSTRAINT; Schema: public; Owner: matt
--

ALTER TABLE ONLY lookup_ticketsource
    ADD CONSTRAINT lookup_ticketsource_description_key UNIQUE (description);


--
-- TOC entry 427 (OID 131655)
-- Name: ticket_priority_pkey; Type: CONSTRAINT; Schema: public; Owner: matt
--

ALTER TABLE ONLY ticket_priority
    ADD CONSTRAINT ticket_priority_pkey PRIMARY KEY (code);


--
-- TOC entry 426 (OID 131657)
-- Name: ticket_priority_description_key; Type: CONSTRAINT; Schema: public; Owner: matt
--

ALTER TABLE ONLY ticket_priority
    ADD CONSTRAINT ticket_priority_description_key UNIQUE (description);


--
-- TOC entry 428 (OID 131672)
-- Name: ticket_category_pkey; Type: CONSTRAINT; Schema: public; Owner: matt
--

ALTER TABLE ONLY ticket_category
    ADD CONSTRAINT ticket_category_pkey PRIMARY KEY (id);


--
-- TOC entry 429 (OID 131688)
-- Name: ticket_category_draft_pkey; Type: CONSTRAINT; Schema: public; Owner: matt
--

ALTER TABLE ONLY ticket_category_draft
    ADD CONSTRAINT ticket_category_draft_pkey PRIMARY KEY (id);


--
-- TOC entry 431 (OID 131700)
-- Name: ticket_pkey; Type: CONSTRAINT; Schema: public; Owner: matt
--

ALTER TABLE ONLY ticket
    ADD CONSTRAINT ticket_pkey PRIMARY KEY (ticketid);


--
-- TOC entry 791 (OID 131702)
-- Name: $1; Type: CONSTRAINT; Schema: public; Owner: matt
--

ALTER TABLE ONLY ticket
    ADD CONSTRAINT "$1" FOREIGN KEY (org_id) REFERENCES organization(org_id) ON UPDATE NO ACTION ON DELETE NO ACTION;


--
-- TOC entry 792 (OID 131706)
-- Name: $2; Type: CONSTRAINT; Schema: public; Owner: matt
--

ALTER TABLE ONLY ticket
    ADD CONSTRAINT "$2" FOREIGN KEY (contact_id) REFERENCES contact(contact_id) ON UPDATE NO ACTION ON DELETE NO ACTION;


--
-- TOC entry 793 (OID 131710)
-- Name: $3; Type: CONSTRAINT; Schema: public; Owner: matt
--

ALTER TABLE ONLY ticket
    ADD CONSTRAINT "$3" FOREIGN KEY (enteredby) REFERENCES "access"(user_id) ON UPDATE NO ACTION ON DELETE NO ACTION;


--
-- TOC entry 794 (OID 131714)
-- Name: $4; Type: CONSTRAINT; Schema: public; Owner: matt
--

ALTER TABLE ONLY ticket
    ADD CONSTRAINT "$4" FOREIGN KEY (modifiedby) REFERENCES "access"(user_id) ON UPDATE NO ACTION ON DELETE NO ACTION;


--
-- TOC entry 795 (OID 131718)
-- Name: $5; Type: CONSTRAINT; Schema: public; Owner: matt
--

ALTER TABLE ONLY ticket
    ADD CONSTRAINT "$5" FOREIGN KEY (pri_code) REFERENCES ticket_priority(code) ON UPDATE NO ACTION ON DELETE NO ACTION;


--
-- TOC entry 796 (OID 131722)
-- Name: $6; Type: CONSTRAINT; Schema: public; Owner: matt
--

ALTER TABLE ONLY ticket
    ADD CONSTRAINT "$6" FOREIGN KEY (level_code) REFERENCES ticket_level(code) ON UPDATE NO ACTION ON DELETE NO ACTION;


--
-- TOC entry 797 (OID 131726)
-- Name: $7; Type: CONSTRAINT; Schema: public; Owner: matt
--

ALTER TABLE ONLY ticket
    ADD CONSTRAINT "$7" FOREIGN KEY (department_code) REFERENCES lookup_department(code) ON UPDATE NO ACTION ON DELETE NO ACTION;


--
-- TOC entry 798 (OID 131730)
-- Name: $8; Type: CONSTRAINT; Schema: public; Owner: matt
--

ALTER TABLE ONLY ticket
    ADD CONSTRAINT "$8" FOREIGN KEY (source_code) REFERENCES lookup_ticketsource(code) ON UPDATE NO ACTION ON DELETE NO ACTION;


--
-- TOC entry 799 (OID 131734)
-- Name: $9; Type: CONSTRAINT; Schema: public; Owner: matt
--

ALTER TABLE ONLY ticket
    ADD CONSTRAINT "$9" FOREIGN KEY (assigned_to) REFERENCES "access"(user_id) ON UPDATE NO ACTION ON DELETE NO ACTION;


--
-- TOC entry 800 (OID 131738)
-- Name: $10; Type: CONSTRAINT; Schema: public; Owner: matt
--

ALTER TABLE ONLY ticket
    ADD CONSTRAINT "$10" FOREIGN KEY (scode) REFERENCES ticket_severity(code) ON UPDATE NO ACTION ON DELETE NO ACTION;


--
-- TOC entry 433 (OID 131754)
-- Name: ticketlog_pkey; Type: CONSTRAINT; Schema: public; Owner: matt
--

ALTER TABLE ONLY ticketlog
    ADD CONSTRAINT ticketlog_pkey PRIMARY KEY (id);


--
-- TOC entry 801 (OID 131756)
-- Name: $1; Type: CONSTRAINT; Schema: public; Owner: matt
--

ALTER TABLE ONLY ticketlog
    ADD CONSTRAINT "$1" FOREIGN KEY (ticketid) REFERENCES ticket(ticketid) ON UPDATE NO ACTION ON DELETE NO ACTION;


--
-- TOC entry 802 (OID 131760)
-- Name: $2; Type: CONSTRAINT; Schema: public; Owner: matt
--

ALTER TABLE ONLY ticketlog
    ADD CONSTRAINT "$2" FOREIGN KEY (assigned_to) REFERENCES "access"(user_id) ON UPDATE NO ACTION ON DELETE NO ACTION;


--
-- TOC entry 803 (OID 131764)
-- Name: $3; Type: CONSTRAINT; Schema: public; Owner: matt
--

ALTER TABLE ONLY ticketlog
    ADD CONSTRAINT "$3" FOREIGN KEY (pri_code) REFERENCES ticket_priority(code) ON UPDATE NO ACTION ON DELETE NO ACTION;


--
-- TOC entry 804 (OID 131768)
-- Name: $4; Type: CONSTRAINT; Schema: public; Owner: matt
--

ALTER TABLE ONLY ticketlog
    ADD CONSTRAINT "$4" FOREIGN KEY (department_code) REFERENCES lookup_department(code) ON UPDATE NO ACTION ON DELETE NO ACTION;


--
-- TOC entry 805 (OID 131772)
-- Name: $5; Type: CONSTRAINT; Schema: public; Owner: matt
--

ALTER TABLE ONLY ticketlog
    ADD CONSTRAINT "$5" FOREIGN KEY (scode) REFERENCES ticket_severity(code) ON UPDATE NO ACTION ON DELETE NO ACTION;


--
-- TOC entry 806 (OID 131776)
-- Name: $6; Type: CONSTRAINT; Schema: public; Owner: matt
--

ALTER TABLE ONLY ticketlog
    ADD CONSTRAINT "$6" FOREIGN KEY (enteredby) REFERENCES "access"(user_id) ON UPDATE NO ACTION ON DELETE NO ACTION;


--
-- TOC entry 807 (OID 131780)
-- Name: $7; Type: CONSTRAINT; Schema: public; Owner: matt
--

ALTER TABLE ONLY ticketlog
    ADD CONSTRAINT "$7" FOREIGN KEY (modifiedby) REFERENCES "access"(user_id) ON UPDATE NO ACTION ON DELETE NO ACTION;


--
-- TOC entry 435 (OID 131814)
-- Name: module_field_categorylink_pkey; Type: CONSTRAINT; Schema: public; Owner: matt
--

ALTER TABLE ONLY module_field_categorylink
    ADD CONSTRAINT module_field_categorylink_pkey PRIMARY KEY (id);


--
-- TOC entry 434 (OID 131816)
-- Name: module_field_categorylink_category_id_key; Type: CONSTRAINT; Schema: public; Owner: matt
--

ALTER TABLE ONLY module_field_categorylink
    ADD CONSTRAINT module_field_categorylink_category_id_key UNIQUE (category_id);


--
-- TOC entry 808 (OID 131818)
-- Name: $1; Type: CONSTRAINT; Schema: public; Owner: matt
--

ALTER TABLE ONLY module_field_categorylink
    ADD CONSTRAINT "$1" FOREIGN KEY (module_id) REFERENCES permission_category(category_id) ON UPDATE NO ACTION ON DELETE NO ACTION;


--
-- TOC entry 437 (OID 131837)
-- Name: custom_field_category_pkey; Type: CONSTRAINT; Schema: public; Owner: matt
--

ALTER TABLE ONLY custom_field_category
    ADD CONSTRAINT custom_field_category_pkey PRIMARY KEY (category_id);


--
-- TOC entry 809 (OID 131839)
-- Name: $1; Type: CONSTRAINT; Schema: public; Owner: matt
--

ALTER TABLE ONLY custom_field_category
    ADD CONSTRAINT "$1" FOREIGN KEY (module_id) REFERENCES module_field_categorylink(category_id) ON UPDATE NO ACTION ON DELETE NO ACTION;


--
-- TOC entry 438 (OID 131856)
-- Name: custom_field_group_pkey; Type: CONSTRAINT; Schema: public; Owner: matt
--

ALTER TABLE ONLY custom_field_group
    ADD CONSTRAINT custom_field_group_pkey PRIMARY KEY (group_id);


--
-- TOC entry 810 (OID 131858)
-- Name: $1; Type: CONSTRAINT; Schema: public; Owner: matt
--

ALTER TABLE ONLY custom_field_group
    ADD CONSTRAINT "$1" FOREIGN KEY (category_id) REFERENCES custom_field_category(category_id) ON UPDATE NO ACTION ON DELETE NO ACTION;


--
-- TOC entry 441 (OID 131877)
-- Name: custom_field_info_pkey; Type: CONSTRAINT; Schema: public; Owner: matt
--

ALTER TABLE ONLY custom_field_info
    ADD CONSTRAINT custom_field_info_pkey PRIMARY KEY (field_id);


--
-- TOC entry 811 (OID 131879)
-- Name: $1; Type: CONSTRAINT; Schema: public; Owner: matt
--

ALTER TABLE ONLY custom_field_info
    ADD CONSTRAINT "$1" FOREIGN KEY (group_id) REFERENCES custom_field_group(group_id) ON UPDATE NO ACTION ON DELETE NO ACTION;


--
-- TOC entry 442 (OID 131894)
-- Name: custom_field_lookup_pkey; Type: CONSTRAINT; Schema: public; Owner: matt
--

ALTER TABLE ONLY custom_field_lookup
    ADD CONSTRAINT custom_field_lookup_pkey PRIMARY KEY (code);


--
-- TOC entry 812 (OID 131896)
-- Name: $1; Type: CONSTRAINT; Schema: public; Owner: matt
--

ALTER TABLE ONLY custom_field_lookup
    ADD CONSTRAINT "$1" FOREIGN KEY (field_id) REFERENCES custom_field_info(field_id) ON UPDATE NO ACTION ON DELETE NO ACTION;


--
-- TOC entry 444 (OID 131908)
-- Name: custom_field_record_pkey; Type: CONSTRAINT; Schema: public; Owner: matt
--

ALTER TABLE ONLY custom_field_record
    ADD CONSTRAINT custom_field_record_pkey PRIMARY KEY (record_id);


--
-- TOC entry 813 (OID 131910)
-- Name: $1; Type: CONSTRAINT; Schema: public; Owner: matt
--

ALTER TABLE ONLY custom_field_record
    ADD CONSTRAINT "$1" FOREIGN KEY (category_id) REFERENCES custom_field_category(category_id) ON UPDATE NO ACTION ON DELETE NO ACTION;


--
-- TOC entry 814 (OID 131914)
-- Name: $2; Type: CONSTRAINT; Schema: public; Owner: matt
--

ALTER TABLE ONLY custom_field_record
    ADD CONSTRAINT "$2" FOREIGN KEY (enteredby) REFERENCES "access"(user_id) ON UPDATE NO ACTION ON DELETE NO ACTION;


--
-- TOC entry 815 (OID 131918)
-- Name: $3; Type: CONSTRAINT; Schema: public; Owner: matt
--

ALTER TABLE ONLY custom_field_record
    ADD CONSTRAINT "$3" FOREIGN KEY (modifiedby) REFERENCES "access"(user_id) ON UPDATE NO ACTION ON DELETE NO ACTION;


--
-- TOC entry 816 (OID 131929)
-- Name: $1; Type: CONSTRAINT; Schema: public; Owner: matt
--

ALTER TABLE ONLY custom_field_data
    ADD CONSTRAINT "$1" FOREIGN KEY (record_id) REFERENCES custom_field_record(record_id) ON UPDATE NO ACTION ON DELETE NO ACTION;


--
-- TOC entry 817 (OID 131933)
-- Name: $2; Type: CONSTRAINT; Schema: public; Owner: matt
--

ALTER TABLE ONLY custom_field_data
    ADD CONSTRAINT "$2" FOREIGN KEY (field_id) REFERENCES custom_field_info(field_id) ON UPDATE NO ACTION ON DELETE NO ACTION;


--
-- TOC entry 446 (OID 131948)
-- Name: lookup_project_activity_pkey; Type: CONSTRAINT; Schema: public; Owner: matt
--

ALTER TABLE ONLY lookup_project_activity
    ADD CONSTRAINT lookup_project_activity_pkey PRIMARY KEY (code);


--
-- TOC entry 447 (OID 131959)
-- Name: lookup_project_priority_pkey; Type: CONSTRAINT; Schema: public; Owner: matt
--

ALTER TABLE ONLY lookup_project_priority
    ADD CONSTRAINT lookup_project_priority_pkey PRIMARY KEY (code);


--
-- TOC entry 448 (OID 131970)
-- Name: lookup_project_issues_pkey; Type: CONSTRAINT; Schema: public; Owner: matt
--

ALTER TABLE ONLY lookup_project_issues
    ADD CONSTRAINT lookup_project_issues_pkey PRIMARY KEY (code);


--
-- TOC entry 449 (OID 131981)
-- Name: lookup_project_status_pkey; Type: CONSTRAINT; Schema: public; Owner: matt
--

ALTER TABLE ONLY lookup_project_status
    ADD CONSTRAINT lookup_project_status_pkey PRIMARY KEY (code);


--
-- TOC entry 450 (OID 131993)
-- Name: lookup_project_loe_pkey; Type: CONSTRAINT; Schema: public; Owner: matt
--

ALTER TABLE ONLY lookup_project_loe
    ADD CONSTRAINT lookup_project_loe_pkey PRIMARY KEY (code);


--
-- TOC entry 452 (OID 132003)
-- Name: projects_pkey; Type: CONSTRAINT; Schema: public; Owner: matt
--

ALTER TABLE ONLY projects
    ADD CONSTRAINT projects_pkey PRIMARY KEY (project_id);


--
-- TOC entry 818 (OID 132005)
-- Name: $1; Type: CONSTRAINT; Schema: public; Owner: matt
--

ALTER TABLE ONLY projects
    ADD CONSTRAINT "$1" FOREIGN KEY (department_id) REFERENCES lookup_department(code) ON UPDATE NO ACTION ON DELETE NO ACTION;


--
-- TOC entry 819 (OID 132009)
-- Name: $2; Type: CONSTRAINT; Schema: public; Owner: matt
--

ALTER TABLE ONLY projects
    ADD CONSTRAINT "$2" FOREIGN KEY (enteredby) REFERENCES "access"(user_id) ON UPDATE NO ACTION ON DELETE NO ACTION;


--
-- TOC entry 820 (OID 132013)
-- Name: $3; Type: CONSTRAINT; Schema: public; Owner: matt
--

ALTER TABLE ONLY projects
    ADD CONSTRAINT "$3" FOREIGN KEY (modifiedby) REFERENCES "access"(user_id) ON UPDATE NO ACTION ON DELETE NO ACTION;


--
-- TOC entry 453 (OID 132028)
-- Name: project_requirements_pkey; Type: CONSTRAINT; Schema: public; Owner: matt
--

ALTER TABLE ONLY project_requirements
    ADD CONSTRAINT project_requirements_pkey PRIMARY KEY (requirement_id);


--
-- TOC entry 821 (OID 132030)
-- Name: $1; Type: CONSTRAINT; Schema: public; Owner: matt
--

ALTER TABLE ONLY project_requirements
    ADD CONSTRAINT "$1" FOREIGN KEY (project_id) REFERENCES projects(project_id) ON UPDATE NO ACTION ON DELETE NO ACTION;


--
-- TOC entry 822 (OID 132034)
-- Name: $2; Type: CONSTRAINT; Schema: public; Owner: matt
--

ALTER TABLE ONLY project_requirements
    ADD CONSTRAINT "$2" FOREIGN KEY (estimated_loetype) REFERENCES lookup_project_loe(code) ON UPDATE NO ACTION ON DELETE NO ACTION;


--
-- TOC entry 823 (OID 132038)
-- Name: $3; Type: CONSTRAINT; Schema: public; Owner: matt
--

ALTER TABLE ONLY project_requirements
    ADD CONSTRAINT "$3" FOREIGN KEY (actual_loetype) REFERENCES lookup_project_loe(code) ON UPDATE NO ACTION ON DELETE NO ACTION;


--
-- TOC entry 824 (OID 132042)
-- Name: $4; Type: CONSTRAINT; Schema: public; Owner: matt
--

ALTER TABLE ONLY project_requirements
    ADD CONSTRAINT "$4" FOREIGN KEY (approvedby) REFERENCES "access"(user_id) ON UPDATE NO ACTION ON DELETE NO ACTION;


--
-- TOC entry 825 (OID 132046)
-- Name: $5; Type: CONSTRAINT; Schema: public; Owner: matt
--

ALTER TABLE ONLY project_requirements
    ADD CONSTRAINT "$5" FOREIGN KEY (closedby) REFERENCES "access"(user_id) ON UPDATE NO ACTION ON DELETE NO ACTION;


--
-- TOC entry 826 (OID 132050)
-- Name: $6; Type: CONSTRAINT; Schema: public; Owner: matt
--

ALTER TABLE ONLY project_requirements
    ADD CONSTRAINT "$6" FOREIGN KEY (enteredby) REFERENCES "access"(user_id) ON UPDATE NO ACTION ON DELETE NO ACTION;


--
-- TOC entry 827 (OID 132054)
-- Name: $7; Type: CONSTRAINT; Schema: public; Owner: matt
--

ALTER TABLE ONLY project_requirements
    ADD CONSTRAINT "$7" FOREIGN KEY (modifiedby) REFERENCES "access"(user_id) ON UPDATE NO ACTION ON DELETE NO ACTION;


--
-- TOC entry 456 (OID 132067)
-- Name: project_assignments_pkey; Type: CONSTRAINT; Schema: public; Owner: matt
--

ALTER TABLE ONLY project_assignments
    ADD CONSTRAINT project_assignments_pkey PRIMARY KEY (assignment_id);


--
-- TOC entry 828 (OID 132069)
-- Name: $1; Type: CONSTRAINT; Schema: public; Owner: matt
--

ALTER TABLE ONLY project_assignments
    ADD CONSTRAINT "$1" FOREIGN KEY (project_id) REFERENCES projects(project_id) ON UPDATE NO ACTION ON DELETE NO ACTION;


--
-- TOC entry 829 (OID 132073)
-- Name: $2; Type: CONSTRAINT; Schema: public; Owner: matt
--

ALTER TABLE ONLY project_assignments
    ADD CONSTRAINT "$2" FOREIGN KEY (requirement_id) REFERENCES project_requirements(requirement_id) ON UPDATE NO ACTION ON DELETE NO ACTION;


--
-- TOC entry 830 (OID 132077)
-- Name: $3; Type: CONSTRAINT; Schema: public; Owner: matt
--

ALTER TABLE ONLY project_assignments
    ADD CONSTRAINT "$3" FOREIGN KEY (assignedby) REFERENCES "access"(user_id) ON UPDATE NO ACTION ON DELETE NO ACTION;


--
-- TOC entry 831 (OID 132081)
-- Name: $4; Type: CONSTRAINT; Schema: public; Owner: matt
--

ALTER TABLE ONLY project_assignments
    ADD CONSTRAINT "$4" FOREIGN KEY (user_assign_id) REFERENCES "access"(user_id) ON UPDATE NO ACTION ON DELETE NO ACTION;


--
-- TOC entry 832 (OID 132085)
-- Name: $5; Type: CONSTRAINT; Schema: public; Owner: matt
--

ALTER TABLE ONLY project_assignments
    ADD CONSTRAINT "$5" FOREIGN KEY (activity_id) REFERENCES lookup_project_activity(code) ON UPDATE NO ACTION ON DELETE NO ACTION;


--
-- TOC entry 833 (OID 132089)
-- Name: $6; Type: CONSTRAINT; Schema: public; Owner: matt
--

ALTER TABLE ONLY project_assignments
    ADD CONSTRAINT "$6" FOREIGN KEY (estimated_loetype) REFERENCES lookup_project_loe(code) ON UPDATE NO ACTION ON DELETE NO ACTION;


--
-- TOC entry 834 (OID 132093)
-- Name: $7; Type: CONSTRAINT; Schema: public; Owner: matt
--

ALTER TABLE ONLY project_assignments
    ADD CONSTRAINT "$7" FOREIGN KEY (actual_loetype) REFERENCES lookup_project_loe(code) ON UPDATE NO ACTION ON DELETE NO ACTION;


--
-- TOC entry 835 (OID 132097)
-- Name: $8; Type: CONSTRAINT; Schema: public; Owner: matt
--

ALTER TABLE ONLY project_assignments
    ADD CONSTRAINT "$8" FOREIGN KEY (priority_id) REFERENCES lookup_project_priority(code) ON UPDATE NO ACTION ON DELETE NO ACTION;


--
-- TOC entry 836 (OID 132101)
-- Name: $9; Type: CONSTRAINT; Schema: public; Owner: matt
--

ALTER TABLE ONLY project_assignments
    ADD CONSTRAINT "$9" FOREIGN KEY (status_id) REFERENCES lookup_project_status(code) ON UPDATE NO ACTION ON DELETE NO ACTION;


--
-- TOC entry 837 (OID 132105)
-- Name: $10; Type: CONSTRAINT; Schema: public; Owner: matt
--

ALTER TABLE ONLY project_assignments
    ADD CONSTRAINT "$10" FOREIGN KEY (enteredby) REFERENCES "access"(user_id) ON UPDATE NO ACTION ON DELETE NO ACTION;


--
-- TOC entry 838 (OID 132109)
-- Name: $11; Type: CONSTRAINT; Schema: public; Owner: matt
--

ALTER TABLE ONLY project_assignments
    ADD CONSTRAINT "$11" FOREIGN KEY (modifiedby) REFERENCES "access"(user_id) ON UPDATE NO ACTION ON DELETE NO ACTION;


--
-- TOC entry 457 (OID 132124)
-- Name: project_assignments_status_pkey; Type: CONSTRAINT; Schema: public; Owner: matt
--

ALTER TABLE ONLY project_assignments_status
    ADD CONSTRAINT project_assignments_status_pkey PRIMARY KEY (status_id);


--
-- TOC entry 839 (OID 132126)
-- Name: $1; Type: CONSTRAINT; Schema: public; Owner: matt
--

ALTER TABLE ONLY project_assignments_status
    ADD CONSTRAINT "$1" FOREIGN KEY (assignment_id) REFERENCES project_assignments(assignment_id) ON UPDATE NO ACTION ON DELETE NO ACTION;


--
-- TOC entry 840 (OID 132130)
-- Name: $2; Type: CONSTRAINT; Schema: public; Owner: matt
--

ALTER TABLE ONLY project_assignments_status
    ADD CONSTRAINT "$2" FOREIGN KEY (user_id) REFERENCES "access"(user_id) ON UPDATE NO ACTION ON DELETE NO ACTION;


--
-- TOC entry 460 (OID 132146)
-- Name: project_issues_pkey; Type: CONSTRAINT; Schema: public; Owner: matt
--

ALTER TABLE ONLY project_issues
    ADD CONSTRAINT project_issues_pkey PRIMARY KEY (issue_id);


--
-- TOC entry 841 (OID 132148)
-- Name: $1; Type: CONSTRAINT; Schema: public; Owner: matt
--

ALTER TABLE ONLY project_issues
    ADD CONSTRAINT "$1" FOREIGN KEY (project_id) REFERENCES projects(project_id) ON UPDATE NO ACTION ON DELETE NO ACTION;


--
-- TOC entry 842 (OID 132152)
-- Name: $2; Type: CONSTRAINT; Schema: public; Owner: matt
--

ALTER TABLE ONLY project_issues
    ADD CONSTRAINT "$2" FOREIGN KEY (type_id) REFERENCES lookup_project_issues(code) ON UPDATE NO ACTION ON DELETE NO ACTION;


--
-- TOC entry 843 (OID 132156)
-- Name: $3; Type: CONSTRAINT; Schema: public; Owner: matt
--

ALTER TABLE ONLY project_issues
    ADD CONSTRAINT "$3" FOREIGN KEY (enteredby) REFERENCES "access"(user_id) ON UPDATE NO ACTION ON DELETE NO ACTION;


--
-- TOC entry 844 (OID 132160)
-- Name: $4; Type: CONSTRAINT; Schema: public; Owner: matt
--

ALTER TABLE ONLY project_issues
    ADD CONSTRAINT "$4" FOREIGN KEY (modifiedby) REFERENCES "access"(user_id) ON UPDATE NO ACTION ON DELETE NO ACTION;


--
-- TOC entry 461 (OID 132177)
-- Name: project_issue_replies_pkey; Type: CONSTRAINT; Schema: public; Owner: matt
--

ALTER TABLE ONLY project_issue_replies
    ADD CONSTRAINT project_issue_replies_pkey PRIMARY KEY (reply_id);


--
-- TOC entry 845 (OID 132179)
-- Name: $1; Type: CONSTRAINT; Schema: public; Owner: matt
--

ALTER TABLE ONLY project_issue_replies
    ADD CONSTRAINT "$1" FOREIGN KEY (issue_id) REFERENCES project_issues(issue_id) ON UPDATE NO ACTION ON DELETE NO ACTION;


--
-- TOC entry 846 (OID 132183)
-- Name: $2; Type: CONSTRAINT; Schema: public; Owner: matt
--

ALTER TABLE ONLY project_issue_replies
    ADD CONSTRAINT "$2" FOREIGN KEY (enteredby) REFERENCES "access"(user_id) ON UPDATE NO ACTION ON DELETE NO ACTION;


--
-- TOC entry 847 (OID 132187)
-- Name: $3; Type: CONSTRAINT; Schema: public; Owner: matt
--

ALTER TABLE ONLY project_issue_replies
    ADD CONSTRAINT "$3" FOREIGN KEY (modifiedby) REFERENCES "access"(user_id) ON UPDATE NO ACTION ON DELETE NO ACTION;


--
-- TOC entry 462 (OID 132199)
-- Name: project_folders_pkey; Type: CONSTRAINT; Schema: public; Owner: matt
--

ALTER TABLE ONLY project_folders
    ADD CONSTRAINT project_folders_pkey PRIMARY KEY (folder_id);


--
-- TOC entry 464 (OID 132215)
-- Name: project_files_pkey; Type: CONSTRAINT; Schema: public; Owner: matt
--

ALTER TABLE ONLY project_files
    ADD CONSTRAINT project_files_pkey PRIMARY KEY (item_id);


--
-- TOC entry 848 (OID 132217)
-- Name: $1; Type: CONSTRAINT; Schema: public; Owner: matt
--

ALTER TABLE ONLY project_files
    ADD CONSTRAINT "$1" FOREIGN KEY (folder_id) REFERENCES project_folders(folder_id) ON UPDATE NO ACTION ON DELETE NO ACTION;


--
-- TOC entry 849 (OID 132221)
-- Name: $2; Type: CONSTRAINT; Schema: public; Owner: matt
--

ALTER TABLE ONLY project_files
    ADD CONSTRAINT "$2" FOREIGN KEY (enteredby) REFERENCES "access"(user_id) ON UPDATE NO ACTION ON DELETE NO ACTION;


--
-- TOC entry 850 (OID 132225)
-- Name: $3; Type: CONSTRAINT; Schema: public; Owner: matt
--

ALTER TABLE ONLY project_files
    ADD CONSTRAINT "$3" FOREIGN KEY (modifiedby) REFERENCES "access"(user_id) ON UPDATE NO ACTION ON DELETE NO ACTION;


--
-- TOC entry 851 (OID 132241)
-- Name: $1; Type: CONSTRAINT; Schema: public; Owner: matt
--

ALTER TABLE ONLY project_files_version
    ADD CONSTRAINT "$1" FOREIGN KEY (item_id) REFERENCES project_files(item_id) ON UPDATE NO ACTION ON DELETE NO ACTION;


--
-- TOC entry 852 (OID 132245)
-- Name: $2; Type: CONSTRAINT; Schema: public; Owner: matt
--

ALTER TABLE ONLY project_files_version
    ADD CONSTRAINT "$2" FOREIGN KEY (enteredby) REFERENCES "access"(user_id) ON UPDATE NO ACTION ON DELETE NO ACTION;


--
-- TOC entry 853 (OID 132249)
-- Name: $3; Type: CONSTRAINT; Schema: public; Owner: matt
--

ALTER TABLE ONLY project_files_version
    ADD CONSTRAINT "$3" FOREIGN KEY (modifiedby) REFERENCES "access"(user_id) ON UPDATE NO ACTION ON DELETE NO ACTION;


--
-- TOC entry 854 (OID 132257)
-- Name: $1; Type: CONSTRAINT; Schema: public; Owner: matt
--

ALTER TABLE ONLY project_files_download
    ADD CONSTRAINT "$1" FOREIGN KEY (item_id) REFERENCES project_files(item_id) ON UPDATE NO ACTION ON DELETE NO ACTION;


--
-- TOC entry 855 (OID 132261)
-- Name: $2; Type: CONSTRAINT; Schema: public; Owner: matt
--

ALTER TABLE ONLY project_files_download
    ADD CONSTRAINT "$2" FOREIGN KEY (user_download_id) REFERENCES "access"(user_id) ON UPDATE NO ACTION ON DELETE NO ACTION;


--
-- TOC entry 856 (OID 132269)
-- Name: $1; Type: CONSTRAINT; Schema: public; Owner: matt
--

ALTER TABLE ONLY project_team
    ADD CONSTRAINT "$1" FOREIGN KEY (project_id) REFERENCES projects(project_id) ON UPDATE NO ACTION ON DELETE NO ACTION;


--
-- TOC entry 857 (OID 132273)
-- Name: $2; Type: CONSTRAINT; Schema: public; Owner: matt
--

ALTER TABLE ONLY project_team
    ADD CONSTRAINT "$2" FOREIGN KEY (user_id) REFERENCES "access"(user_id) ON UPDATE NO ACTION ON DELETE NO ACTION;


--
-- TOC entry 858 (OID 132277)
-- Name: $3; Type: CONSTRAINT; Schema: public; Owner: matt
--

ALTER TABLE ONLY project_team
    ADD CONSTRAINT "$3" FOREIGN KEY (enteredby) REFERENCES "access"(user_id) ON UPDATE NO ACTION ON DELETE NO ACTION;


--
-- TOC entry 859 (OID 132281)
-- Name: $4; Type: CONSTRAINT; Schema: public; Owner: matt
--

ALTER TABLE ONLY project_team
    ADD CONSTRAINT "$4" FOREIGN KEY (modifiedby) REFERENCES "access"(user_id) ON UPDATE NO ACTION ON DELETE NO ACTION;


--
-- TOC entry 465 (OID 132333)
-- Name: saved_criterialist_pkey; Type: CONSTRAINT; Schema: public; Owner: matt
--

ALTER TABLE ONLY saved_criterialist
    ADD CONSTRAINT saved_criterialist_pkey PRIMARY KEY (id);


--
-- TOC entry 860 (OID 132335)
-- Name: $1; Type: CONSTRAINT; Schema: public; Owner: matt
--

ALTER TABLE ONLY saved_criterialist
    ADD CONSTRAINT "$1" FOREIGN KEY (enteredby) REFERENCES "access"(user_id) ON UPDATE NO ACTION ON DELETE NO ACTION;


--
-- TOC entry 861 (OID 132339)
-- Name: $2; Type: CONSTRAINT; Schema: public; Owner: matt
--

ALTER TABLE ONLY saved_criterialist
    ADD CONSTRAINT "$2" FOREIGN KEY (modifiedby) REFERENCES "access"(user_id) ON UPDATE NO ACTION ON DELETE NO ACTION;


--
-- TOC entry 862 (OID 132343)
-- Name: $3; Type: CONSTRAINT; Schema: public; Owner: matt
--

ALTER TABLE ONLY saved_criterialist
    ADD CONSTRAINT "$3" FOREIGN KEY ("owner") REFERENCES "access"(user_id) ON UPDATE NO ACTION ON DELETE NO ACTION;


--
-- TOC entry 466 (OID 132363)
-- Name: campaign_pkey; Type: CONSTRAINT; Schema: public; Owner: matt
--

ALTER TABLE ONLY campaign
    ADD CONSTRAINT campaign_pkey PRIMARY KEY (campaign_id);


--
-- TOC entry 863 (OID 132365)
-- Name: $1; Type: CONSTRAINT; Schema: public; Owner: matt
--

ALTER TABLE ONLY campaign
    ADD CONSTRAINT "$1" FOREIGN KEY (approvedby) REFERENCES "access"(user_id) ON UPDATE NO ACTION ON DELETE NO ACTION;


--
-- TOC entry 864 (OID 132369)
-- Name: $2; Type: CONSTRAINT; Schema: public; Owner: matt
--

ALTER TABLE ONLY campaign
    ADD CONSTRAINT "$2" FOREIGN KEY (enteredby) REFERENCES "access"(user_id) ON UPDATE NO ACTION ON DELETE NO ACTION;


--
-- TOC entry 865 (OID 132373)
-- Name: $3; Type: CONSTRAINT; Schema: public; Owner: matt
--

ALTER TABLE ONLY campaign
    ADD CONSTRAINT "$3" FOREIGN KEY (modifiedby) REFERENCES "access"(user_id) ON UPDATE NO ACTION ON DELETE NO ACTION;


--
-- TOC entry 467 (OID 132388)
-- Name: campaign_run_pkey; Type: CONSTRAINT; Schema: public; Owner: matt
--

ALTER TABLE ONLY campaign_run
    ADD CONSTRAINT campaign_run_pkey PRIMARY KEY (id);


--
-- TOC entry 866 (OID 132390)
-- Name: $1; Type: CONSTRAINT; Schema: public; Owner: matt
--

ALTER TABLE ONLY campaign_run
    ADD CONSTRAINT "$1" FOREIGN KEY (campaign_id) REFERENCES campaign(campaign_id) ON UPDATE NO ACTION ON DELETE NO ACTION;


--
-- TOC entry 468 (OID 132399)
-- Name: excluded_recipient_pkey; Type: CONSTRAINT; Schema: public; Owner: matt
--

ALTER TABLE ONLY excluded_recipient
    ADD CONSTRAINT excluded_recipient_pkey PRIMARY KEY (id);


--
-- TOC entry 867 (OID 132401)
-- Name: $1; Type: CONSTRAINT; Schema: public; Owner: matt
--

ALTER TABLE ONLY excluded_recipient
    ADD CONSTRAINT "$1" FOREIGN KEY (campaign_id) REFERENCES campaign(campaign_id) ON UPDATE NO ACTION ON DELETE NO ACTION;


--
-- TOC entry 868 (OID 132405)
-- Name: $2; Type: CONSTRAINT; Schema: public; Owner: matt
--

ALTER TABLE ONLY excluded_recipient
    ADD CONSTRAINT "$2" FOREIGN KEY (contact_id) REFERENCES contact(contact_id) ON UPDATE NO ACTION ON DELETE NO ACTION;


--
-- TOC entry 869 (OID 132411)
-- Name: $1; Type: CONSTRAINT; Schema: public; Owner: matt
--

ALTER TABLE ONLY campaign_list_groups
    ADD CONSTRAINT "$1" FOREIGN KEY (campaign_id) REFERENCES campaign(campaign_id) ON UPDATE NO ACTION ON DELETE NO ACTION;


--
-- TOC entry 870 (OID 132415)
-- Name: $2; Type: CONSTRAINT; Schema: public; Owner: matt
--

ALTER TABLE ONLY campaign_list_groups
    ADD CONSTRAINT "$2" FOREIGN KEY (group_id) REFERENCES saved_criterialist(id) ON UPDATE NO ACTION ON DELETE NO ACTION;


--
-- TOC entry 469 (OID 132427)
-- Name: active_campaign_groups_pkey; Type: CONSTRAINT; Schema: public; Owner: matt
--

ALTER TABLE ONLY active_campaign_groups
    ADD CONSTRAINT active_campaign_groups_pkey PRIMARY KEY (id);


--
-- TOC entry 871 (OID 132429)
-- Name: $1; Type: CONSTRAINT; Schema: public; Owner: matt
--

ALTER TABLE ONLY active_campaign_groups
    ADD CONSTRAINT "$1" FOREIGN KEY (campaign_id) REFERENCES campaign(campaign_id) ON UPDATE NO ACTION ON DELETE NO ACTION;


--
-- TOC entry 470 (OID 132442)
-- Name: scheduled_recipient_pkey; Type: CONSTRAINT; Schema: public; Owner: matt
--

ALTER TABLE ONLY scheduled_recipient
    ADD CONSTRAINT scheduled_recipient_pkey PRIMARY KEY (id);


--
-- TOC entry 872 (OID 132444)
-- Name: $1; Type: CONSTRAINT; Schema: public; Owner: matt
--

ALTER TABLE ONLY scheduled_recipient
    ADD CONSTRAINT "$1" FOREIGN KEY (campaign_id) REFERENCES campaign(campaign_id) ON UPDATE NO ACTION ON DELETE NO ACTION;


--
-- TOC entry 873 (OID 132448)
-- Name: $2; Type: CONSTRAINT; Schema: public; Owner: matt
--

ALTER TABLE ONLY scheduled_recipient
    ADD CONSTRAINT "$2" FOREIGN KEY (contact_id) REFERENCES contact(contact_id) ON UPDATE NO ACTION ON DELETE NO ACTION;


--
-- TOC entry 471 (OID 132460)
-- Name: lookup_survey_types_pkey; Type: CONSTRAINT; Schema: public; Owner: matt
--

ALTER TABLE ONLY lookup_survey_types
    ADD CONSTRAINT lookup_survey_types_pkey PRIMARY KEY (code);


--
-- TOC entry 472 (OID 132476)
-- Name: survey_pkey; Type: CONSTRAINT; Schema: public; Owner: matt
--

ALTER TABLE ONLY survey
    ADD CONSTRAINT survey_pkey PRIMARY KEY (survey_id);


--
-- TOC entry 874 (OID 132478)
-- Name: $1; Type: CONSTRAINT; Schema: public; Owner: matt
--

ALTER TABLE ONLY survey
    ADD CONSTRAINT "$1" FOREIGN KEY (enteredby) REFERENCES "access"(user_id) ON UPDATE NO ACTION ON DELETE NO ACTION;


--
-- TOC entry 875 (OID 132482)
-- Name: $2; Type: CONSTRAINT; Schema: public; Owner: matt
--

ALTER TABLE ONLY survey
    ADD CONSTRAINT "$2" FOREIGN KEY (modifiedby) REFERENCES "access"(user_id) ON UPDATE NO ACTION ON DELETE NO ACTION;


--
-- TOC entry 876 (OID 132488)
-- Name: $1; Type: CONSTRAINT; Schema: public; Owner: matt
--

ALTER TABLE ONLY campaign_survey_link
    ADD CONSTRAINT "$1" FOREIGN KEY (campaign_id) REFERENCES campaign(campaign_id) ON UPDATE NO ACTION ON DELETE NO ACTION;


--
-- TOC entry 877 (OID 132492)
-- Name: $2; Type: CONSTRAINT; Schema: public; Owner: matt
--

ALTER TABLE ONLY campaign_survey_link
    ADD CONSTRAINT "$2" FOREIGN KEY (survey_id) REFERENCES survey(survey_id) ON UPDATE NO ACTION ON DELETE NO ACTION;


--
-- TOC entry 473 (OID 132503)
-- Name: survey_questions_pkey; Type: CONSTRAINT; Schema: public; Owner: matt
--

ALTER TABLE ONLY survey_questions
    ADD CONSTRAINT survey_questions_pkey PRIMARY KEY (question_id);


--
-- TOC entry 878 (OID 132505)
-- Name: $1; Type: CONSTRAINT; Schema: public; Owner: matt
--

ALTER TABLE ONLY survey_questions
    ADD CONSTRAINT "$1" FOREIGN KEY (survey_id) REFERENCES survey(survey_id) ON UPDATE NO ACTION ON DELETE NO ACTION;


--
-- TOC entry 879 (OID 132509)
-- Name: $2; Type: CONSTRAINT; Schema: public; Owner: matt
--

ALTER TABLE ONLY survey_questions
    ADD CONSTRAINT "$2" FOREIGN KEY ("type") REFERENCES lookup_survey_types(code) ON UPDATE NO ACTION ON DELETE NO ACTION;


--
-- TOC entry 474 (OID 132519)
-- Name: survey_items_pkey; Type: CONSTRAINT; Schema: public; Owner: matt
--

ALTER TABLE ONLY survey_items
    ADD CONSTRAINT survey_items_pkey PRIMARY KEY (item_id);


--
-- TOC entry 880 (OID 132521)
-- Name: $1; Type: CONSTRAINT; Schema: public; Owner: matt
--

ALTER TABLE ONLY survey_items
    ADD CONSTRAINT "$1" FOREIGN KEY (question_id) REFERENCES survey_questions(question_id) ON UPDATE NO ACTION ON DELETE NO ACTION;


--
-- TOC entry 475 (OID 132537)
-- Name: active_survey_pkey; Type: CONSTRAINT; Schema: public; Owner: matt
--

ALTER TABLE ONLY active_survey
    ADD CONSTRAINT active_survey_pkey PRIMARY KEY (active_survey_id);


--
-- TOC entry 881 (OID 132539)
-- Name: $1; Type: CONSTRAINT; Schema: public; Owner: matt
--

ALTER TABLE ONLY active_survey
    ADD CONSTRAINT "$1" FOREIGN KEY (campaign_id) REFERENCES campaign(campaign_id) ON UPDATE NO ACTION ON DELETE NO ACTION;


--
-- TOC entry 882 (OID 132543)
-- Name: $2; Type: CONSTRAINT; Schema: public; Owner: matt
--

ALTER TABLE ONLY active_survey
    ADD CONSTRAINT "$2" FOREIGN KEY ("type") REFERENCES lookup_survey_types(code) ON UPDATE NO ACTION ON DELETE NO ACTION;


--
-- TOC entry 883 (OID 132547)
-- Name: $3; Type: CONSTRAINT; Schema: public; Owner: matt
--

ALTER TABLE ONLY active_survey
    ADD CONSTRAINT "$3" FOREIGN KEY (enteredby) REFERENCES "access"(user_id) ON UPDATE NO ACTION ON DELETE NO ACTION;


--
-- TOC entry 884 (OID 132551)
-- Name: $4; Type: CONSTRAINT; Schema: public; Owner: matt
--

ALTER TABLE ONLY active_survey
    ADD CONSTRAINT "$4" FOREIGN KEY (modifiedby) REFERENCES "access"(user_id) ON UPDATE NO ACTION ON DELETE NO ACTION;


--
-- TOC entry 476 (OID 132570)
-- Name: active_survey_questions_pkey; Type: CONSTRAINT; Schema: public; Owner: matt
--

ALTER TABLE ONLY active_survey_questions
    ADD CONSTRAINT active_survey_questions_pkey PRIMARY KEY (question_id);


--
-- TOC entry 885 (OID 132572)
-- Name: $1; Type: CONSTRAINT; Schema: public; Owner: matt
--

ALTER TABLE ONLY active_survey_questions
    ADD CONSTRAINT "$1" FOREIGN KEY (active_survey_id) REFERENCES active_survey(active_survey_id) ON UPDATE NO ACTION ON DELETE NO ACTION;


--
-- TOC entry 886 (OID 132576)
-- Name: $2; Type: CONSTRAINT; Schema: public; Owner: matt
--

ALTER TABLE ONLY active_survey_questions
    ADD CONSTRAINT "$2" FOREIGN KEY ("type") REFERENCES lookup_survey_types(code) ON UPDATE NO ACTION ON DELETE NO ACTION;


--
-- TOC entry 477 (OID 132586)
-- Name: active_survey_items_pkey; Type: CONSTRAINT; Schema: public; Owner: matt
--

ALTER TABLE ONLY active_survey_items
    ADD CONSTRAINT active_survey_items_pkey PRIMARY KEY (item_id);


--
-- TOC entry 887 (OID 132588)
-- Name: $1; Type: CONSTRAINT; Schema: public; Owner: matt
--

ALTER TABLE ONLY active_survey_items
    ADD CONSTRAINT "$1" FOREIGN KEY (question_id) REFERENCES active_survey_questions(question_id) ON UPDATE NO ACTION ON DELETE NO ACTION;


--
-- TOC entry 478 (OID 132599)
-- Name: active_survey_responses_pkey; Type: CONSTRAINT; Schema: public; Owner: matt
--

ALTER TABLE ONLY active_survey_responses
    ADD CONSTRAINT active_survey_responses_pkey PRIMARY KEY (response_id);


--
-- TOC entry 888 (OID 132601)
-- Name: $1; Type: CONSTRAINT; Schema: public; Owner: matt
--

ALTER TABLE ONLY active_survey_responses
    ADD CONSTRAINT "$1" FOREIGN KEY (active_survey_id) REFERENCES active_survey(active_survey_id) ON UPDATE NO ACTION ON DELETE NO ACTION;


--
-- TOC entry 479 (OID 132614)
-- Name: active_survey_answers_pkey; Type: CONSTRAINT; Schema: public; Owner: matt
--

ALTER TABLE ONLY active_survey_answers
    ADD CONSTRAINT active_survey_answers_pkey PRIMARY KEY (answer_id);


--
-- TOC entry 889 (OID 132616)
-- Name: $1; Type: CONSTRAINT; Schema: public; Owner: matt
--

ALTER TABLE ONLY active_survey_answers
    ADD CONSTRAINT "$1" FOREIGN KEY (response_id) REFERENCES active_survey_responses(response_id) ON UPDATE NO ACTION ON DELETE NO ACTION;


--
-- TOC entry 890 (OID 132620)
-- Name: $2; Type: CONSTRAINT; Schema: public; Owner: matt
--

ALTER TABLE ONLY active_survey_answers
    ADD CONSTRAINT "$2" FOREIGN KEY (question_id) REFERENCES active_survey_questions(question_id) ON UPDATE NO ACTION ON DELETE NO ACTION;


--
-- TOC entry 480 (OID 132632)
-- Name: active_survey_answer_items_pkey; Type: CONSTRAINT; Schema: public; Owner: matt
--

ALTER TABLE ONLY active_survey_answer_items
    ADD CONSTRAINT active_survey_answer_items_pkey PRIMARY KEY (id);


--
-- TOC entry 891 (OID 132634)
-- Name: $1; Type: CONSTRAINT; Schema: public; Owner: matt
--

ALTER TABLE ONLY active_survey_answer_items
    ADD CONSTRAINT "$1" FOREIGN KEY (item_id) REFERENCES active_survey_items(item_id) ON UPDATE NO ACTION ON DELETE NO ACTION;


--
-- TOC entry 892 (OID 132638)
-- Name: $2; Type: CONSTRAINT; Schema: public; Owner: matt
--

ALTER TABLE ONLY active_survey_answer_items
    ADD CONSTRAINT "$2" FOREIGN KEY (answer_id) REFERENCES active_survey_answers(answer_id) ON UPDATE NO ACTION ON DELETE NO ACTION;


--
-- TOC entry 481 (OID 132648)
-- Name: active_survey_answer_avg_pkey; Type: CONSTRAINT; Schema: public; Owner: matt
--

ALTER TABLE ONLY active_survey_answer_avg
    ADD CONSTRAINT active_survey_answer_avg_pkey PRIMARY KEY (id);


--
-- TOC entry 893 (OID 132650)
-- Name: $1; Type: CONSTRAINT; Schema: public; Owner: matt
--

ALTER TABLE ONLY active_survey_answer_avg
    ADD CONSTRAINT "$1" FOREIGN KEY (question_id) REFERENCES active_survey_questions(question_id) ON UPDATE NO ACTION ON DELETE NO ACTION;


--
-- TOC entry 894 (OID 132654)
-- Name: $2; Type: CONSTRAINT; Schema: public; Owner: matt
--

ALTER TABLE ONLY active_survey_answer_avg
    ADD CONSTRAINT "$2" FOREIGN KEY (item_id) REFERENCES active_survey_items(item_id) ON UPDATE NO ACTION ON DELETE NO ACTION;


--
-- TOC entry 482 (OID 132665)
-- Name: field_types_pkey; Type: CONSTRAINT; Schema: public; Owner: matt
--

ALTER TABLE ONLY field_types
    ADD CONSTRAINT field_types_pkey PRIMARY KEY (id);


--
-- TOC entry 483 (OID 132675)
-- Name: search_fields_pkey; Type: CONSTRAINT; Schema: public; Owner: matt
--

ALTER TABLE ONLY search_fields
    ADD CONSTRAINT search_fields_pkey PRIMARY KEY (id);


--
-- TOC entry 484 (OID 132688)
-- Name: message_pkey; Type: CONSTRAINT; Schema: public; Owner: matt
--

ALTER TABLE ONLY message
    ADD CONSTRAINT message_pkey PRIMARY KEY (id);


--
-- TOC entry 895 (OID 132690)
-- Name: $1; Type: CONSTRAINT; Schema: public; Owner: matt
--

ALTER TABLE ONLY message
    ADD CONSTRAINT "$1" FOREIGN KEY (enteredby) REFERENCES "access"(user_id) ON UPDATE NO ACTION ON DELETE NO ACTION;


--
-- TOC entry 896 (OID 132694)
-- Name: $2; Type: CONSTRAINT; Schema: public; Owner: matt
--

ALTER TABLE ONLY message
    ADD CONSTRAINT "$2" FOREIGN KEY (modifiedby) REFERENCES "access"(user_id) ON UPDATE NO ACTION ON DELETE NO ACTION;


--
-- TOC entry 897 (OID 132698)
-- Name: $3; Type: CONSTRAINT; Schema: public; Owner: matt
--

ALTER TABLE ONLY message
    ADD CONSTRAINT "$3" FOREIGN KEY (access_type) REFERENCES lookup_access_types(code) ON UPDATE NO ACTION ON DELETE NO ACTION;


--
-- TOC entry 485 (OID 132710)
-- Name: message_template_pkey; Type: CONSTRAINT; Schema: public; Owner: matt
--

ALTER TABLE ONLY message_template
    ADD CONSTRAINT message_template_pkey PRIMARY KEY (id);


--
-- TOC entry 898 (OID 132712)
-- Name: $1; Type: CONSTRAINT; Schema: public; Owner: matt
--

ALTER TABLE ONLY message_template
    ADD CONSTRAINT "$1" FOREIGN KEY (enteredby) REFERENCES "access"(user_id) ON UPDATE NO ACTION ON DELETE NO ACTION;


--
-- TOC entry 899 (OID 132716)
-- Name: $2; Type: CONSTRAINT; Schema: public; Owner: matt
--

ALTER TABLE ONLY message_template
    ADD CONSTRAINT "$2" FOREIGN KEY (modifiedby) REFERENCES "access"(user_id) ON UPDATE NO ACTION ON DELETE NO ACTION;


--
-- TOC entry 900 (OID 132723)
-- Name: $1; Type: CONSTRAINT; Schema: public; Owner: matt
--

ALTER TABLE ONLY saved_criteriaelement
    ADD CONSTRAINT "$1" FOREIGN KEY (id) REFERENCES saved_criterialist(id) ON UPDATE NO ACTION ON DELETE NO ACTION;


--
-- TOC entry 901 (OID 132727)
-- Name: $2; Type: CONSTRAINT; Schema: public; Owner: matt
--

ALTER TABLE ONLY saved_criteriaelement
    ADD CONSTRAINT "$2" FOREIGN KEY (field) REFERENCES search_fields(id) ON UPDATE NO ACTION ON DELETE NO ACTION;


--
-- TOC entry 902 (OID 132731)
-- Name: $3; Type: CONSTRAINT; Schema: public; Owner: matt
--

ALTER TABLE ONLY saved_criteriaelement
    ADD CONSTRAINT "$3" FOREIGN KEY (operatorid) REFERENCES field_types(id) ON UPDATE NO ACTION ON DELETE NO ACTION;


--
-- TOC entry 486 (OID 132784)
-- Name: help_module_pkey; Type: CONSTRAINT; Schema: public; Owner: matt
--

ALTER TABLE ONLY help_module
    ADD CONSTRAINT help_module_pkey PRIMARY KEY (module_id);


--
-- TOC entry 903 (OID 132786)
-- Name: $1; Type: CONSTRAINT; Schema: public; Owner: matt
--

ALTER TABLE ONLY help_module
    ADD CONSTRAINT "$1" FOREIGN KEY (category_id) REFERENCES permission_category(category_id) ON UPDATE NO ACTION ON DELETE NO ACTION;


--
-- TOC entry 487 (OID 132801)
-- Name: help_contents_pkey; Type: CONSTRAINT; Schema: public; Owner: matt
--

ALTER TABLE ONLY help_contents
    ADD CONSTRAINT help_contents_pkey PRIMARY KEY (help_id);


--
-- TOC entry 904 (OID 132803)
-- Name: $1; Type: CONSTRAINT; Schema: public; Owner: matt
--

ALTER TABLE ONLY help_contents
    ADD CONSTRAINT "$1" FOREIGN KEY (category_id) REFERENCES permission_category(category_id) ON UPDATE NO ACTION ON DELETE NO ACTION;


--
-- TOC entry 905 (OID 132807)
-- Name: $2; Type: CONSTRAINT; Schema: public; Owner: matt
--

ALTER TABLE ONLY help_contents
    ADD CONSTRAINT "$2" FOREIGN KEY (link_module_id) REFERENCES help_module(module_id) ON UPDATE NO ACTION ON DELETE NO ACTION;


--
-- TOC entry 906 (OID 132811)
-- Name: $3; Type: CONSTRAINT; Schema: public; Owner: matt
--

ALTER TABLE ONLY help_contents
    ADD CONSTRAINT "$3" FOREIGN KEY (nextcontent) REFERENCES help_contents(help_id) ON UPDATE NO ACTION ON DELETE NO ACTION;


--
-- TOC entry 907 (OID 132815)
-- Name: $4; Type: CONSTRAINT; Schema: public; Owner: matt
--

ALTER TABLE ONLY help_contents
    ADD CONSTRAINT "$4" FOREIGN KEY (prevcontent) REFERENCES help_contents(help_id) ON UPDATE NO ACTION ON DELETE NO ACTION;


--
-- TOC entry 908 (OID 132819)
-- Name: $5; Type: CONSTRAINT; Schema: public; Owner: matt
--

ALTER TABLE ONLY help_contents
    ADD CONSTRAINT "$5" FOREIGN KEY (upcontent) REFERENCES help_contents(help_id) ON UPDATE NO ACTION ON DELETE NO ACTION;


--
-- TOC entry 909 (OID 132823)
-- Name: $6; Type: CONSTRAINT; Schema: public; Owner: matt
--

ALTER TABLE ONLY help_contents
    ADD CONSTRAINT "$6" FOREIGN KEY (enteredby) REFERENCES "access"(user_id) ON UPDATE NO ACTION ON DELETE NO ACTION;


--
-- TOC entry 910 (OID 132827)
-- Name: $7; Type: CONSTRAINT; Schema: public; Owner: matt
--

ALTER TABLE ONLY help_contents
    ADD CONSTRAINT "$7" FOREIGN KEY (modifiedby) REFERENCES "access"(user_id) ON UPDATE NO ACTION ON DELETE NO ACTION;


--
-- TOC entry 488 (OID 132839)
-- Name: help_tableof_contents_pkey; Type: CONSTRAINT; Schema: public; Owner: matt
--

ALTER TABLE ONLY help_tableof_contents
    ADD CONSTRAINT help_tableof_contents_pkey PRIMARY KEY (content_id);


--
-- TOC entry 911 (OID 132841)
-- Name: $1; Type: CONSTRAINT; Schema: public; Owner: matt
--

ALTER TABLE ONLY help_tableof_contents
    ADD CONSTRAINT "$1" FOREIGN KEY (firstchild) REFERENCES help_tableof_contents(content_id) ON UPDATE NO ACTION ON DELETE NO ACTION;


--
-- TOC entry 912 (OID 132845)
-- Name: $2; Type: CONSTRAINT; Schema: public; Owner: matt
--

ALTER TABLE ONLY help_tableof_contents
    ADD CONSTRAINT "$2" FOREIGN KEY (nextsibling) REFERENCES help_tableof_contents(content_id) ON UPDATE NO ACTION ON DELETE NO ACTION;


--
-- TOC entry 913 (OID 132849)
-- Name: $3; Type: CONSTRAINT; Schema: public; Owner: matt
--

ALTER TABLE ONLY help_tableof_contents
    ADD CONSTRAINT "$3" FOREIGN KEY (parent) REFERENCES help_tableof_contents(content_id) ON UPDATE NO ACTION ON DELETE NO ACTION;


--
-- TOC entry 914 (OID 132853)
-- Name: $4; Type: CONSTRAINT; Schema: public; Owner: matt
--

ALTER TABLE ONLY help_tableof_contents
    ADD CONSTRAINT "$4" FOREIGN KEY (category_id) REFERENCES permission_category(category_id) ON UPDATE NO ACTION ON DELETE NO ACTION;


--
-- TOC entry 915 (OID 132857)
-- Name: $5; Type: CONSTRAINT; Schema: public; Owner: matt
--

ALTER TABLE ONLY help_tableof_contents
    ADD CONSTRAINT "$5" FOREIGN KEY (enteredby) REFERENCES "access"(user_id) ON UPDATE NO ACTION ON DELETE NO ACTION;


--
-- TOC entry 916 (OID 132861)
-- Name: $6; Type: CONSTRAINT; Schema: public; Owner: matt
--

ALTER TABLE ONLY help_tableof_contents
    ADD CONSTRAINT "$6" FOREIGN KEY (modifiedby) REFERENCES "access"(user_id) ON UPDATE NO ACTION ON DELETE NO ACTION;


--
-- TOC entry 489 (OID 132873)
-- Name: help_tableofcontentitem_links_pkey; Type: CONSTRAINT; Schema: public; Owner: matt
--

ALTER TABLE ONLY help_tableofcontentitem_links
    ADD CONSTRAINT help_tableofcontentitem_links_pkey PRIMARY KEY (link_id);


--
-- TOC entry 917 (OID 132875)
-- Name: $1; Type: CONSTRAINT; Schema: public; Owner: matt
--

ALTER TABLE ONLY help_tableofcontentitem_links
    ADD CONSTRAINT "$1" FOREIGN KEY (global_link_id) REFERENCES help_tableof_contents(content_id) ON UPDATE NO ACTION ON DELETE NO ACTION;


--
-- TOC entry 918 (OID 132879)
-- Name: $2; Type: CONSTRAINT; Schema: public; Owner: matt
--

ALTER TABLE ONLY help_tableofcontentitem_links
    ADD CONSTRAINT "$2" FOREIGN KEY (linkto_content_id) REFERENCES help_contents(help_id) ON UPDATE NO ACTION ON DELETE NO ACTION;


--
-- TOC entry 919 (OID 132883)
-- Name: $3; Type: CONSTRAINT; Schema: public; Owner: matt
--

ALTER TABLE ONLY help_tableofcontentitem_links
    ADD CONSTRAINT "$3" FOREIGN KEY (enteredby) REFERENCES "access"(user_id) ON UPDATE NO ACTION ON DELETE NO ACTION;


--
-- TOC entry 920 (OID 132887)
-- Name: $4; Type: CONSTRAINT; Schema: public; Owner: matt
--

ALTER TABLE ONLY help_tableofcontentitem_links
    ADD CONSTRAINT "$4" FOREIGN KEY (modifiedby) REFERENCES "access"(user_id) ON UPDATE NO ACTION ON DELETE NO ACTION;


--
-- TOC entry 490 (OID 132902)
-- Name: lookup_help_features_pkey; Type: CONSTRAINT; Schema: public; Owner: matt
--

ALTER TABLE ONLY lookup_help_features
    ADD CONSTRAINT lookup_help_features_pkey PRIMARY KEY (code);


--
-- TOC entry 491 (OID 132916)
-- Name: help_features_pkey; Type: CONSTRAINT; Schema: public; Owner: matt
--

ALTER TABLE ONLY help_features
    ADD CONSTRAINT help_features_pkey PRIMARY KEY (feature_id);


--
-- TOC entry 921 (OID 132918)
-- Name: $1; Type: CONSTRAINT; Schema: public; Owner: matt
--

ALTER TABLE ONLY help_features
    ADD CONSTRAINT "$1" FOREIGN KEY (link_help_id) REFERENCES help_contents(help_id) ON UPDATE NO ACTION ON DELETE NO ACTION;


--
-- TOC entry 922 (OID 132922)
-- Name: $2; Type: CONSTRAINT; Schema: public; Owner: matt
--

ALTER TABLE ONLY help_features
    ADD CONSTRAINT "$2" FOREIGN KEY (link_feature_id) REFERENCES lookup_help_features(code) ON UPDATE NO ACTION ON DELETE NO ACTION;


--
-- TOC entry 923 (OID 132926)
-- Name: $3; Type: CONSTRAINT; Schema: public; Owner: matt
--

ALTER TABLE ONLY help_features
    ADD CONSTRAINT "$3" FOREIGN KEY (enteredby) REFERENCES "access"(user_id) ON UPDATE NO ACTION ON DELETE NO ACTION;


--
-- TOC entry 924 (OID 132930)
-- Name: $4; Type: CONSTRAINT; Schema: public; Owner: matt
--

ALTER TABLE ONLY help_features
    ADD CONSTRAINT "$4" FOREIGN KEY (modifiedby) REFERENCES "access"(user_id) ON UPDATE NO ACTION ON DELETE NO ACTION;


--
-- TOC entry 925 (OID 132934)
-- Name: $5; Type: CONSTRAINT; Schema: public; Owner: matt
--

ALTER TABLE ONLY help_features
    ADD CONSTRAINT "$5" FOREIGN KEY (completedby) REFERENCES "access"(user_id) ON UPDATE NO ACTION ON DELETE NO ACTION;


--
-- TOC entry 492 (OID 132946)
-- Name: help_related_links_pkey; Type: CONSTRAINT; Schema: public; Owner: matt
--

ALTER TABLE ONLY help_related_links
    ADD CONSTRAINT help_related_links_pkey PRIMARY KEY (relatedlink_id);


--
-- TOC entry 926 (OID 132948)
-- Name: $1; Type: CONSTRAINT; Schema: public; Owner: matt
--

ALTER TABLE ONLY help_related_links
    ADD CONSTRAINT "$1" FOREIGN KEY (owning_module_id) REFERENCES help_module(module_id) ON UPDATE NO ACTION ON DELETE NO ACTION;


--
-- TOC entry 927 (OID 132952)
-- Name: $2; Type: CONSTRAINT; Schema: public; Owner: matt
--

ALTER TABLE ONLY help_related_links
    ADD CONSTRAINT "$2" FOREIGN KEY (linkto_content_id) REFERENCES help_contents(help_id) ON UPDATE NO ACTION ON DELETE NO ACTION;


--
-- TOC entry 928 (OID 132956)
-- Name: $3; Type: CONSTRAINT; Schema: public; Owner: matt
--

ALTER TABLE ONLY help_related_links
    ADD CONSTRAINT "$3" FOREIGN KEY (enteredby) REFERENCES "access"(user_id) ON UPDATE NO ACTION ON DELETE NO ACTION;


--
-- TOC entry 929 (OID 132960)
-- Name: $4; Type: CONSTRAINT; Schema: public; Owner: matt
--

ALTER TABLE ONLY help_related_links
    ADD CONSTRAINT "$4" FOREIGN KEY (modifiedby) REFERENCES "access"(user_id) ON UPDATE NO ACTION ON DELETE NO ACTION;


--
-- TOC entry 493 (OID 132975)
-- Name: help_faqs_pkey; Type: CONSTRAINT; Schema: public; Owner: matt
--

ALTER TABLE ONLY help_faqs
    ADD CONSTRAINT help_faqs_pkey PRIMARY KEY (faq_id);


--
-- TOC entry 930 (OID 132977)
-- Name: $1; Type: CONSTRAINT; Schema: public; Owner: matt
--

ALTER TABLE ONLY help_faqs
    ADD CONSTRAINT "$1" FOREIGN KEY (owning_module_id) REFERENCES help_module(module_id) ON UPDATE NO ACTION ON DELETE NO ACTION;


--
-- TOC entry 931 (OID 132981)
-- Name: $2; Type: CONSTRAINT; Schema: public; Owner: matt
--

ALTER TABLE ONLY help_faqs
    ADD CONSTRAINT "$2" FOREIGN KEY (enteredby) REFERENCES "access"(user_id) ON UPDATE NO ACTION ON DELETE NO ACTION;


--
-- TOC entry 932 (OID 132985)
-- Name: $3; Type: CONSTRAINT; Schema: public; Owner: matt
--

ALTER TABLE ONLY help_faqs
    ADD CONSTRAINT "$3" FOREIGN KEY (modifiedby) REFERENCES "access"(user_id) ON UPDATE NO ACTION ON DELETE NO ACTION;


--
-- TOC entry 933 (OID 132989)
-- Name: $4; Type: CONSTRAINT; Schema: public; Owner: matt
--

ALTER TABLE ONLY help_faqs
    ADD CONSTRAINT "$4" FOREIGN KEY (completedby) REFERENCES "access"(user_id) ON UPDATE NO ACTION ON DELETE NO ACTION;


--
-- TOC entry 494 (OID 133004)
-- Name: help_business_rules_pkey; Type: CONSTRAINT; Schema: public; Owner: matt
--

ALTER TABLE ONLY help_business_rules
    ADD CONSTRAINT help_business_rules_pkey PRIMARY KEY (rule_id);


--
-- TOC entry 934 (OID 133006)
-- Name: $1; Type: CONSTRAINT; Schema: public; Owner: matt
--

ALTER TABLE ONLY help_business_rules
    ADD CONSTRAINT "$1" FOREIGN KEY (link_help_id) REFERENCES help_contents(help_id) ON UPDATE NO ACTION ON DELETE NO ACTION;


--
-- TOC entry 935 (OID 133010)
-- Name: $2; Type: CONSTRAINT; Schema: public; Owner: matt
--

ALTER TABLE ONLY help_business_rules
    ADD CONSTRAINT "$2" FOREIGN KEY (enteredby) REFERENCES "access"(user_id) ON UPDATE NO ACTION ON DELETE NO ACTION;


--
-- TOC entry 936 (OID 133014)
-- Name: $3; Type: CONSTRAINT; Schema: public; Owner: matt
--

ALTER TABLE ONLY help_business_rules
    ADD CONSTRAINT "$3" FOREIGN KEY (modifiedby) REFERENCES "access"(user_id) ON UPDATE NO ACTION ON DELETE NO ACTION;


--
-- TOC entry 937 (OID 133018)
-- Name: $4; Type: CONSTRAINT; Schema: public; Owner: matt
--

ALTER TABLE ONLY help_business_rules
    ADD CONSTRAINT "$4" FOREIGN KEY (completedby) REFERENCES "access"(user_id) ON UPDATE NO ACTION ON DELETE NO ACTION;


--
-- TOC entry 495 (OID 133033)
-- Name: help_notes_pkey; Type: CONSTRAINT; Schema: public; Owner: matt
--

ALTER TABLE ONLY help_notes
    ADD CONSTRAINT help_notes_pkey PRIMARY KEY (note_id);


--
-- TOC entry 938 (OID 133035)
-- Name: $1; Type: CONSTRAINT; Schema: public; Owner: matt
--

ALTER TABLE ONLY help_notes
    ADD CONSTRAINT "$1" FOREIGN KEY (link_help_id) REFERENCES help_contents(help_id) ON UPDATE NO ACTION ON DELETE NO ACTION;


--
-- TOC entry 939 (OID 133039)
-- Name: $2; Type: CONSTRAINT; Schema: public; Owner: matt
--

ALTER TABLE ONLY help_notes
    ADD CONSTRAINT "$2" FOREIGN KEY (enteredby) REFERENCES "access"(user_id) ON UPDATE NO ACTION ON DELETE NO ACTION;


--
-- TOC entry 940 (OID 133043)
-- Name: $3; Type: CONSTRAINT; Schema: public; Owner: matt
--

ALTER TABLE ONLY help_notes
    ADD CONSTRAINT "$3" FOREIGN KEY (modifiedby) REFERENCES "access"(user_id) ON UPDATE NO ACTION ON DELETE NO ACTION;


--
-- TOC entry 941 (OID 133047)
-- Name: $4; Type: CONSTRAINT; Schema: public; Owner: matt
--

ALTER TABLE ONLY help_notes
    ADD CONSTRAINT "$4" FOREIGN KEY (completedby) REFERENCES "access"(user_id) ON UPDATE NO ACTION ON DELETE NO ACTION;


--
-- TOC entry 496 (OID 133062)
-- Name: help_tips_pkey; Type: CONSTRAINT; Schema: public; Owner: matt
--

ALTER TABLE ONLY help_tips
    ADD CONSTRAINT help_tips_pkey PRIMARY KEY (tip_id);


--
-- TOC entry 942 (OID 133064)
-- Name: $1; Type: CONSTRAINT; Schema: public; Owner: matt
--

ALTER TABLE ONLY help_tips
    ADD CONSTRAINT "$1" FOREIGN KEY (link_help_id) REFERENCES help_contents(help_id) ON UPDATE NO ACTION ON DELETE NO ACTION;


--
-- TOC entry 943 (OID 133068)
-- Name: $2; Type: CONSTRAINT; Schema: public; Owner: matt
--

ALTER TABLE ONLY help_tips
    ADD CONSTRAINT "$2" FOREIGN KEY (enteredby) REFERENCES "access"(user_id) ON UPDATE NO ACTION ON DELETE NO ACTION;


--
-- TOC entry 944 (OID 133072)
-- Name: $3; Type: CONSTRAINT; Schema: public; Owner: matt
--

ALTER TABLE ONLY help_tips
    ADD CONSTRAINT "$3" FOREIGN KEY (modifiedby) REFERENCES "access"(user_id) ON UPDATE NO ACTION ON DELETE NO ACTION;


--
-- TOC entry 497 (OID 133083)
-- Name: sync_client_pkey; Type: CONSTRAINT; Schema: public; Owner: matt
--

ALTER TABLE ONLY sync_client
    ADD CONSTRAINT sync_client_pkey PRIMARY KEY (client_id);


--
-- TOC entry 498 (OID 133091)
-- Name: sync_system_pkey; Type: CONSTRAINT; Schema: public; Owner: matt
--

ALTER TABLE ONLY sync_system
    ADD CONSTRAINT sync_system_pkey PRIMARY KEY (system_id);


--
-- TOC entry 499 (OID 133105)
-- Name: sync_table_pkey; Type: CONSTRAINT; Schema: public; Owner: matt
--

ALTER TABLE ONLY sync_table
    ADD CONSTRAINT sync_table_pkey PRIMARY KEY (table_id);


--
-- TOC entry 945 (OID 133107)
-- Name: $1; Type: CONSTRAINT; Schema: public; Owner: matt
--

ALTER TABLE ONLY sync_table
    ADD CONSTRAINT "$1" FOREIGN KEY (system_id) REFERENCES sync_system(system_id) ON UPDATE NO ACTION ON DELETE NO ACTION;


--
-- TOC entry 946 (OID 133114)
-- Name: $1; Type: CONSTRAINT; Schema: public; Owner: matt
--

ALTER TABLE ONLY sync_map
    ADD CONSTRAINT "$1" FOREIGN KEY (client_id) REFERENCES sync_client(client_id) ON UPDATE NO ACTION ON DELETE NO ACTION;


--
-- TOC entry 947 (OID 133118)
-- Name: $2; Type: CONSTRAINT; Schema: public; Owner: matt
--

ALTER TABLE ONLY sync_map
    ADD CONSTRAINT "$2" FOREIGN KEY (table_id) REFERENCES sync_table(table_id) ON UPDATE NO ACTION ON DELETE NO ACTION;


--
-- TOC entry 948 (OID 133126)
-- Name: $1; Type: CONSTRAINT; Schema: public; Owner: matt
--

ALTER TABLE ONLY sync_conflict_log
    ADD CONSTRAINT "$1" FOREIGN KEY (client_id) REFERENCES sync_client(client_id) ON UPDATE NO ACTION ON DELETE NO ACTION;


--
-- TOC entry 949 (OID 133130)
-- Name: $2; Type: CONSTRAINT; Schema: public; Owner: matt
--

ALTER TABLE ONLY sync_conflict_log
    ADD CONSTRAINT "$2" FOREIGN KEY (table_id) REFERENCES sync_table(table_id) ON UPDATE NO ACTION ON DELETE NO ACTION;


--
-- TOC entry 501 (OID 133140)
-- Name: sync_log_pkey; Type: CONSTRAINT; Schema: public; Owner: matt
--

ALTER TABLE ONLY sync_log
    ADD CONSTRAINT sync_log_pkey PRIMARY KEY (log_id);


--
-- TOC entry 950 (OID 133142)
-- Name: $1; Type: CONSTRAINT; Schema: public; Owner: matt
--

ALTER TABLE ONLY sync_log
    ADD CONSTRAINT "$1" FOREIGN KEY (system_id) REFERENCES sync_system(system_id) ON UPDATE NO ACTION ON DELETE NO ACTION;


--
-- TOC entry 951 (OID 133146)
-- Name: $2; Type: CONSTRAINT; Schema: public; Owner: matt
--

ALTER TABLE ONLY sync_log
    ADD CONSTRAINT "$2" FOREIGN KEY (client_id) REFERENCES sync_client(client_id) ON UPDATE NO ACTION ON DELETE NO ACTION;


--
-- TOC entry 502 (OID 133158)
-- Name: sync_transaction_log_pkey; Type: CONSTRAINT; Schema: public; Owner: matt
--

ALTER TABLE ONLY sync_transaction_log
    ADD CONSTRAINT sync_transaction_log_pkey PRIMARY KEY (transaction_id);


--
-- TOC entry 952 (OID 133160)
-- Name: $1; Type: CONSTRAINT; Schema: public; Owner: matt
--

ALTER TABLE ONLY sync_transaction_log
    ADD CONSTRAINT "$1" FOREIGN KEY (log_id) REFERENCES sync_log(log_id) ON UPDATE NO ACTION ON DELETE NO ACTION;


--
-- TOC entry 503 (OID 133173)
-- Name: process_log_pkey; Type: CONSTRAINT; Schema: public; Owner: matt
--

ALTER TABLE ONLY process_log
    ADD CONSTRAINT process_log_pkey PRIMARY KEY (process_id);


--
-- TOC entry 953 (OID 133175)
-- Name: $1; Type: CONSTRAINT; Schema: public; Owner: matt
--

ALTER TABLE ONLY process_log
    ADD CONSTRAINT "$1" FOREIGN KEY (system_id) REFERENCES sync_system(system_id) ON UPDATE NO ACTION ON DELETE NO ACTION;


--
-- TOC entry 954 (OID 133179)
-- Name: $2; Type: CONSTRAINT; Schema: public; Owner: matt
--

ALTER TABLE ONLY process_log
    ADD CONSTRAINT "$2" FOREIGN KEY (client_id) REFERENCES sync_client(client_id) ON UPDATE NO ACTION ON DELETE NO ACTION;


--
-- TOC entry 504 (OID 133394)
-- Name: autoguide_make_pkey; Type: CONSTRAINT; Schema: public; Owner: matt
--

ALTER TABLE ONLY autoguide_make
    ADD CONSTRAINT autoguide_make_pkey PRIMARY KEY (make_id);


--
-- TOC entry 505 (OID 133403)
-- Name: autoguide_model_pkey; Type: CONSTRAINT; Schema: public; Owner: matt
--

ALTER TABLE ONLY autoguide_model
    ADD CONSTRAINT autoguide_model_pkey PRIMARY KEY (model_id);


--
-- TOC entry 955 (OID 133405)
-- Name: $1; Type: CONSTRAINT; Schema: public; Owner: matt
--

ALTER TABLE ONLY autoguide_model
    ADD CONSTRAINT "$1" FOREIGN KEY (make_id) REFERENCES autoguide_make(make_id) ON UPDATE NO ACTION ON DELETE NO ACTION;


--
-- TOC entry 506 (OID 133416)
-- Name: autoguide_vehicle_pkey; Type: CONSTRAINT; Schema: public; Owner: matt
--

ALTER TABLE ONLY autoguide_vehicle
    ADD CONSTRAINT autoguide_vehicle_pkey PRIMARY KEY (vehicle_id);


--
-- TOC entry 956 (OID 133418)
-- Name: $1; Type: CONSTRAINT; Schema: public; Owner: matt
--

ALTER TABLE ONLY autoguide_vehicle
    ADD CONSTRAINT "$1" FOREIGN KEY (make_id) REFERENCES autoguide_make(make_id) ON UPDATE NO ACTION ON DELETE NO ACTION;


--
-- TOC entry 957 (OID 133422)
-- Name: $2; Type: CONSTRAINT; Schema: public; Owner: matt
--

ALTER TABLE ONLY autoguide_vehicle
    ADD CONSTRAINT "$2" FOREIGN KEY (model_id) REFERENCES autoguide_model(model_id) ON UPDATE NO ACTION ON DELETE NO ACTION;


--
-- TOC entry 507 (OID 133435)
-- Name: autoguide_inventory_pkey; Type: CONSTRAINT; Schema: public; Owner: matt
--

ALTER TABLE ONLY autoguide_inventory
    ADD CONSTRAINT autoguide_inventory_pkey PRIMARY KEY (inventory_id);


--
-- TOC entry 958 (OID 133437)
-- Name: $1; Type: CONSTRAINT; Schema: public; Owner: matt
--

ALTER TABLE ONLY autoguide_inventory
    ADD CONSTRAINT "$1" FOREIGN KEY (vehicle_id) REFERENCES autoguide_vehicle(vehicle_id) ON UPDATE NO ACTION ON DELETE NO ACTION;


--
-- TOC entry 959 (OID 133441)
-- Name: $2; Type: CONSTRAINT; Schema: public; Owner: matt
--

ALTER TABLE ONLY autoguide_inventory
    ADD CONSTRAINT "$2" FOREIGN KEY (account_id) REFERENCES organization(org_id) ON UPDATE NO ACTION ON DELETE NO ACTION;


--
-- TOC entry 508 (OID 133455)
-- Name: autoguide_options_pkey; Type: CONSTRAINT; Schema: public; Owner: matt
--

ALTER TABLE ONLY autoguide_options
    ADD CONSTRAINT autoguide_options_pkey PRIMARY KEY (option_id);


--
-- TOC entry 960 (OID 133459)
-- Name: $1; Type: CONSTRAINT; Schema: public; Owner: matt
--

ALTER TABLE ONLY autoguide_inventory_options
    ADD CONSTRAINT "$1" FOREIGN KEY (inventory_id) REFERENCES autoguide_inventory(inventory_id) ON UPDATE NO ACTION ON DELETE NO ACTION;


--
-- TOC entry 510 (OID 133473)
-- Name: autoguide_ad_run_pkey; Type: CONSTRAINT; Schema: public; Owner: matt
--

ALTER TABLE ONLY autoguide_ad_run
    ADD CONSTRAINT autoguide_ad_run_pkey PRIMARY KEY (ad_run_id);


--
-- TOC entry 961 (OID 133475)
-- Name: $1; Type: CONSTRAINT; Schema: public; Owner: matt
--

ALTER TABLE ONLY autoguide_ad_run
    ADD CONSTRAINT "$1" FOREIGN KEY (inventory_id) REFERENCES autoguide_inventory(inventory_id) ON UPDATE NO ACTION ON DELETE NO ACTION;


--
-- TOC entry 511 (OID 133489)
-- Name: autoguide_ad_run_types_pkey; Type: CONSTRAINT; Schema: public; Owner: matt
--

ALTER TABLE ONLY autoguide_ad_run_types
    ADD CONSTRAINT autoguide_ad_run_types_pkey PRIMARY KEY (code);


--
-- TOC entry 512 (OID 133532)
-- Name: lookup_revenue_types_pkey; Type: CONSTRAINT; Schema: public; Owner: matt
--

ALTER TABLE ONLY lookup_revenue_types
    ADD CONSTRAINT lookup_revenue_types_pkey PRIMARY KEY (code);


--
-- TOC entry 513 (OID 133542)
-- Name: lookup_revenuedetail_types_pkey; Type: CONSTRAINT; Schema: public; Owner: matt
--

ALTER TABLE ONLY lookup_revenuedetail_types
    ADD CONSTRAINT lookup_revenuedetail_types_pkey PRIMARY KEY (code);


--
-- TOC entry 514 (OID 133555)
-- Name: revenue_pkey; Type: CONSTRAINT; Schema: public; Owner: matt
--

ALTER TABLE ONLY revenue
    ADD CONSTRAINT revenue_pkey PRIMARY KEY (id);


--
-- TOC entry 962 (OID 133557)
-- Name: $1; Type: CONSTRAINT; Schema: public; Owner: matt
--

ALTER TABLE ONLY revenue
    ADD CONSTRAINT "$1" FOREIGN KEY (org_id) REFERENCES organization(org_id) ON UPDATE NO ACTION ON DELETE NO ACTION;


--
-- TOC entry 963 (OID 133561)
-- Name: $2; Type: CONSTRAINT; Schema: public; Owner: matt
--

ALTER TABLE ONLY revenue
    ADD CONSTRAINT "$2" FOREIGN KEY ("type") REFERENCES lookup_revenue_types(code) ON UPDATE NO ACTION ON DELETE NO ACTION;


--
-- TOC entry 964 (OID 133565)
-- Name: $3; Type: CONSTRAINT; Schema: public; Owner: matt
--

ALTER TABLE ONLY revenue
    ADD CONSTRAINT "$3" FOREIGN KEY ("owner") REFERENCES "access"(user_id) ON UPDATE NO ACTION ON DELETE NO ACTION;


--
-- TOC entry 965 (OID 133569)
-- Name: $4; Type: CONSTRAINT; Schema: public; Owner: matt
--

ALTER TABLE ONLY revenue
    ADD CONSTRAINT "$4" FOREIGN KEY (enteredby) REFERENCES "access"(user_id) ON UPDATE NO ACTION ON DELETE NO ACTION;


--
-- TOC entry 966 (OID 133573)
-- Name: $5; Type: CONSTRAINT; Schema: public; Owner: matt
--

ALTER TABLE ONLY revenue
    ADD CONSTRAINT "$5" FOREIGN KEY (modifiedby) REFERENCES "access"(user_id) ON UPDATE NO ACTION ON DELETE NO ACTION;


--
-- TOC entry 515 (OID 133585)
-- Name: revenue_detail_pkey; Type: CONSTRAINT; Schema: public; Owner: matt
--

ALTER TABLE ONLY revenue_detail
    ADD CONSTRAINT revenue_detail_pkey PRIMARY KEY (id);


--
-- TOC entry 967 (OID 133587)
-- Name: $1; Type: CONSTRAINT; Schema: public; Owner: matt
--

ALTER TABLE ONLY revenue_detail
    ADD CONSTRAINT "$1" FOREIGN KEY (revenue_id) REFERENCES revenue(id) ON UPDATE NO ACTION ON DELETE NO ACTION;


--
-- TOC entry 968 (OID 133591)
-- Name: $2; Type: CONSTRAINT; Schema: public; Owner: matt
--

ALTER TABLE ONLY revenue_detail
    ADD CONSTRAINT "$2" FOREIGN KEY ("type") REFERENCES lookup_revenue_types(code) ON UPDATE NO ACTION ON DELETE NO ACTION;


--
-- TOC entry 969 (OID 133595)
-- Name: $3; Type: CONSTRAINT; Schema: public; Owner: matt
--

ALTER TABLE ONLY revenue_detail
    ADD CONSTRAINT "$3" FOREIGN KEY ("owner") REFERENCES "access"(user_id) ON UPDATE NO ACTION ON DELETE NO ACTION;


--
-- TOC entry 970 (OID 133599)
-- Name: $4; Type: CONSTRAINT; Schema: public; Owner: matt
--

ALTER TABLE ONLY revenue_detail
    ADD CONSTRAINT "$4" FOREIGN KEY (enteredby) REFERENCES "access"(user_id) ON UPDATE NO ACTION ON DELETE NO ACTION;


--
-- TOC entry 971 (OID 133603)
-- Name: $5; Type: CONSTRAINT; Schema: public; Owner: matt
--

ALTER TABLE ONLY revenue_detail
    ADD CONSTRAINT "$5" FOREIGN KEY (modifiedby) REFERENCES "access"(user_id) ON UPDATE NO ACTION ON DELETE NO ACTION;


--
-- TOC entry 516 (OID 133616)
-- Name: lookup_task_priority_pkey; Type: CONSTRAINT; Schema: public; Owner: matt
--

ALTER TABLE ONLY lookup_task_priority
    ADD CONSTRAINT lookup_task_priority_pkey PRIMARY KEY (code);


--
-- TOC entry 517 (OID 133626)
-- Name: lookup_task_loe_pkey; Type: CONSTRAINT; Schema: public; Owner: matt
--

ALTER TABLE ONLY lookup_task_loe
    ADD CONSTRAINT lookup_task_loe_pkey PRIMARY KEY (code);


--
-- TOC entry 518 (OID 133636)
-- Name: lookup_task_category_pkey; Type: CONSTRAINT; Schema: public; Owner: matt
--

ALTER TABLE ONLY lookup_task_category
    ADD CONSTRAINT lookup_task_category_pkey PRIMARY KEY (code);


--
-- TOC entry 519 (OID 133651)
-- Name: task_pkey; Type: CONSTRAINT; Schema: public; Owner: matt
--

ALTER TABLE ONLY task
    ADD CONSTRAINT task_pkey PRIMARY KEY (task_id);


--
-- TOC entry 972 (OID 133653)
-- Name: $1; Type: CONSTRAINT; Schema: public; Owner: matt
--

ALTER TABLE ONLY task
    ADD CONSTRAINT "$1" FOREIGN KEY (enteredby) REFERENCES "access"(user_id) ON UPDATE NO ACTION ON DELETE NO ACTION;


--
-- TOC entry 973 (OID 133657)
-- Name: $2; Type: CONSTRAINT; Schema: public; Owner: matt
--

ALTER TABLE ONLY task
    ADD CONSTRAINT "$2" FOREIGN KEY (priority) REFERENCES lookup_task_priority(code) ON UPDATE NO ACTION ON DELETE NO ACTION;


--
-- TOC entry 974 (OID 133661)
-- Name: $3; Type: CONSTRAINT; Schema: public; Owner: matt
--

ALTER TABLE ONLY task
    ADD CONSTRAINT "$3" FOREIGN KEY (modifiedby) REFERENCES "access"(user_id) ON UPDATE NO ACTION ON DELETE NO ACTION;


--
-- TOC entry 975 (OID 133665)
-- Name: $4; Type: CONSTRAINT; Schema: public; Owner: matt
--

ALTER TABLE ONLY task
    ADD CONSTRAINT "$4" FOREIGN KEY (estimatedloetype) REFERENCES lookup_task_loe(code) ON UPDATE NO ACTION ON DELETE NO ACTION;


--
-- TOC entry 976 (OID 133669)
-- Name: $5; Type: CONSTRAINT; Schema: public; Owner: matt
--

ALTER TABLE ONLY task
    ADD CONSTRAINT "$5" FOREIGN KEY ("owner") REFERENCES "access"(user_id) ON UPDATE NO ACTION ON DELETE NO ACTION;


--
-- TOC entry 977 (OID 133673)
-- Name: $6; Type: CONSTRAINT; Schema: public; Owner: matt
--

ALTER TABLE ONLY task
    ADD CONSTRAINT "$6" FOREIGN KEY (category_id) REFERENCES lookup_task_category(code) ON UPDATE NO ACTION ON DELETE NO ACTION;


--
-- TOC entry 978 (OID 133679)
-- Name: $1; Type: CONSTRAINT; Schema: public; Owner: matt
--

ALTER TABLE ONLY tasklink_contact
    ADD CONSTRAINT "$1" FOREIGN KEY (task_id) REFERENCES task(task_id) ON UPDATE NO ACTION ON DELETE NO ACTION;


--
-- TOC entry 979 (OID 133683)
-- Name: $2; Type: CONSTRAINT; Schema: public; Owner: matt
--

ALTER TABLE ONLY tasklink_contact
    ADD CONSTRAINT "$2" FOREIGN KEY (contact_id) REFERENCES contact(contact_id) ON UPDATE NO ACTION ON DELETE NO ACTION;


--
-- TOC entry 980 (OID 133689)
-- Name: $1; Type: CONSTRAINT; Schema: public; Owner: matt
--

ALTER TABLE ONLY tasklink_ticket
    ADD CONSTRAINT "$1" FOREIGN KEY (task_id) REFERENCES task(task_id) ON UPDATE NO ACTION ON DELETE NO ACTION;


--
-- TOC entry 981 (OID 133693)
-- Name: $2; Type: CONSTRAINT; Schema: public; Owner: matt
--

ALTER TABLE ONLY tasklink_ticket
    ADD CONSTRAINT "$2" FOREIGN KEY (ticket_id) REFERENCES ticket(ticketid) ON UPDATE NO ACTION ON DELETE NO ACTION;


--
-- TOC entry 982 (OID 133699)
-- Name: $1; Type: CONSTRAINT; Schema: public; Owner: matt
--

ALTER TABLE ONLY tasklink_project
    ADD CONSTRAINT "$1" FOREIGN KEY (task_id) REFERENCES task(task_id) ON UPDATE NO ACTION ON DELETE NO ACTION;


--
-- TOC entry 983 (OID 133703)
-- Name: $2; Type: CONSTRAINT; Schema: public; Owner: matt
--

ALTER TABLE ONLY tasklink_project
    ADD CONSTRAINT "$2" FOREIGN KEY (project_id) REFERENCES projects(project_id) ON UPDATE NO ACTION ON DELETE NO ACTION;


--
-- TOC entry 984 (OID 133709)
-- Name: $1; Type: CONSTRAINT; Schema: public; Owner: matt
--

ALTER TABLE ONLY taskcategory_project
    ADD CONSTRAINT "$1" FOREIGN KEY (category_id) REFERENCES lookup_task_category(code) ON UPDATE NO ACTION ON DELETE NO ACTION;


--
-- TOC entry 985 (OID 133713)
-- Name: $2; Type: CONSTRAINT; Schema: public; Owner: matt
--

ALTER TABLE ONLY taskcategory_project
    ADD CONSTRAINT "$2" FOREIGN KEY (project_id) REFERENCES projects(project_id) ON UPDATE NO ACTION ON DELETE NO ACTION;


--
-- TOC entry 520 (OID 133736)
-- Name: business_process_component_library_pkey; Type: CONSTRAINT; Schema: public; Owner: matt
--

ALTER TABLE ONLY business_process_component_library
    ADD CONSTRAINT business_process_component_library_pkey PRIMARY KEY (component_id);


--
-- TOC entry 521 (OID 133745)
-- Name: business_process_component_result_lookup_pkey; Type: CONSTRAINT; Schema: public; Owner: matt
--

ALTER TABLE ONLY business_process_component_result_lookup
    ADD CONSTRAINT business_process_component_result_lookup_pkey PRIMARY KEY (result_id);


--
-- TOC entry 986 (OID 133747)
-- Name: $1; Type: CONSTRAINT; Schema: public; Owner: matt
--

ALTER TABLE ONLY business_process_component_result_lookup
    ADD CONSTRAINT "$1" FOREIGN KEY (component_id) REFERENCES business_process_component_library(component_id) ON UPDATE NO ACTION ON DELETE NO ACTION;


--
-- TOC entry 522 (OID 133760)
-- Name: business_process_parameter_library_pkey; Type: CONSTRAINT; Schema: public; Owner: matt
--

ALTER TABLE ONLY business_process_parameter_library
    ADD CONSTRAINT business_process_parameter_library_pkey PRIMARY KEY (parameter_id);


--
-- TOC entry 523 (OID 133772)
-- Name: business_process_pkey; Type: CONSTRAINT; Schema: public; Owner: matt
--

ALTER TABLE ONLY business_process
    ADD CONSTRAINT business_process_pkey PRIMARY KEY (process_id);


--
-- TOC entry 524 (OID 133774)
-- Name: business_process_process_name_key; Type: CONSTRAINT; Schema: public; Owner: matt
--

ALTER TABLE ONLY business_process
    ADD CONSTRAINT business_process_process_name_key UNIQUE (process_name);


--
-- TOC entry 987 (OID 133776)
-- Name: $1; Type: CONSTRAINT; Schema: public; Owner: matt
--

ALTER TABLE ONLY business_process
    ADD CONSTRAINT "$1" FOREIGN KEY (link_module_id) REFERENCES permission_category(category_id) ON UPDATE NO ACTION ON DELETE NO ACTION;


--
-- TOC entry 525 (OID 133786)
-- Name: business_process_component_pkey; Type: CONSTRAINT; Schema: public; Owner: matt
--

ALTER TABLE ONLY business_process_component
    ADD CONSTRAINT business_process_component_pkey PRIMARY KEY (id);


--
-- TOC entry 988 (OID 133788)
-- Name: $1; Type: CONSTRAINT; Schema: public; Owner: matt
--

ALTER TABLE ONLY business_process_component
    ADD CONSTRAINT "$1" FOREIGN KEY (process_id) REFERENCES business_process(process_id) ON UPDATE NO ACTION ON DELETE NO ACTION;


--
-- TOC entry 989 (OID 133792)
-- Name: $2; Type: CONSTRAINT; Schema: public; Owner: matt
--

ALTER TABLE ONLY business_process_component
    ADD CONSTRAINT "$2" FOREIGN KEY (component_id) REFERENCES business_process_component_library(component_id) ON UPDATE NO ACTION ON DELETE NO ACTION;


--
-- TOC entry 990 (OID 133796)
-- Name: $3; Type: CONSTRAINT; Schema: public; Owner: matt
--

ALTER TABLE ONLY business_process_component
    ADD CONSTRAINT "$3" FOREIGN KEY (parent_id) REFERENCES business_process_component(id) ON UPDATE NO ACTION ON DELETE NO ACTION;


--
-- TOC entry 526 (OID 133809)
-- Name: business_process_parameter_pkey; Type: CONSTRAINT; Schema: public; Owner: matt
--

ALTER TABLE ONLY business_process_parameter
    ADD CONSTRAINT business_process_parameter_pkey PRIMARY KEY (id);


--
-- TOC entry 991 (OID 133811)
-- Name: $1; Type: CONSTRAINT; Schema: public; Owner: matt
--

ALTER TABLE ONLY business_process_parameter
    ADD CONSTRAINT "$1" FOREIGN KEY (process_id) REFERENCES business_process(process_id) ON UPDATE NO ACTION ON DELETE NO ACTION;


--
-- TOC entry 527 (OID 133824)
-- Name: business_process_component_parameter_pkey; Type: CONSTRAINT; Schema: public; Owner: matt
--

ALTER TABLE ONLY business_process_component_parameter
    ADD CONSTRAINT business_process_component_parameter_pkey PRIMARY KEY (id);


--
-- TOC entry 992 (OID 133826)
-- Name: $1; Type: CONSTRAINT; Schema: public; Owner: matt
--

ALTER TABLE ONLY business_process_component_parameter
    ADD CONSTRAINT "$1" FOREIGN KEY (component_id) REFERENCES business_process_component(id) ON UPDATE NO ACTION ON DELETE NO ACTION;


--
-- TOC entry 993 (OID 133830)
-- Name: $2; Type: CONSTRAINT; Schema: public; Owner: matt
--

ALTER TABLE ONLY business_process_component_parameter
    ADD CONSTRAINT "$2" FOREIGN KEY (parameter_id) REFERENCES business_process_parameter_library(parameter_id) ON UPDATE NO ACTION ON DELETE NO ACTION;


--
-- TOC entry 528 (OID 133852)
-- Name: business_process_events_pkey; Type: CONSTRAINT; Schema: public; Owner: matt
--

ALTER TABLE ONLY business_process_events
    ADD CONSTRAINT business_process_events_pkey PRIMARY KEY (event_id);


--
-- TOC entry 994 (OID 133854)
-- Name: $1; Type: CONSTRAINT; Schema: public; Owner: matt
--

ALTER TABLE ONLY business_process_events
    ADD CONSTRAINT "$1" FOREIGN KEY (process_id) REFERENCES business_process(process_id) ON UPDATE NO ACTION ON DELETE NO ACTION;


--
-- TOC entry 529 (OID 133860)
-- Name: business_process_log_process_name_key; Type: CONSTRAINT; Schema: public; Owner: matt
--

ALTER TABLE ONLY business_process_log
    ADD CONSTRAINT business_process_log_process_name_key UNIQUE (process_name);


--
-- TOC entry 530 (OID 133868)
-- Name: business_process_hook_library_pkey; Type: CONSTRAINT; Schema: public; Owner: matt
--

ALTER TABLE ONLY business_process_hook_library
    ADD CONSTRAINT business_process_hook_library_pkey PRIMARY KEY (hook_id);


--
-- TOC entry 995 (OID 133870)
-- Name: $1; Type: CONSTRAINT; Schema: public; Owner: matt
--

ALTER TABLE ONLY business_process_hook_library
    ADD CONSTRAINT "$1" FOREIGN KEY (link_module_id) REFERENCES permission_category(category_id) ON UPDATE NO ACTION ON DELETE NO ACTION;


--
-- TOC entry 531 (OID 133880)
-- Name: business_process_hook_triggers_pkey; Type: CONSTRAINT; Schema: public; Owner: matt
--

ALTER TABLE ONLY business_process_hook_triggers
    ADD CONSTRAINT business_process_hook_triggers_pkey PRIMARY KEY (trigger_id);


--
-- TOC entry 996 (OID 133882)
-- Name: $1; Type: CONSTRAINT; Schema: public; Owner: matt
--

ALTER TABLE ONLY business_process_hook_triggers
    ADD CONSTRAINT "$1" FOREIGN KEY (hook_id) REFERENCES business_process_hook_library(hook_id) ON UPDATE NO ACTION ON DELETE NO ACTION;


--
-- TOC entry 532 (OID 133892)
-- Name: business_process_hook_pkey; Type: CONSTRAINT; Schema: public; Owner: matt
--

ALTER TABLE ONLY business_process_hook
    ADD CONSTRAINT business_process_hook_pkey PRIMARY KEY (id);


--
-- TOC entry 997 (OID 133894)
-- Name: $1; Type: CONSTRAINT; Schema: public; Owner: matt
--

ALTER TABLE ONLY business_process_hook
    ADD CONSTRAINT "$1" FOREIGN KEY (trigger_id) REFERENCES business_process_hook_triggers(trigger_id) ON UPDATE NO ACTION ON DELETE NO ACTION;


--
-- TOC entry 998 (OID 133898)
-- Name: $2; Type: CONSTRAINT; Schema: public; Owner: matt
--

ALTER TABLE ONLY business_process_hook
    ADD CONSTRAINT "$2" FOREIGN KEY (process_id) REFERENCES business_process(process_id) ON UPDATE NO ACTION ON DELETE NO ACTION;


--
-- TOC entry 3 (OID 130494)
-- Name: access_user_id_seq; Type: SEQUENCE SET; Schema: public; Owner: matt
--

SELECT pg_catalog.setval ('access_user_id_seq', 0, true);


--
-- TOC entry 272 (OID 130516)
-- Name: lookup_industry_code_seq; Type: SEQUENCE SET; Schema: public; Owner: matt
--

SELECT pg_catalog.setval ('lookup_industry_code_seq', 20, true);


--
-- TOC entry 273 (OID 130526)
-- Name: access_log_id_seq; Type: SEQUENCE SET; Schema: public; Owner: matt
--

SELECT pg_catalog.setval ('access_log_id_seq', 1, false);


--
-- TOC entry 274 (OID 130538)
-- Name: usage_log_usage_id_seq; Type: SEQUENCE SET; Schema: public; Owner: matt
--

SELECT pg_catalog.setval ('usage_log_usage_id_seq', 1, false);


--
-- TOC entry 275 (OID 130546)
-- Name: lookup_contact_types_code_seq; Type: SEQUENCE SET; Schema: public; Owner: matt
--

SELECT pg_catalog.setval ('lookup_contact_types_code_seq', 3, true);


--
-- TOC entry 276 (OID 130561)
-- Name: lookup_account_types_code_seq; Type: SEQUENCE SET; Schema: public; Owner: matt
--

SELECT pg_catalog.setval ('lookup_account_types_code_seq', 6, true);


--
-- TOC entry 277 (OID 130575)
-- Name: lookup_department_code_seq; Type: SEQUENCE SET; Schema: public; Owner: matt
--

SELECT pg_catalog.setval ('lookup_department_code_seq', 7, true);


--
-- TOC entry 5 (OID 130585)
-- Name: lookup_orgaddress_type_code_seq; Type: SEQUENCE SET; Schema: public; Owner: matt
--

SELECT pg_catalog.setval ('lookup_orgaddress_type_code_seq', 4, true);


--
-- TOC entry 278 (OID 130595)
-- Name: lookup_orgemail_types_code_seq; Type: SEQUENCE SET; Schema: public; Owner: matt
--

SELECT pg_catalog.setval ('lookup_orgemail_types_code_seq', 2, true);


--
-- TOC entry 279 (OID 130605)
-- Name: lookup_orgphone_types_code_seq; Type: SEQUENCE SET; Schema: public; Owner: matt
--

SELECT pg_catalog.setval ('lookup_orgphone_types_code_seq', 2, true);


--
-- TOC entry 7 (OID 130615)
-- Name: lookup_instantmessenge_code_seq; Type: SEQUENCE SET; Schema: public; Owner: matt
--

SELECT pg_catalog.setval ('lookup_instantmessenge_code_seq', 1, false);


--
-- TOC entry 9 (OID 130625)
-- Name: lookup_employment_type_code_seq; Type: SEQUENCE SET; Schema: public; Owner: matt
--

SELECT pg_catalog.setval ('lookup_employment_type_code_seq', 1, false);


--
-- TOC entry 280 (OID 130635)
-- Name: lookup_locale_code_seq; Type: SEQUENCE SET; Schema: public; Owner: matt
--

SELECT pg_catalog.setval ('lookup_locale_code_seq', 1, false);


--
-- TOC entry 11 (OID 130645)
-- Name: lookup_contactaddress__code_seq; Type: SEQUENCE SET; Schema: public; Owner: matt
--

SELECT pg_catalog.setval ('lookup_contactaddress__code_seq', 3, true);


--
-- TOC entry 13 (OID 130655)
-- Name: lookup_contactemail_ty_code_seq; Type: SEQUENCE SET; Schema: public; Owner: matt
--

SELECT pg_catalog.setval ('lookup_contactemail_ty_code_seq', 3, true);


--
-- TOC entry 15 (OID 130665)
-- Name: lookup_contactphone_ty_code_seq; Type: SEQUENCE SET; Schema: public; Owner: matt
--

SELECT pg_catalog.setval ('lookup_contactphone_ty_code_seq', 9, true);


--
-- TOC entry 281 (OID 130675)
-- Name: lookup_access_types_code_seq; Type: SEQUENCE SET; Schema: public; Owner: matt
--

SELECT pg_catalog.setval ('lookup_access_types_code_seq', 8, true);


--
-- TOC entry 17 (OID 130684)
-- Name: organization_org_id_seq; Type: SEQUENCE SET; Schema: public; Owner: matt
--

SELECT pg_catalog.setval ('organization_org_id_seq', 0, true);


--
-- TOC entry 282 (OID 130715)
-- Name: contact_contact_id_seq; Type: SEQUENCE SET; Schema: public; Owner: matt
--

SELECT pg_catalog.setval ('contact_contact_id_seq', 1, false);


--
-- TOC entry 283 (OID 130772)
-- Name: role_role_id_seq; Type: SEQUENCE SET; Schema: public; Owner: matt
--

SELECT pg_catalog.setval ('role_role_id_seq', 9, true);


--
-- TOC entry 19 (OID 130791)
-- Name: permission_cate_category_id_seq; Type: SEQUENCE SET; Schema: public; Owner: matt
--

SELECT pg_catalog.setval ('permission_cate_category_id_seq', 15, true);


--
-- TOC entry 284 (OID 130808)
-- Name: permission_permission_id_seq; Type: SEQUENCE SET; Schema: public; Owner: matt
--

SELECT pg_catalog.setval ('permission_permission_id_seq', 75, true);


--
-- TOC entry 285 (OID 130828)
-- Name: role_permission_id_seq; Type: SEQUENCE SET; Schema: public; Owner: matt
--

SELECT pg_catalog.setval ('role_permission_id_seq', 421, true);


--
-- TOC entry 286 (OID 130847)
-- Name: lookup_stage_code_seq; Type: SEQUENCE SET; Schema: public; Owner: matt
--

SELECT pg_catalog.setval ('lookup_stage_code_seq', 9, true);


--
-- TOC entry 21 (OID 130857)
-- Name: lookup_delivery_option_code_seq; Type: SEQUENCE SET; Schema: public; Owner: matt
--

SELECT pg_catalog.setval ('lookup_delivery_option_code_seq', 6, true);


--
-- TOC entry 287 (OID 130867)
-- Name: news_rec_id_seq; Type: SEQUENCE SET; Schema: public; Owner: matt
--

SELECT pg_catalog.setval ('news_rec_id_seq', 1, false);


--
-- TOC entry 23 (OID 130882)
-- Name: organization_add_address_id_seq; Type: SEQUENCE SET; Schema: public; Owner: matt
--

SELECT pg_catalog.setval ('organization_add_address_id_seq', 1, false);


--
-- TOC entry 25 (OID 130907)
-- Name: organization__emailaddress__seq; Type: SEQUENCE SET; Schema: public; Owner: matt
--

SELECT pg_catalog.setval ('organization__emailaddress__seq', 1, false);


--
-- TOC entry 27 (OID 130932)
-- Name: organization_phone_phone_id_seq; Type: SEQUENCE SET; Schema: public; Owner: matt
--

SELECT pg_catalog.setval ('organization_phone_phone_id_seq', 1, false);


--
-- TOC entry 288 (OID 130957)
-- Name: contact_address_address_id_seq; Type: SEQUENCE SET; Schema: public; Owner: matt
--

SELECT pg_catalog.setval ('contact_address_address_id_seq', 1, false);


--
-- TOC entry 29 (OID 130982)
-- Name: contact_email_emailaddress__seq; Type: SEQUENCE SET; Schema: public; Owner: matt
--

SELECT pg_catalog.setval ('contact_email_emailaddress__seq', 1, false);


--
-- TOC entry 289 (OID 131007)
-- Name: contact_phone_phone_id_seq; Type: SEQUENCE SET; Schema: public; Owner: matt
--

SELECT pg_catalog.setval ('contact_phone_phone_id_seq', 1, false);


--
-- TOC entry 31 (OID 131032)
-- Name: notification_notification_i_seq; Type: SEQUENCE SET; Schema: public; Owner: matt
--

SELECT pg_catalog.setval ('notification_notification_i_seq', 1, false);


--
-- TOC entry 290 (OID 131044)
-- Name: cfsinbox_message_id_seq; Type: SEQUENCE SET; Schema: public; Owner: matt
--

SELECT pg_catalog.setval ('cfsinbox_message_id_seq', 1, false);


--
-- TOC entry 291 (OID 131107)
-- Name: lookup_lists_lookup_id_seq; Type: SEQUENCE SET; Schema: public; Owner: matt
--

SELECT pg_catalog.setval ('lookup_lists_lookup_id_seq', 13, true);


--
-- TOC entry 292 (OID 131123)
-- Name: viewpoint_viewpoint_id_seq; Type: SEQUENCE SET; Schema: public; Owner: matt
--

SELECT pg_catalog.setval ('viewpoint_viewpoint_id_seq', 1, false);


--
-- TOC entry 33 (OID 131149)
-- Name: viewpoint_per_vp_permission_seq; Type: SEQUENCE SET; Schema: public; Owner: matt
--

SELECT pg_catalog.setval ('viewpoint_per_vp_permission_seq', 1, false);


--
-- TOC entry 293 (OID 131168)
-- Name: report_report_id_seq; Type: SEQUENCE SET; Schema: public; Owner: matt
--

SELECT pg_catalog.setval ('report_report_id_seq', 19, true);


--
-- TOC entry 294 (OID 131199)
-- Name: report_criteria_criteria_id_seq; Type: SEQUENCE SET; Schema: public; Owner: matt
--

SELECT pg_catalog.setval ('report_criteria_criteria_id_seq', 1, false);


--
-- TOC entry 295 (OID 131225)
-- Name: report_criteria_parameter_parameter_id_seq; Type: SEQUENCE SET; Schema: public; Owner: matt
--

SELECT pg_catalog.setval ('report_criteria_parameter_parameter_id_seq', 1, false);


--
-- TOC entry 296 (OID 131239)
-- Name: report_queue_queue_id_seq; Type: SEQUENCE SET; Schema: public; Owner: matt
--

SELECT pg_catalog.setval ('report_queue_queue_id_seq', 1, false);


--
-- TOC entry 297 (OID 131258)
-- Name: report_queue_criteria_criteria_id_seq; Type: SEQUENCE SET; Schema: public; Owner: matt
--

SELECT pg_catalog.setval ('report_queue_criteria_criteria_id_seq', 1, false);


--
-- TOC entry 35 (OID 131272)
-- Name: action_list_code_seq; Type: SEQUENCE SET; Schema: public; Owner: matt
--

SELECT pg_catalog.setval ('action_list_code_seq', 1, false);


--
-- TOC entry 37 (OID 131294)
-- Name: action_item_code_seq; Type: SEQUENCE SET; Schema: public; Owner: matt
--

SELECT pg_catalog.setval ('action_item_code_seq', 1, false);


--
-- TOC entry 39 (OID 131316)
-- Name: action_item_log_code_seq; Type: SEQUENCE SET; Schema: public; Owner: matt
--

SELECT pg_catalog.setval ('action_item_log_code_seq', 1, false);


--
-- TOC entry 298 (OID 131338)
-- Name: database_version_version_id_seq; Type: SEQUENCE SET; Schema: public; Owner: matt
--

SELECT pg_catalog.setval ('database_version_version_id_seq', 1, true);


--
-- TOC entry 299 (OID 131463)
-- Name: lookup_call_types_code_seq; Type: SEQUENCE SET; Schema: public; Owner: matt
--

SELECT pg_catalog.setval ('lookup_call_types_code_seq', 3, true);


--
-- TOC entry 41 (OID 131473)
-- Name: lookup_opportunity_typ_code_seq; Type: SEQUENCE SET; Schema: public; Owner: matt
--

SELECT pg_catalog.setval ('lookup_opportunity_typ_code_seq', 4, true);


--
-- TOC entry 300 (OID 131483)
-- Name: opportunity_header_opp_id_seq; Type: SEQUENCE SET; Schema: public; Owner: matt
--

SELECT pg_catalog.setval ('opportunity_header_opp_id_seq', 1, false);


--
-- TOC entry 301 (OID 131502)
-- Name: opportunity_component_id_seq; Type: SEQUENCE SET; Schema: public; Owner: matt
--

SELECT pg_catalog.setval ('opportunity_component_id_seq', 1, false);


--
-- TOC entry 302 (OID 131550)
-- Name: call_log_call_id_seq; Type: SEQUENCE SET; Schema: public; Owner: matt
--

SELECT pg_catalog.setval ('call_log_call_id_seq', 1, false);


--
-- TOC entry 303 (OID 131603)
-- Name: ticket_level_code_seq; Type: SEQUENCE SET; Schema: public; Owner: matt
--

SELECT pg_catalog.setval ('ticket_level_code_seq', 5, true);


--
-- TOC entry 304 (OID 131615)
-- Name: ticket_severity_code_seq; Type: SEQUENCE SET; Schema: public; Owner: matt
--

SELECT pg_catalog.setval ('ticket_severity_code_seq', 3, true);


--
-- TOC entry 305 (OID 131631)
-- Name: lookup_ticketsource_code_seq; Type: SEQUENCE SET; Schema: public; Owner: matt
--

SELECT pg_catalog.setval ('lookup_ticketsource_code_seq', 4, true);


--
-- TOC entry 306 (OID 131643)
-- Name: ticket_priority_code_seq; Type: SEQUENCE SET; Schema: public; Owner: matt
--

SELECT pg_catalog.setval ('ticket_priority_code_seq', 3, true);


--
-- TOC entry 307 (OID 131659)
-- Name: ticket_category_id_seq; Type: SEQUENCE SET; Schema: public; Owner: matt
--

SELECT pg_catalog.setval ('ticket_category_id_seq', 5, true);


--
-- TOC entry 308 (OID 131674)
-- Name: ticket_category_draft_id_seq; Type: SEQUENCE SET; Schema: public; Owner: matt
--

SELECT pg_catalog.setval ('ticket_category_draft_id_seq', 1, false);


--
-- TOC entry 309 (OID 131690)
-- Name: ticket_ticketid_seq; Type: SEQUENCE SET; Schema: public; Owner: matt
--

SELECT pg_catalog.setval ('ticket_ticketid_seq', 1, false);


--
-- TOC entry 310 (OID 131744)
-- Name: ticketlog_id_seq; Type: SEQUENCE SET; Schema: public; Owner: matt
--

SELECT pg_catalog.setval ('ticketlog_id_seq', 1, false);


--
-- TOC entry 43 (OID 131804)
-- Name: module_field_categorylin_id_seq; Type: SEQUENCE SET; Schema: public; Owner: matt
--

SELECT pg_catalog.setval ('module_field_categorylin_id_seq', 3, true);


--
-- TOC entry 45 (OID 131822)
-- Name: custom_field_ca_category_id_seq; Type: SEQUENCE SET; Schema: public; Owner: matt
--

SELECT pg_catalog.setval ('custom_field_ca_category_id_seq', 1, false);


--
-- TOC entry 47 (OID 131844)
-- Name: custom_field_group_group_id_seq; Type: SEQUENCE SET; Schema: public; Owner: matt
--

SELECT pg_catalog.setval ('custom_field_group_group_id_seq', 1, false);


--
-- TOC entry 311 (OID 131863)
-- Name: custom_field_info_field_id_seq; Type: SEQUENCE SET; Schema: public; Owner: matt
--

SELECT pg_catalog.setval ('custom_field_info_field_id_seq', 1, false);


--
-- TOC entry 312 (OID 131884)
-- Name: custom_field_lookup_code_seq; Type: SEQUENCE SET; Schema: public; Owner: matt
--

SELECT pg_catalog.setval ('custom_field_lookup_code_seq', 1, false);


--
-- TOC entry 49 (OID 131900)
-- Name: custom_field_reco_record_id_seq; Type: SEQUENCE SET; Schema: public; Owner: matt
--

SELECT pg_catalog.setval ('custom_field_reco_record_id_seq', 1, false);


--
-- TOC entry 51 (OID 131938)
-- Name: lookup_project_activit_code_seq; Type: SEQUENCE SET; Schema: public; Owner: matt
--

SELECT pg_catalog.setval ('lookup_project_activit_code_seq', 10, true);


--
-- TOC entry 53 (OID 131950)
-- Name: lookup_project_priorit_code_seq; Type: SEQUENCE SET; Schema: public; Owner: matt
--

SELECT pg_catalog.setval ('lookup_project_priorit_code_seq', 3, true);


--
-- TOC entry 313 (OID 131961)
-- Name: lookup_project_issues_code_seq; Type: SEQUENCE SET; Schema: public; Owner: matt
--

SELECT pg_catalog.setval ('lookup_project_issues_code_seq', 15, true);


--
-- TOC entry 314 (OID 131972)
-- Name: lookup_project_status_code_seq; Type: SEQUENCE SET; Schema: public; Owner: matt
--

SELECT pg_catalog.setval ('lookup_project_status_code_seq', 6, true);


--
-- TOC entry 315 (OID 131983)
-- Name: lookup_project_loe_code_seq; Type: SEQUENCE SET; Schema: public; Owner: matt
--

SELECT pg_catalog.setval ('lookup_project_loe_code_seq', 5, true);


--
-- TOC entry 316 (OID 131995)
-- Name: projects_project_id_seq; Type: SEQUENCE SET; Schema: public; Owner: matt
--

SELECT pg_catalog.setval ('projects_project_id_seq', 1, false);


--
-- TOC entry 55 (OID 132018)
-- Name: project_requi_requirement_i_seq; Type: SEQUENCE SET; Schema: public; Owner: matt
--

SELECT pg_catalog.setval ('project_requi_requirement_i_seq', 1, false);


--
-- TOC entry 57 (OID 132058)
-- Name: project_assig_assignment_id_seq; Type: SEQUENCE SET; Schema: public; Owner: matt
--

SELECT pg_catalog.setval ('project_assig_assignment_id_seq', 1, false);


--
-- TOC entry 59 (OID 132115)
-- Name: project_assignmen_status_id_seq; Type: SEQUENCE SET; Schema: public; Owner: matt
--

SELECT pg_catalog.setval ('project_assignmen_status_id_seq', 1, false);


--
-- TOC entry 317 (OID 132134)
-- Name: project_issues_issue_id_seq; Type: SEQUENCE SET; Schema: public; Owner: matt
--

SELECT pg_catalog.setval ('project_issues_issue_id_seq', 1, false);


--
-- TOC entry 61 (OID 132166)
-- Name: project_issue_repl_reply_id_seq; Type: SEQUENCE SET; Schema: public; Owner: matt
--

SELECT pg_catalog.setval ('project_issue_repl_reply_id_seq', 1, false);


--
-- TOC entry 318 (OID 132191)
-- Name: project_folders_folder_id_seq; Type: SEQUENCE SET; Schema: public; Owner: matt
--

SELECT pg_catalog.setval ('project_folders_folder_id_seq', 1, false);


--
-- TOC entry 319 (OID 132201)
-- Name: project_files_item_id_seq; Type: SEQUENCE SET; Schema: public; Owner: matt
--

SELECT pg_catalog.setval ('project_files_item_id_seq', 1, false);


--
-- TOC entry 320 (OID 132324)
-- Name: saved_criterialist_id_seq; Type: SEQUENCE SET; Schema: public; Owner: matt
--

SELECT pg_catalog.setval ('saved_criterialist_id_seq', 1, false);


--
-- TOC entry 321 (OID 132347)
-- Name: campaign_campaign_id_seq; Type: SEQUENCE SET; Schema: public; Owner: matt
--

SELECT pg_catalog.setval ('campaign_campaign_id_seq', 1, false);


--
-- TOC entry 322 (OID 132377)
-- Name: campaign_run_id_seq; Type: SEQUENCE SET; Schema: public; Owner: matt
--

SELECT pg_catalog.setval ('campaign_run_id_seq', 1, false);


--
-- TOC entry 323 (OID 132394)
-- Name: excluded_recipient_id_seq; Type: SEQUENCE SET; Schema: public; Owner: matt
--

SELECT pg_catalog.setval ('excluded_recipient_id_seq', 1, false);


--
-- TOC entry 324 (OID 132419)
-- Name: active_campaign_groups_id_seq; Type: SEQUENCE SET; Schema: public; Owner: matt
--

SELECT pg_catalog.setval ('active_campaign_groups_id_seq', 1, false);


--
-- TOC entry 325 (OID 132433)
-- Name: scheduled_recipient_id_seq; Type: SEQUENCE SET; Schema: public; Owner: matt
--

SELECT pg_catalog.setval ('scheduled_recipient_id_seq', 1, false);


--
-- TOC entry 326 (OID 132452)
-- Name: lookup_survey_types_code_seq; Type: SEQUENCE SET; Schema: public; Owner: matt
--

SELECT pg_catalog.setval ('lookup_survey_types_code_seq', 4, true);


--
-- TOC entry 327 (OID 132462)
-- Name: survey_survey_id_seq; Type: SEQUENCE SET; Schema: public; Owner: matt
--

SELECT pg_catalog.setval ('survey_survey_id_seq', 1, false);


--
-- TOC entry 63 (OID 132496)
-- Name: survey_question_question_id_seq; Type: SEQUENCE SET; Schema: public; Owner: matt
--

SELECT pg_catalog.setval ('survey_question_question_id_seq', 1, false);


--
-- TOC entry 328 (OID 132513)
-- Name: survey_items_item_id_seq; Type: SEQUENCE SET; Schema: public; Owner: matt
--

SELECT pg_catalog.setval ('survey_items_item_id_seq', 1, false);


--
-- TOC entry 65 (OID 132525)
-- Name: active_survey_active_survey_seq; Type: SEQUENCE SET; Schema: public; Owner: matt
--

SELECT pg_catalog.setval ('active_survey_active_survey_seq', 1, false);


--
-- TOC entry 67 (OID 132555)
-- Name: active_survey_q_question_id_seq; Type: SEQUENCE SET; Schema: public; Owner: matt
--

SELECT pg_catalog.setval ('active_survey_q_question_id_seq', 1, false);


--
-- TOC entry 69 (OID 132580)
-- Name: active_survey_items_item_id_seq; Type: SEQUENCE SET; Schema: public; Owner: matt
--

SELECT pg_catalog.setval ('active_survey_items_item_id_seq', 1, false);


--
-- TOC entry 71 (OID 132592)
-- Name: active_survey_r_response_id_seq; Type: SEQUENCE SET; Schema: public; Owner: matt
--

SELECT pg_catalog.setval ('active_survey_r_response_id_seq', 1, false);


--
-- TOC entry 73 (OID 132605)
-- Name: active_survey_ans_answer_id_seq; Type: SEQUENCE SET; Schema: public; Owner: matt
--

SELECT pg_catalog.setval ('active_survey_ans_answer_id_seq', 1, false);


--
-- TOC entry 75 (OID 132624)
-- Name: active_survey_answer_ite_id_seq; Type: SEQUENCE SET; Schema: public; Owner: matt
--

SELECT pg_catalog.setval ('active_survey_answer_ite_id_seq', 1, false);


--
-- TOC entry 77 (OID 132642)
-- Name: active_survey_answer_avg_id_seq; Type: SEQUENCE SET; Schema: public; Owner: matt
--

SELECT pg_catalog.setval ('active_survey_answer_avg_id_seq', 1, false);


--
-- TOC entry 329 (OID 132658)
-- Name: field_types_id_seq; Type: SEQUENCE SET; Schema: public; Owner: matt
--

SELECT pg_catalog.setval ('field_types_id_seq', 18, true);


--
-- TOC entry 330 (OID 132667)
-- Name: search_fields_id_seq; Type: SEQUENCE SET; Schema: public; Owner: matt
--

SELECT pg_catalog.setval ('search_fields_id_seq', 11, true);


--
-- TOC entry 331 (OID 132677)
-- Name: message_id_seq; Type: SEQUENCE SET; Schema: public; Owner: matt
--

SELECT pg_catalog.setval ('message_id_seq', 1, false);


--
-- TOC entry 332 (OID 132702)
-- Name: message_template_id_seq; Type: SEQUENCE SET; Schema: public; Owner: matt
--

SELECT pg_catalog.setval ('message_template_id_seq', 1, false);


--
-- TOC entry 333 (OID 132776)
-- Name: help_module_module_id_seq; Type: SEQUENCE SET; Schema: public; Owner: matt
--

SELECT pg_catalog.setval ('help_module_module_id_seq', 1, false);


--
-- TOC entry 334 (OID 132790)
-- Name: help_contents_help_id_seq; Type: SEQUENCE SET; Schema: public; Owner: matt
--

SELECT pg_catalog.setval ('help_contents_help_id_seq', 311, true);


--
-- TOC entry 335 (OID 132831)
-- Name: help_tableof_contents_content_id_seq; Type: SEQUENCE SET; Schema: public; Owner: matt
--

SELECT pg_catalog.setval ('help_tableof_contents_content_id_seq', 97, true);


--
-- TOC entry 336 (OID 132865)
-- Name: help_tableofcontentitem_links_link_id_seq; Type: SEQUENCE SET; Schema: public; Owner: matt
--

SELECT pg_catalog.setval ('help_tableofcontentitem_links_link_id_seq', 87, true);


--
-- TOC entry 337 (OID 132891)
-- Name: lookup_help_features_code_seq; Type: SEQUENCE SET; Schema: public; Owner: matt
--

SELECT pg_catalog.setval ('lookup_help_features_code_seq', 1, false);


--
-- TOC entry 338 (OID 132904)
-- Name: help_features_feature_id_seq; Type: SEQUENCE SET; Schema: public; Owner: matt
--

SELECT pg_catalog.setval ('help_features_feature_id_seq', 547, true);


--
-- TOC entry 339 (OID 132938)
-- Name: help_related_links_relatedlink_id_seq; Type: SEQUENCE SET; Schema: public; Owner: matt
--

SELECT pg_catalog.setval ('help_related_links_relatedlink_id_seq', 1, false);


--
-- TOC entry 340 (OID 132964)
-- Name: help_faqs_faq_id_seq; Type: SEQUENCE SET; Schema: public; Owner: matt
--

SELECT pg_catalog.setval ('help_faqs_faq_id_seq', 1, false);


--
-- TOC entry 341 (OID 132993)
-- Name: help_business_rules_rule_id_seq; Type: SEQUENCE SET; Schema: public; Owner: matt
--

SELECT pg_catalog.setval ('help_business_rules_rule_id_seq', 5, true);


--
-- TOC entry 342 (OID 133022)
-- Name: help_notes_note_id_seq; Type: SEQUENCE SET; Schema: public; Owner: matt
--

SELECT pg_catalog.setval ('help_notes_note_id_seq', 1, false);


--
-- TOC entry 343 (OID 133051)
-- Name: help_tips_tip_id_seq; Type: SEQUENCE SET; Schema: public; Owner: matt
--

SELECT pg_catalog.setval ('help_tips_tip_id_seq', 2, true);


--
-- TOC entry 344 (OID 133076)
-- Name: sync_client_client_id_seq; Type: SEQUENCE SET; Schema: public; Owner: matt
--

SELECT pg_catalog.setval ('sync_client_client_id_seq', 1, false);


--
-- TOC entry 345 (OID 133085)
-- Name: sync_system_system_id_seq; Type: SEQUENCE SET; Schema: public; Owner: matt
--

SELECT pg_catalog.setval ('sync_system_system_id_seq', 5, true);


--
-- TOC entry 346 (OID 133093)
-- Name: sync_table_table_id_seq; Type: SEQUENCE SET; Schema: public; Owner: matt
--

SELECT pg_catalog.setval ('sync_table_table_id_seq', 199, true);


--
-- TOC entry 347 (OID 133134)
-- Name: sync_log_log_id_seq; Type: SEQUENCE SET; Schema: public; Owner: matt
--

SELECT pg_catalog.setval ('sync_log_log_id_seq', 1, false);


--
-- TOC entry 79 (OID 133150)
-- Name: sync_transact_transaction_i_seq; Type: SEQUENCE SET; Schema: public; Owner: matt
--

SELECT pg_catalog.setval ('sync_transact_transaction_i_seq', 1, false);


--
-- TOC entry 348 (OID 133164)
-- Name: process_log_process_id_seq; Type: SEQUENCE SET; Schema: public; Owner: matt
--

SELECT pg_catalog.setval ('process_log_process_id_seq', 1, false);


--
-- TOC entry 349 (OID 133387)
-- Name: autoguide_make_make_id_seq; Type: SEQUENCE SET; Schema: public; Owner: matt
--

SELECT pg_catalog.setval ('autoguide_make_make_id_seq', 1, false);


--
-- TOC entry 350 (OID 133396)
-- Name: autoguide_model_model_id_seq; Type: SEQUENCE SET; Schema: public; Owner: matt
--

SELECT pg_catalog.setval ('autoguide_model_model_id_seq', 1, false);


--
-- TOC entry 81 (OID 133409)
-- Name: autoguide_vehicl_vehicle_id_seq; Type: SEQUENCE SET; Schema: public; Owner: matt
--

SELECT pg_catalog.setval ('autoguide_vehicl_vehicle_id_seq', 1, false);


--
-- TOC entry 83 (OID 133426)
-- Name: autoguide_inve_inventory_id_seq; Type: SEQUENCE SET; Schema: public; Owner: matt
--

SELECT pg_catalog.setval ('autoguide_inve_inventory_id_seq', 1, false);


--
-- TOC entry 85 (OID 133445)
-- Name: autoguide_options_option_id_seq; Type: SEQUENCE SET; Schema: public; Owner: matt
--

SELECT pg_catalog.setval ('autoguide_options_option_id_seq', 30, true);


--
-- TOC entry 351 (OID 133464)
-- Name: autoguide_ad_run_ad_run_id_seq; Type: SEQUENCE SET; Schema: public; Owner: matt
--

SELECT pg_catalog.setval ('autoguide_ad_run_ad_run_id_seq', 1, false);


--
-- TOC entry 87 (OID 133479)
-- Name: autoguide_ad_run_types_code_seq; Type: SEQUENCE SET; Schema: public; Owner: matt
--

SELECT pg_catalog.setval ('autoguide_ad_run_types_code_seq', 3, true);


--
-- TOC entry 352 (OID 133524)
-- Name: lookup_revenue_types_code_seq; Type: SEQUENCE SET; Schema: public; Owner: matt
--

SELECT pg_catalog.setval ('lookup_revenue_types_code_seq', 1, true);


--
-- TOC entry 89 (OID 133534)
-- Name: lookup_revenuedetail_t_code_seq; Type: SEQUENCE SET; Schema: public; Owner: matt
--

SELECT pg_catalog.setval ('lookup_revenuedetail_t_code_seq', 1, false);


--
-- TOC entry 353 (OID 133544)
-- Name: revenue_id_seq; Type: SEQUENCE SET; Schema: public; Owner: matt
--

SELECT pg_catalog.setval ('revenue_id_seq', 1, false);


--
-- TOC entry 354 (OID 133577)
-- Name: revenue_detail_id_seq; Type: SEQUENCE SET; Schema: public; Owner: matt
--

SELECT pg_catalog.setval ('revenue_detail_id_seq', 1, false);


--
-- TOC entry 355 (OID 133608)
-- Name: lookup_task_priority_code_seq; Type: SEQUENCE SET; Schema: public; Owner: matt
--

SELECT pg_catalog.setval ('lookup_task_priority_code_seq', 5, true);


--
-- TOC entry 356 (OID 133618)
-- Name: lookup_task_loe_code_seq; Type: SEQUENCE SET; Schema: public; Owner: matt
--

SELECT pg_catalog.setval ('lookup_task_loe_code_seq', 5, true);


--
-- TOC entry 357 (OID 133628)
-- Name: lookup_task_category_code_seq; Type: SEQUENCE SET; Schema: public; Owner: matt
--

SELECT pg_catalog.setval ('lookup_task_category_code_seq', 1, false);


--
-- TOC entry 358 (OID 133638)
-- Name: task_task_id_seq; Type: SEQUENCE SET; Schema: public; Owner: matt
--

SELECT pg_catalog.setval ('task_task_id_seq', 1, false);


--
-- TOC entry 91 (OID 133727)
-- Name: business_process_com_lb_id_seq; Type: SEQUENCE SET; Schema: public; Owner: matt
--

SELECT pg_catalog.setval ('business_process_com_lb_id_seq', 7, true);


--
-- TOC entry 93 (OID 133738)
-- Name: business_process_comp_re_id_seq; Type: SEQUENCE SET; Schema: public; Owner: matt
--

SELECT pg_catalog.setval ('business_process_comp_re_id_seq', 3, true);


--
-- TOC entry 95 (OID 133751)
-- Name: business_process_pa_lib_id_seq; Type: SEQUENCE SET; Schema: public; Owner: matt
--

SELECT pg_catalog.setval ('business_process_pa_lib_id_seq', 23, true);


--
-- TOC entry 359 (OID 133762)
-- Name: business_process_process_id_seq; Type: SEQUENCE SET; Schema: public; Owner: matt
--

SELECT pg_catalog.setval ('business_process_process_id_seq', 2, true);


--
-- TOC entry 97 (OID 133780)
-- Name: business_process_compone_id_seq; Type: SEQUENCE SET; Schema: public; Owner: matt
--

SELECT pg_catalog.setval ('business_process_compone_id_seq', 8, true);


--
-- TOC entry 99 (OID 133800)
-- Name: business_process_param_id_seq; Type: SEQUENCE SET; Schema: public; Owner: matt
--

SELECT pg_catalog.setval ('business_process_param_id_seq', 1, false);


--
-- TOC entry 101 (OID 133815)
-- Name: business_process_comp_pa_id_seq; Type: SEQUENCE SET; Schema: public; Owner: matt
--

SELECT pg_catalog.setval ('business_process_comp_pa_id_seq', 23, true);


--
-- TOC entry 103 (OID 133834)
-- Name: business_process_e_event_id_seq; Type: SEQUENCE SET; Schema: public; Owner: matt
--

SELECT pg_catalog.setval ('business_process_e_event_id_seq', 1, false);


--
-- TOC entry 105 (OID 133862)
-- Name: business_process_hl_hook_id_seq; Type: SEQUENCE SET; Schema: public; Owner: matt
--

SELECT pg_catalog.setval ('business_process_hl_hook_id_seq', 1, true);


--
-- TOC entry 107 (OID 133874)
-- Name: business_process_ho_trig_id_seq; Type: SEQUENCE SET; Schema: public; Owner: matt
--

SELECT pg_catalog.setval ('business_process_ho_trig_id_seq', 2, true);


--
-- TOC entry 109 (OID 133886)
-- Name: business_process_ho_hook_id_seq; Type: SEQUENCE SET; Schema: public; Owner: matt
--

SELECT pg_catalog.setval ('business_process_ho_hook_id_seq', 2, true);

COMMIT;
